id,year,rule_decision,title,abstract,reviewer_decision (eligible/excluded),reviewer_reason
39156762,2024,excluded_i_no_spacetime_structure,Spatiotemporal Disentanglement of Arteriovenous Malformations in Digital Subtraction Angiography.,"Although Digital Subtraction Angiography (DSA) is the most important imaging for visualizing cerebrovascular anatomy, its interpretation by clinicians remains difficult. This is particularly true when treating arteriovenous malformations (AVMs), where entangled vasculature connecting arteries and veins needs to be carefully identified. The presented method aims to enhance DSA image series by highlighting critical information via automatic classification of vessels using a combination of two learning models: An unsupervised machine learning method based on Independent Component Analysis that decomposes the phases of flow and a convolutional neural network that automatically delineates the vessels in image space. The proposed method was tested on clinical DSA images series and demonstrated efficient differentiation between arteries and veins that provides a viable solution to enhance visualizations for clinical use.",,
42318583,2026,excluded_ii_not_human_health,Attention integrated deep learning models for interpretable multi-class IoT intrusion detection using SHAP.,"The rapid growth of the Internet of Things (IoT) has increased the size, complexity, and vulnerability of network traffic, making intrusion detection a critical factor of modern cybersecurity. Traditional intrusion-detection systems (IDSs) analyze handcrafted features and rules to detect emerging attack patterns. To address these limitations, deep learning frameworks, such as attention-enhanced one-dimensional (1D) Convolutional Neural Network (CNN), Long Short-Term Memory (LSTM), and Gated Recurrent Unit (GRU), are analyzed for accurate and efficient multi-class attack detection. The proposed attention-enhanced 1D convolutional layers extract discriminative spatial features while focusing on the most relevant patterns within the network flow. The LSTM and GRU architectures analyzed long-range temporal dependencies present in sequential traffic data, enabling robust identification of subtle anomalies. The model was evaluated on two datasets: Hacking and Countermeasure Research Lab (HCRL) and the Kitsune IoT datasets, which represent diverse real-world benign and malicious traffic conditions. Experimental results demonstrate that the attention-enhanced 1D CNN achieved the highest performance of 98 and 87% on the Kitsune and HCRL datasets, respectively. SHapley Additive exPlanations (SHAP) based interpretability analysis shows how individual features contribute to predictions, highlighting the most significant features driving intrusion-detection decisions. The results confirm that incorporating attention mechanisms significantly enhances the discriminative capability, enabling more reliable classification of complex IoT attack types. The proposed approach effectively addresses key challenges in IoT intrusion detection by combining spatial and temporal deep learning components for deployment in intelligent real-time IoT network security systems.",,
40248641,2025,excluded_ii_not_human_health,Multi-Source Data and Knowledge Fusion via Deep Learning for Dynamical Systems: Applications to Spatiotemporal Cardiac Modeling.,"Advanced sensing and imaging provide unprecedented opportunities to collect data from diverse sources for increasing information visibility in spatiotemporal dynamical systems. Furthermore, the fundamental physics of the dynamical system is commonly elucidated through a set of partial differential equations (PDEs), which plays a critical role in delineating the manner in which the sensing signals can be modeled. Reliable predictive modeling of such spatiotemporal dynamical systems calls upon the effective fusion of fundamental physics knowledge and multi-source sensing data. This paper proposes a multi-source data and knowledge fusion framework via deep learning for dynamical systems with applications to spatiotemporal cardiac modeling. This framework not only achieves effective data fusion through capturing the physics-based information flow between different domains, but also incorporates the geometric information of a 3D system through a graph Laplacian for robust spatiotemporal predictive modeling. We implement the proposed framework to model cardiac electrodynamics under both healthy and diseased heart conditions. Numerical experiments demonstrate the superior performance of our framework compared with traditional approaches that lack the capability for effective data fusion or geometric information incorporation.",,
41792743,2026,excluded_iii_no_quantitative_comparison,The feasibility of using deep learning technologies to preliminarily identify patients with advanced knee osteoarthritis via smartphone videos.,"INTRODUCTION: Knee osteoarthritis (KOA) is a prevalent condition that often leads to a decline in patients’ physical function. Many patients with KOA struggle to discern whether the decline in their physical function results from natural physical deconditioning or the disease itself. Assessment of physical function holds promise as a potential method for identifying patients with advanced KOA. We developed and validated a simple at-home artificial intelligence method for identifying patients with advanced KOA. METHODS: 357 participants independently recorded videos of sit-to-stand test and gait. By employing AlphaPose and VideoPose algorithms, we extracted three-dimensional spatiotemporal information from the videos. Subsequently, we employed the discrete wavelet transform (DWT) to analyze the data qualitatively and constructed time series models to identify patients with KOA. RESULTS: We extracted time series data directly collected by the participants. The analysis of spatiotemporal information revealed that the primary differences between patients with advanced KOA and individuals with declining physical function were in the overall movement patterns. Using the STS spatiotemporal information and demographic characteristics to construct the model, we achieved optimal performance with an AUC of 0.981 (95% CI 0.977–0.985). CONCLUSIONS: Our low-cost, user-friendly method effectively captures spatiotemporal information differences between patients with advanced KOA and those with declining physical function by smartphones and demonstrates high performance in distinguishing between these two populations. These findings provide compelling evidence for the feasibility of our low-cost, user-friendly method for large-scale initial screening of advanced KOA in targeted populations.",,
42215522,2026,eligible,Leveraging large language models for gastrointestinal injury detection in athletes: a medical image analysis approach.,"Injury detection and rehabilitation monitoring are critical components of sports medicine, particularly for gastrointestinal injuries that can impact athletic performance and health. Traditional approaches to injury assessment rely on manual medical imaging analysis and subjective clinical evaluations, which are often time-consuming, labor-intensive, and prone to interobserver variability. Recent advancements in artificial intelligence (AI), particularly large language models (LLMs) and deep learning techniques, offer new opportunities for enhancing medical image interpretation, predictive modeling, and real-time injury assessment. This study presents a novel AI-driven framework that integrates multimodal sports medicine data-including biomechanical signals, medical imaging, physiological indicators, and athlete performance metrics-to enhance the detection and management of gastrointestinal injuries in athletes. Our approach consists of a Biomechanical-Aware Neural Network (BANNet) for injury prediction and an Adaptive Rehabilitation and Performance Optimization Strategy (ARPOS) for personalized recovery interventions. BANNet employs hierarchical deep learning architectures to extract spatial-temporal patterns from diverse data sources, improving early injury detection and classification accuracy. ARPOS utilizes reinforcement learning, real-time sensor feedback, and individualized training adaptations to dynamically adjust rehabilitation protocols, optimizing recovery outcomes and minimizing reinjury risks. Experimental results demonstrate that our proposed framework significantly outperforms conventional methods in injury classification accuracy, rehabilitation efficiency, and clinical decision support. These findings highlight the potential of AI-powered systems in sports medicine, providing a scalable, interpretable, and data-driven solution for gastrointestinal injury detection, athlete performance optimization, and long-term health management.",,
40810848,2025,eligible,A novel hybrid convolutional and recurrent neural network model for automatic pituitary adenoma classification using dynamic contrast-enhanced MRI.,"Pituitary adenomas, ranging from subtle microadenomas to mass-effect macroadenomas, pose diagnostic challenges for radiologists due to increasing scan volumes and the complexity of dynamic contrast-enhanced MRI interpretation. A hybrid CNN-LSTM model was trained and validated on a multi-center dataset of 2,163 samples from Tehran and Babolsar, Iran. Transfer learning and preprocessing techniques (e.g., Wiener filters) were utilized to improve classification performance for microadenomas (< 10 mm) and macroadenomas (> 10 mm). The model achieved 90.5% accuracy, an area under the receiver operating characteristic curve (AUROC) of 0.92, and 89.6% sensitivity (93.5% for microadenomas, 88.3% for macroadenomas), outperforming standard CNNs by 5-18% across metrics. With a processing time of 0.17 s per scan, the model demonstrated robustness to variations in imaging conditions, including scanner differences and contrast variations, excelling in real-time detection and differentiation of adenoma subtypes. This dual-path approach, the first to synergize spatial and temporal MRI features for pituitary diagnostics, offers high precision and efficiency. Supported by comparisons with existing models, it provides a scalable, reproducible tool to improve patient outcomes, with potential adaptability to broader neuroimaging challenges.",,
35274791,2022,excluded_iii_no_quantitative_comparison,Statelets: Capturing recurrent transient variations in dynamic functional network connectivity.,"Dynamic functional network connectivity (dFNC) analysis is a widely used approach for capturing brain activation patterns, connectivity states, and network organization. However, a typical sliding window plus clustering (SWC) approach for analyzing dFNC models the system through a fixed sequence of connectivity states. SWC assumes connectivity patterns span throughout the brain, but they are relatively spatially constrained and temporally short-lived in practice. Thus, SWC is neither designed to capture transient dynamic changes nor heterogeneity across subjects/time. We propose a state-space time series summarization framework called ""statelets"" to address these shortcomings. It models functional connectivity dynamics at fine-grained timescales, adapting time series motifs to changes in connectivity strength, and constructs a concise yet informative representation of the original data that conveys easily comprehensible information about the phenotypes. We leverage the earth mover distance in a nonstandard way to handle scale differences and utilize kernel density estimation to build a probability density profile for local motifs. We apply the framework to study dFNC of patients with schizophrenia (SZ) and healthy control (HC). Results demonstrate SZ subjects exhibit reduced modularity in their brain network organization relative to HC. Statelets in the HC group show an increased recurrence across the dFNC time-course compared to the SZ. Analyzing the consistency of the connections across time reveals significant differences within visual, sensorimotor, and default mode regions where HC subjects show higher consistency than SZ. The introduced approach also enables handling dynamic information in cross-modal and multimodal applications to study healthy and disordered brains.",,
36303270,2023,eligible,Seq2Morph: A deep learning deformable image registration algorithm for longitudinal imaging studies and adaptive radiotherapy.,"To simultaneously register all the longitudinal images acquired in a radiotherapy course for analyzing patients' anatomy changes for adaptive radiotherapy (ART). To address the unique needs of ART, we designed Seq2Morph, a novel deep learning-based deformable image registration (DIR) network. Seq2Morph was built upon VoxelMorph which is a general-purpose framework for learning-based image registration. The major upgrades are (1) expansion of inputs to all weekly cone-beam computed tomography (CBCTs) acquired for monitoring treatment responses throughout a radiotherapy course, for registration to their planning CT; (2) incorporation of 3D convolutional long short-term memory between the encoder and decoder of VoxelMorph, to parse the temporal patterns of anatomical changes; and (3) addition of bidirectional pathways to calculate and minimize inverse consistency errors (ICEs). Longitudinal image sets from 50 patients, including a planning CT and 6 weekly CBCTs per patient, were utilized for network training and cross-validation. The outputs were deformation vector fields for all the registration pairs. The loss function was composed of a normalized cross-correlation for image intensity similarity, a DICE for contour similarity, an ICE, and a deformation regularization term. For performance evaluation, DICE and Hausdorff distance (HD) for the manual versus predicted contours of tumor and esophagus on weekly basis were quantified and further compared with other state-of-the-art algorithms, including conventional VoxelMorph and large deformation diffeomorphic metric mapping (LDDMM). Visualization of the hidden states of Seq2Morph revealed distinct spatiotemporal anatomy change patterns. Quantitatively, Seq2Morph performed similarly to LDDMM, but significantly outperformed VoxelMorph as measured by GTV DICE: (0.799±0.078, 0.798±0.081, and 0.773±0.078), and 50% HD (mm): (0.80±0.57, 0.88±0.66, and 0.95±0.60). The per-patient inference of Seq2Morph took 22 s, much less than LDDMM (∼30 min). Seq2Morph can provide accurate and fast DIR for longitudinal image studies by exploiting spatial-temporal patterns. It closely matches the clinical workflow and has the potential to serve both online and offline ART.",,
40281992,2025,excluded_ii_not_human_health,A Lightweight Pig Aggressive Behavior Recognition Model by Effective Integration of Spatio-Temporal Features.,"With the rise of smart agriculture and the expansion of pig farming, pig aggressive behavior recognition is crucial for maintaining herd health and improving farming efficiency. The differences in background and light variation in different barns can lead to the missed detection and false detection of pig aggressive behaviors. Therefore, we propose a deep learning-based pig aggressive behavior recognition model, in order to improve the adaptability of the model in complex pig environments. This model, combined with MobileNetV2 and Autoformer, can effectively extract local detail features of pig aggression and temporal correlation information of video frame sequences. Both Convolutional Block Attention Module (CBAM) and Advanced Filtering Feature Fusion Pyramid Network (HS-FPN) are integrated into the lightweight convolutional network MobileNetV2, which can more accurately capture key visual features of pig aggression and enhance the ability to detect small targets. We extract temporal correlation information between consecutive frames by the improved Autoformer. The Gate Attention Unit (GAU) is embedded into the Autoformer encoder in order to focus on important features of pig aggression while reducing computational latency. Experimental validation was implemented on public datasets, and the results showed that the classification recall, precision, accuracy, and F1-score of the model proposed in this paper reach 98.08%, 94.44%, 96.23%, and 96.23%, and the parameter quantity is optimized to 10.41 M. Compared with MobileNetV2-LSTM and MobileNetV2-GRU, the accuracy has been improved by 3.5% and 3.0%, respectively. Therefore, this model achieves a balance between recognition accuracy and computational complexity and is more suitable for automatic pig aggression recognition in practical farming scenarios, providing data support for scientific feeding and management strategies in pig farming.",,
36812631,2022,excluded_iii_no_quantitative_comparison,Spatio-temporal based deep learning for rapid detection and identification of bacterial colonies through lens-free microscopy time-lapses.,"Detection and identification of pathogenic bacteria isolated from biological samples (blood, urine, sputum, etc.) are crucial steps in accelerated clinical diagnosis. However, accurate and rapid identification remain difficult to achieve due to the challenge of having to analyse complex and large samples. Current solutions (mass spectrometry, automated biochemical testing, etc.) propose a trade-off between time and accuracy, achieving satisfactory results at the expense of time-consuming processes, which can also be intrusive, destructive and costly. Moreover, those techniques tend to require an overnight subculture on solid agar medium delaying bacteria identification by 12-48 hours, thus preventing rapid prescription of appropriate treatment as it hinders antibiotic susceptibility testing. In this study, lens-free imaging is presented as a possible solution to achieve a quick and accurate wide range, non-destructive, label-free pathogenic bacteria detection and identification in real-time using micro colonies (10-500 μm) kinetic growth pattern combined with a two-stage deep learning architecture. Bacterial colonies growth time-lapses were acquired thanks to a live-cell lens-free imaging system and a thin-layer agar media made of 20 μl BHI (Brain Heart Infusion) to train our deep learning networks. Our architecture proposal achieved interesting results on a dataset constituted of seven different pathogenic bacteria-Staphylococcus aureus (S. aureus), Enterococcus faecium (E. faecium), Enterococcus faecalis (E. faecalis), Staphylococcus epidermidis (S. epidermidis), Streptococcus pneumoniae R6 (S. pneumoniae), Streptococcus pyogenes (S. pyogenes), Lactococcus Lactis (L. Lactis). At T = 8h, our detection network reached an average 96.0% detection rate while our classification network precision and sensitivity averaged around 93.1% and 94.0% respectively, both were tested on 1908 colonies. Our classification network even obtained a perfect score for E. faecalis (60 colonies) and very high score for S. epidermidis at 99.7% (647 colonies). Our method achieved those results thanks to a novel technique coupling convolutional and recurrent neural networks together to extract spatio-temporal patterns from unreconstructed lens-free microscopy time-lapses.",,
36919485,2024,eligible,Affect and stress detection based on feature fusion of LSTM and 1DCNN.,"The impact of emotions on health, especially stress, is receiving increasing attention. It is important to provide a non-invasive affect detection system that can be continuously monitored for a long period of time. Multi-sensor fusion strategies can better improve the performance of affect detection models, but there are also problems such as insufficient feature extraction and poor spatiotemporal feature fusion. Therefore, this study proposes a feature-level fusion method based on long short-term memory and one-dimensional convolutional neural network to extract temporal and spatial features of electrocardiogram, electromyogram, electrical activity, temperature, accelerator and response data, respectively, and then fuse them in a summation fashion for affect and stress detection. In particular, we added the tanh activation function before feature fusion, which can improve the model's performance. We used the wearable affect and stress detection dataset to train the model, which includes three different emotion states (neutral, stress, and amusement) for three-class emotion classification with accuracy and F1-scores of 87.82% and 86.68%, respectively. Due to the importance of stress, we also studied binary classification for stress detection, where neutral and amusement were combined as non-stress, with accuracy and F1-scores of 94.9% and 94.98%, respectively. The performance of the proposed model outperforms other control models and can effectively improve the performance of affect and stress detection, and promote medical care, health care and elderly care.",,
41890993,2026,excluded_iii_no_quantitative_comparison,Opioid Overdose Death Prediction with Graph Neural Networks.,"The opioid crisis has severely impacted Ohio, with overdose death rates surpassing national averages and disproportionately affecting rural and Appalachian regions. Accurately predicting county-level opioid overdose (OD) deaths is critical for timely intervention but remains challenging due to the wide differences in opioid OD deaths between large and small counties. We propose a Spatial-Temporal Graph Neural Network (ST-GNN) framework that integrates graph neural networks (GNNs) to capture spatial relationships between counties and Long Short-Term Memory (LSTM) networks to model temporal dynamics. Using quarterly OD death data from Q1 2017 to Q2 2023 for 88 Ohio counties, we incorporate a nine-dimensional dynamic feature set, including naloxone administration events and high-risk opioid prescribing, along with a static Social Determinants of Health (SDoH) index. Compared to traditional statistical models and temporal deep learning baselines, our ST-GNN demonstrates superior performance, particularly in larger counties, while a classification-based strategy improves predictions for small counties, leading to more stable and reliable results. Our findings emphasize the need for spatial-temporal modeling and customized training to enhance public health decision-making in addressing the opioid crisis.",,
35969555,2023,eligible,HA-ResNet: Residual Neural Network With Hidden Attention for ECG Arrhythmia Detection Using Two-Dimensional Signal.,"Arrhythmia is an abnormal heart rhythm, a common clinical problem in cardiology. Long-term or severe arrhythmia may lead to stroke and sudden cardiac death. The electrocardiogram (ECG) is the most commonly used tool to diagnose arrhythmia. However, the traditional diagnosis relies on experts for manual interpretation, which is time-consuming and laborious. In recent years, many automatic arrhythmia detection methods have emerged due to advancements in deep learning. These methods can reduce manual intervention and improve diagnostic efficiency. However, extracting useful features from raw ECG signals for arrhythmia detection is still challenging due to the low frequency of ECG signals and noise distribution. In this paper, we propose a novel hidden attention residual network (HA-ResNet) for automated arrhythmia classification. In this model, the one-dimensional ECG signals are first converted into two-dimensional images and fed into an embedding layer to obtain the relevant shallow features in ECG. Then, a hidden attention layer combining Squeeze-and-Excitation (SE) block and Bidirectional Convolutional LSTM (BConvLSTM) is used to further capture the deep Spatio-temporal features. We evaluate our HA-ResNet on two public datasets and achieve F1 scores of 96.0%, 96.7%, and 87.6% on 2s segments, 5s segments, and 10s segments, respectively, which significantly outperform the existing state-of-the-art approaches. The experimental results demonstrate the effectiveness and generalization of our method.",,
38029622,2023,excluded_i_no_spacetime_structure,Large-scale spatiotemporal deep learning predicting urban residential indoor PM2.5 concentration.,"Indoor PM2.5 pollution is one of the leading causes of death and disease worldwide. As monitoring indoor PM2.5 concentrations on a large scale is challenging, it is urgent to assess population-level exposure and related health risks to develop an easy-to-use and generalized model to predict indoor PM2.5 concentrations and spatiotemporal variations at the global level. Existing machine learning models of indoor PM2.5 are prone to deliver single-point predictions, and their input strategies are not widely applicable. Here, we developed a Bayesian neural network (BNN) model for predicting the distribution of daily average urban residential PM2.5 concentration based on multiple data sources available from nationwide comprehensive sensor-monitoring records in China. The BNN model showed good performance with a 10-fold cross-validation R2 of 0.70, mean-absolute-error of 9.45 μg/m3, root-mean-square error of 13.3 μg/m3, and 95 % prediction interval coverage of 85 %. To demonstrate the application process, this model was applied to predict indoor PM2.5 concentrations on a large spatiotemporal scale. Our modeled population-weighted annual indoor PM2.5 concentration for China in 2019 was 22.8 μg/m3, far exceeding the WHO standard. The validity of the model at the population level can be further bolstered, making it valuable for assessing and managing indoor air pollution-related health risks.",,
41899841,2026,eligible,MyoNet: Deep Learning-Based Myocardial Strain Quantification from Cine Cardiac MRI.,"To develop and assess MyoNet, a deep learning (DL)-based network for measuring myocardial regional function from cine cardiac magnetic resonance (CMR) images, and compare its efficacy with ResMyoNet as an efficient alternative to SinMod-derived reference. MyoNet was tested alongside ResMyoNet on datasets from Dahl salt-sensitive rat models undergoing radiation therapy (RT). Both networks were designed to extract displacement maps from cine images, were specifically optimized for detailed myocardial deformation, employed advanced convolution operations with alternating kernel sizes for spatial and temporal analysis, and robust loss functions. MyoNet demonstrated superior performance in myocardial strain measurement, achieving high consistency with the SinMod-derived reference strains. It outperformed ResMyoNet, achieving higher performance metrics, including SSIM of 0.961 and 0.960, ICC of 0.973 and 0.975, and Pearson CC of 0.973 and 0.953 for circumferential (Ecc) and radial (Err) strains, respectively. Its accuracy and efficiency in generating strain measurements were validated through comprehensive statistical analyses. MyoNet offers a significant advancement in myocardial strain analysis from cine CMR images, potentially revolutionizing cardiac imaging in pre-clinical studies. Its ability to provide detailed and reliable measurements positions it as a valuable tool for clinical applications, particularly in monitoring the cardiac health of cancer patients.",,
34045545,2021,excluded_ii_not_human_health,"Space-time characterization of community noise and sound sources in Accra, Ghana.","Urban noise pollution is an emerging public health concern in growing cities in sub-Saharan Africa (SSA), but the sound environment in SSA cities is understudied. We leveraged a large-scale measurement campaign to characterize the spatial and temporal patterns of measured sound levels and sound sources in Accra, Ghana. We measured sound levels and recorded audio clips at 146 representative locations, involving 7-days (136 locations) and 1-year measurements between 2019 and 2020. We calculated metrics of noise levels and intermittency and analyzed audio recordings using a pre-trained neural network to identify sources. Commercial, business, and industrial areas and areas near major roads had the highest median daily sound levels (LAeq24hr: 69 dBA and 72 dBA) and the lowest percentage of intermittent sound; the vice-versa was found for peri urban areas. Road-transport sounds dominated the overall sound environment but mixtures of other sound sources, including animals, human speech, and outdoor music, dominated in various locations and at different times. Environmental noise levels in Accra exceeded both international and national health-based guidelines. Detailed information on the acoustical environmental quality (including sound levels and types) in Accra may guide environmental policy formulation and evaluation to improve the health of urban residents.",,
40039972,2024,excluded_iii_no_quantitative_comparison,EEG-GMACN: Interpretable EEG Graph Mutual Attention Convolutional Network.,"Electroencephalogram (EEG) is a valuable technique to record brain electrical activity through electrodes placed on the scalp. Analyzing EEG signals contributes to the understanding of neurological conditions and developing brain-computer interface. Graph Signal Processing (GSP) has emerged as a promising method for EEG spatial-temporal analysis, by further considering the topological relationships between electrodes. However, existing GSP studies lack interpretability of electrode importance and the credibility of prediction confidence. This work proposes an EEG Graph Mutual Attention Convolutional Network (EEG-GMACN), by introducing an 'Inverse Graph Weight Module' to output interpretable electrode graph weights, enhancing the clinical credibility and interpretability of EEG classification results. Additionally, we incorporate a mutual attention mechanism module into the model to improve its capability to distinguish critical electrodes and introduce credibility calibration to assess the uncertainty of prediction results. This study enhances the transparency and effectiveness of EEG analysis, paving the way for its widespread use in clinical and neuroscience research.",,
42407006,2026,eligible,Multimodal Spatiotemporal Signature Integrating Pathomics and Longitudinal Magnetic Resonance Imaging Predicts Response to Neoadjuvant Therapy and Prognosis in Rectal Cancer.,"The purpose of this study was to accurately identify patients with locally advanced rectal cancer (LARC) who are likely to achieve pathologic complete response (pCR) after neoadjuvant therapy (NAT). This study develops a Multimodal Spatiotemporal Attentive Fusion Network (MSTAF-Net) to predict pCR and derives a Multimodal Spatiotemporal Signature (MSTAF-MSS) for disease-free survival (DFS) and explored its association with immune-related transcriptomic features. This retrospective multicenter study included 642 patients with LARC. Longitudinal multiparametric magnetic resonance imaging (MRI) acquired before and after NAT and pretreatment hematoxylin and eosin-stained whole-slide images were collected. A dual-stream MSTAF-Net was designed to integrate longitudinal MRI features and pathomics features. Model performance was evaluated using receiver operating characteristic curves and survival analysis. Transcriptomic analyses were conducted to investigate the biologic correlates of the MSTAF-MSS and its association with immune-related transcriptomic features. The multimodal transformer fusion model achieved AUC values of 0.894 (95% CI, 0.847 to 0.942) in the internal validation cohort and 0.865 (95% CI, 0.786 to 0.943) in the external validation cohort, outperforming single-modality model. The MSTAF-MSS enabled effective risk stratification, with low-risk patients showing significantly longer DFS than high-risk patients (log-rank P < .05). Cox regression analyses identified MSTAF-MSS as an independent predictor of DFS in multivariate models (hazard ratio, 0.31 [95% CI, 0.13 to 0.73], P = .007). Distinct patterns of immune cell infiltration were observed between MSTAF-MSS-defined groups. The proposed MSTAF-Net integrates pathomics and longitudinal multiparametric MRI to capture spatial heterogeneity and treatment-related temporal dynamics of tumors. It demonstrates robust performance in predicting response to NAT and enables prognostic risk stratification. Furthermore, transcriptomic analysis supports potential biologic relevance of the model in associations with immune-related tumor biology.",,
40078150,2025,excluded_i_no_spacetime_structure,Quantification of total uncertainty in the physics-informed reconstruction of CVSim-6 physiology.,"When predicting physical phenomena through simulation, quantification of the total uncertainty due to multiple sources is as crucial as making sure the underlying numerical model is accurate. Possible sources include irreducible aleatoric uncertainty due to noise in the data, epistemic uncertainty induced by insufficient data or inadequate parameterization and model-form uncertainty related to the use of misspecified model equations. In addition, recently proposed approaches provide flexible ways to combine information from data with full or partial satisfaction of equations that typically encode physical principles. Physics-based regularization interacts in non-trivial ways with aleatoric, epistemic and model-form uncertainty and their combination, and a better understanding of this interaction is needed to improve the predictive performance of physics-informed digital twins that operate under real conditions. To better understand this interaction, with a specific focus on biological and physiological models, this study investigates the decomposition of total uncertainty in the estimation of states and parameters of a differential system simulated with MC X-TFC, a new physics-informed approach for uncertainty quantification based on random projections and Monte Carlo sampling. After an introductory comparison between approaches for physics-informed estimation, MC X-TFC is applied to a six-compartment stiff ODE system, the CVSim-6 model, developed in the context of human physiology. The system is first analysed by progressively removing data while estimating an increasing number of parameters, and subsequently by investigating total uncertainty under model-form misspecification of nonlinear resistance in the pulmonary compartment. In particular, we focus on the interaction between the formulation of the discrepancy term and quantification of model-form uncertainty, and show how additional physics can help in the estimation process. The method demonstrates robustness and efficiency in estimating unknown states and parameters, even with limited, sparse and noisy data. It also offers great flexibility in integrating data with physics for improved estimation, even in cases of model misspecification.This article is part of the theme issue 'Uncertainty quantification for healthcare and biological systems (Part 1)'.",,
40058116,2025,excluded_ii_not_human_health,A damage identification method for aviation structure integrating Lamb wave and deep learning with multi-dimensional feature fusion.,"With the development of aerospace industry, a more suitable structural health monitoring (SHM) method is urgently needed to solve the problem of multi-dimensional extraction and effective utilization of damage information involved in complex aviation structural sensing signals. This paper proposes a method for identifying damage in aviation structures integrating Lamb wave and deep learning with multi-dimensional feature fusion, which can effectively locate and quantify the damage in aviation structure. Firstly, the Lamb wave signal is excited and received in the real aircraft cutting section. The collected signal is processed in one-dimensional (1D) by extracting the damage index, and two-dimensional (2D) by transforming it into the Gramian angular field (GAF), respectively. Then a deep learning model with multi-dimensional feature fusion is established, which includes two neural network branches, namely 1D branch network and 2D branch network. Among them, 1D branch network includes multi-scale convolution Inception-v1 module and Bi-directional long short-term memory (BiLSTM) layer, and 2D branch network includes continuous convolution module and BiLSTM layer. The extracted 1D and 2D damage information is fused and learned to further enhance its spatial and temporal representation ability. Finally, the transfer research across geometric sensor arrays is attempted. The test results show that this method effectively locate and quantify the single-source offset damage and multi-source cumulative damage in the aircraft cutting section. Moreover, the model after transfer learning can realize damage identification on different sensor arrays with less training samples and less time, which proves that this method has significant advantages in the accuracy and robustness of damage identification.",,
33048671,2021,excluded_iii_no_quantitative_comparison,Image-Guided Tethering Spine Surgery With Outcome Prediction Using Spatio-Temporal Dynamic Networks.,"Recent fusionless surgical techniques for corrective spine surgery such as Anterior Vertebral Body Growth Modulation (AVBGM) allow to treat mild to severe spinal deformations by tethering vertebral bodies together, helping to preserve lower back flexibility. Forecasting the outcome of AVBGM from skeletally immature patients remains elusive with several factors involved in corrective vertebral tethering, but could help orthopaedic surgeons plan and tailor AVBGM procedures prior to surgery. We introduce an intra-operative framework forecasting the outcomes during AVBGM surgery in scoliosis patients. The method is based on spatial-temporal corrective networks, which learns the similarity in segmental corrections between patients and integrates a long-term shifting mechanism designed to cope with timing differences in onset to surgery dates, between patients in the training set. The model captures dynamic geometric dependencies in scoliosis patients, ensuring long-term dependency with temporal dynamics in curve evolution and integrated features from inter-vertebral disks extracted from T2-w MRI. The loss function of the network introduces a regularization term based on learned group-average piecewise-geodesic path to ensure the generated corrective transformations are coherent with regards to the observed evolution of spine corrections at follow-up exams. The network was trained on 695 3D spine models and tested on 72 operative patients using a set of 3D spine reconstructions as inputs. The spatio-temporal network predicted outputs with errors of 1.8 ± 0.8mm in 3D anatomical landmarks, yielding geometries similar to ground-truth spine reconstructions obtained at one and two year follow-ups and with significant improvements to comparative deep learning and biomechanical models.",,
38048709,2024,excluded_ii_not_human_health,"Characterizing the spatio-temporal distribution, detection, and prediction of aerosol atmospheric rivers on a global scale.","Aerosol Atmospheric Rivers (AARs) are elongated and narrow regions that carry high concentrations of aerosols (tiny particles suspended in the atmosphere) across large distances, exerting effects on both air quality and human health (Chakraborty et al., 2021, 2022). Monitoring and modeling these aerosols present distinct challenges due to their dynamic nature and complex interactions within the atmosphere. In this context, the present study detects and predicts the AARs using MERRA-2 reanalysis datasets with their seasonal climatology of key aerosol species, including Black Carbon (BC), Dust (DU), Organic Carbon (OC), Sea Salt (SS), and Sulphates (SU). The study employs an innovative Integrated Aerosol Transport (IAT) based AAR algorithm from 2015 to 2022. A total count of 44,020 BC AARs, 13,280 DU AARs, 21,599 OC AARs, 17,925 SS AARs, and 31,437 SU AARs were detected globally. The seasonal climatology of BC and OC AARs intensifies in areas such as the Amazon rainforest and Congo during AMJJAS (April-September) due to forest fires. Similarly, DU AARs are more frequent in regions near the Saharan desert, primarily around the equator during AMJJAS. SS AARs tend to predominate over the oceans, while SU AARs are predominantly found in the northern hemisphere, primarily due to higher anthropogenic emissions. Furthermore, convolutional autoencoder-based models were developed for key aerosol species, strengthening predictive accuracy by effectively capturing complex data relationships and delivering precise predictions for the last 5-time frames. During validation, the model evaluation parameters for image prediction such as the Structural Similarity Index ranged from 0.86 to 0.94, Peak Signal-to-Noise Ratio fluctuated between 1.14 and 42.25 dB, Root Mean Square Error varied from 2.39 to 296.4 mg/(m-sec), and Mean Square Error fell within the range of 1.55-17.22 mg/(m-sec). These collectively reflect image closeness, quality, dissimilarity, and accuracy in AAR prediction. This study demonstrates the effectiveness of advanced machine and deep learning models in predicting AARs, offering the potential for advanced forecasting and enhancing resilience in high-aerosol concentration regions.",,
28969381,2017,excluded_iii_no_quantitative_comparison,Distinct spatiotemporal patterns of neuronal functional connectivity in primary progressive aphasia variants.,"Primary progressive aphasia is a syndrome characterized by progressive loss of language abilities with three main phenotypic clinical presentations, including logopenic, non-fluent/agrammatic, and semantic variants. Previous imaging studies have shown unique anatomic impacts within language networks in each variant. However, direct measures of spontaneous neuronal activity and functional integrity of these impacted neural networks in primary progressive aphasia are lacking. The aim of this study was to characterize the spatial and temporal patterns of resting state neuronal synchronizations in primary progressive aphasia syndromes. We hypothesized that resting state brain oscillations will show unique deficits within language network in each variant of primary progressive aphasia. We examined 39 patients with primary progressive aphasia including logopenic variant (n = 14, age = 61 ± 9 years), non-fluent/agrammatic variant (n = 12, age = 71 ± 8 years) and semantic variant (n = 13, age = 65 ± 7 years) using magnetoencephalographic imaging, compared to a control group that was matched in age and gender to each primary progressive aphasia subgroup (n = 20, age = 65 ± 5 years). Each patient underwent a complete clinical evaluation including a comprehensive battery of language tests. We examined the whole-brain resting state functional connectivity as measured by imaginary coherence in each patient group compared to the control cohort, in three frequency oscillation bands-delta-theta (2-8 Hz); alpha (8-12 Hz); beta (12-30 Hz). Each variant showed a distinct spatiotemporal pattern of altered functional connectivity compared to age-matched controls. Specifically, we found significant hyposynchrony of alpha and beta frequency within the left posterior temporal and occipital cortices in patients with the logopenic variant, within the left inferior frontal cortex in patients with the non-fluent/agrammatic variant, and within the left temporo-parietal junction in patients with the semantic variant. Patients with logopenic variant primary progressive aphasia also showed significant hypersynchrony of delta-theta frequency within bilateral medial frontal and posterior parietal cortices. Furthermore, region of interest-based analyses comparing the spatiotemporal patterns of variant-specific regions of interest identified in comparison to age-matched controls showed significant differences between primary progressive aphasia variants themselves. We also found distinct patterns of regional spectral power changes in each primary progressive aphasia variant, compared to age-matched controls. Our results demonstrate neurophysiological signatures of network-specific neuronal dysfunction in primary progressive aphasia variants. The unique spatiotemporal patterns of neuronal synchrony signify diverse neurophysiological disruptions and pathological underpinnings of the language network in each variant.",,
38339678,2024,excluded_i_no_spacetime_structure,Lung-DT: An AI-Powered Digital Twin Framework for Thoracic Health Monitoring and Diagnosis.,"The integration of artificial intelligence (AI) with Digital Twins (DTs) has emerged as a promising approach to revolutionize healthcare, particularly in terms of diagnosis and management of thoracic disorders. This study proposes a comprehensive framework, named Lung-DT, which leverages IoT sensors and AI algorithms to establish the digital representation of a patient's respiratory health. Using the YOLOv8 neural network, the Lung-DT system accurately classifies chest X-rays into five distinct categories of lung diseases, including ""normal"", ""covid"", ""lung_opacity"", ""pneumonia"", and ""tuberculosis"". The performance of the system was evaluated employing a chest X-ray dataset available in the literature, demonstrating average accuracy of 96.8%, precision of 92%, recall of 97%, and F1-score of 94%. The proposed Lung-DT framework offers several advantages over conventional diagnostic methods. Firstly, it enables real-time monitoring of lung health through continuous data acquisition from IoT sensors, facilitating early diagnosis and intervention. Secondly, the AI-powered classification module provides automated and objective assessments of chest X-rays, reducing dependence on subjective human interpretation. Thirdly, the twin digital representation of the patient's respiratory health allows for comprehensive analysis and correlation of multiple data streams, providing valuable insights as to personalized treatment plans. The integration of IoT sensors, AI algorithms, and DT technology within the Lung-DT system demonstrates a significant step towards improving thoracic healthcare. By enabling continuous monitoring, automated diagnosis, and comprehensive data analysis, the Lung-DT framework has enormous potential to enhance patient outcomes, reduce healthcare costs, and optimize resource allocation.",,
41238604,2025,excluded_iii_no_quantitative_comparison,Trustworthy pneumonia detection in chest X-ray imaging through attention-guided deep learning.,"Pneumonia remains a significant global health threat, especially among children, the elderly, and immunocompromised individuals. Chest X-ray (CXR) imaging is commonly used for diagnosis, but manual interpretation is prone to errors and variability. To address these challenges, we propose a novel attention-guided deep learning framework that combines spatial, temporal, and biologically inspired processing for robust and interpretable pneumonia detection. Our method integrates convolutional operations for spatial feature extraction, gated recurrent mechanisms to capture temporal dependencies, and spike-based neural processing to mimic biological efficiency and improve noise tolerance. The inclusion of an attention mechanism enhances the model's interpretability by identifying clinically relevant regions within the images. We evaluated the proposed method on a publicly available CXR dataset, achieving a high accuracy of 99.35%, along with strong precision, recall, and F1-score. Extensive experiments demonstrate the model's robustness to various types of image distortions, including Gaussian blur, salt-and-pepper noise, and speckle noise. These results confirm the effectiveness, reliability, and transparency of the proposed approach, making it a promising tool for clinical deployment, particularly in low-resource healthcare environments.",,
42335056,2026,excluded_ii_not_human_health,CausalPD: Joint Causal Discovery and Intervention for Large-Scale Pavement Distress Distribution Data.,"Large-scale pavement distress distribution modeling is vital for optimizing pavement inspection systems (PISs), preventive maintenance, and overall infrastructure resilience. Generic urban computing, correlation-based, or spatiotemporal methods exhibit significant performance limitations in capturing the intricate degradation processes of pavements, especially under sparse, nonstationary data conditions due to infrequent inspections. Moreover, specialized approaches focusing on annual or sectional deterioration frequently lack the granularity required for daily maintenance decision-making. In response, we propose CausalPD, a novel framework that integrates joint causal discovery and intervention to predict pavement distress distributions. CausalPD employs a transformer-based architecture to extract critical causal patches from historical data, effectively leveraging the interaction between intrinsic degradation patterns and external environmental factors. By modeling causal relationships and mitigating confounding influences, our approach distinguishes genuine causal signals from noise, thereby enhancing both prediction accuracy and interpretability. Extensive experiments on real-world datasets demonstrate that CausalPD outperforms state-of-the-art methods across diverse scenarios, forecasting horizons, and spatial network configurations. Our comprehensive analysis validates the model's robust inductive biases and generalization capabilities, establishing CausalPD as a promising causal modeling paradigm for infrastructure health monitoring and proactive maintenance planning. PyTorch implementation and datasets are available at https://github.com/xuesong-wu/CausalPD.",,
32705938,2020,excluded_iii_no_quantitative_comparison,The Neurodevelopmental and Motor Phenotype of SCA21 (ATX-TMEM240).,"Spinocerebellar ataxia type 21 (SCA21/ATX-TMEM240) is a rare form of cerebellar ataxia that commonly presents with motor, cognitive, and behavioral impairments. Although these features have been identified as part of the clinical manifestations of SCA21, the neurodevelopmental disorders associated with SCA21 have not been well studied or described. Here we present extensive phenotypic data for 3 subjects from an SCA21 family in the United States. Genetic testing demonstrated the c.196 G>A (p.Gly66Arg) variant to be a second recurrent mutation associated with the disorder. Standardized developmental assessment revealed significant deficits in cognition, adaptive function, motor skills, and social communication with 2 of the subjects having diagnoses of autism spectrum disorder, which has never been described in SCA21. Quantitative gait analysis showed markedly abnormal spatiotemporal gait variables indicative of poor gait control and cerebellar as well as noncerebellar dysfunction. Clinical evaluation also highlighted a striking variability in clinical symptoms, with greater ataxia correlating with greater severity of neurodevelopmental disorder diagnoses. Notably, neurodevelopmental outcomes have improved with intervention over time. Taken together, this case series identifies that the manifestation of neurodevelopmental disorders is a key feature of SCA21 and may precede the presence of motor abnormalities. Furthermore, the coexistence of ataxia and neurodevelopmental disorders in these subjects suggests a role for spinocerebellar pathways in both outcomes. The findings in this study highlight the importance of evaluation of neurodevelopmental concerns in the context of progressive motor abnormalities and the need for timely intervention to ultimately improve quality of life for individuals with SCA21.",,
42076995,2026,eligible,Ultrasound Microvascular Imaging Using Deep Knowledge Distillation.,"Ultrafast Doppler imaging provides critical insights into tissue perfusion but traditionally requires long acquisitions and computationally expensive filtering, such as singular value decomposition (SVD). In this work, we propose SONIC, a real-time, deep learning framework that reconstructs high-quality vascular images from limited Doppler frames using a teacher-student paradigm. The student model, designed for fast inference, is trained under the guidance of a teacher network pretrained on full-length sequences. To further enhance performance under sparse data conditions, we introduce a dual-loss strategy combining deep supervision and knowledge distillation. The deep supervision loss aids in learning clutter-suppressed intermediate features, while the knowledge distillation loss transfers high-level spatiotemporal knowledge from the teacher to the student model. Experiments on in vivo datasets demonstrate that SONIC achieves superior performance compared to SVD filtering when operating on fewer frames. Our ablation study confirms that the combination of deep supervision and knowledge distillation provides synergistic benefits, significantly improving segmentation accuracy and signal fidelity. Furthermore, SONIC achieves real-time inference speeds on GPU hardware, supporting its integration into time-constrained clinical workflows. Finally, we demonstrate the applicability of SONIC to free-hand 3D microvascular imaging by stacking high-quality 2D Doppler slices acquired during handheld scanning. This capability highlights the framework's potential for extending microvascular ultrasound imaging into portable and low-data clinical environments.",,
38462269,2024,eligible,Finding neural correlates of depersonalisation/derealisation disorder via explainable CNN-based analysis guided by clinical assessment scores.,"Mental health disorders are typically diagnosed based on subjective reports (e.g., through questionnaires) followed by clinical interviews to evaluate the self-reported symptoms. Therefore, considering the interconnected nature of psychiatric disorders, their accurate diagnosis is a real challenge without indicators of underlying physiological dysfunction. Depersonalisation/derealisation disorder (DPD) is an example of dissociative disorder affecting 1-2 % of the population. DPD is characterised mainly by persistent disembodiment, detachment from surroundings, and feelings of emotional numbness, which can significantly impact patients' quality of life. The underlying neural correlates of DPD have been investigated for years to understand and help with a more accurate and in-time diagnosis of the disorder. However, in terms of EEG studies, which hold great importance due to their convenient and inexpensive nature, the literature has often been based on hypotheses proposed by experts in the field, which require prior knowledge of the disorder. In addition, participants' labelling in research experiments is often derived from the outcome of the Cambridge Depersonalisation Scale (CDS), a subjective assessment to quantify the level of depersonalisation/derealisation, the threshold and reliability of which might be challenged. As a result, we aimed to propose a novel end-to-end EEG processing pipeline based on deep neural networks for DPD biomarker discovery, which requires no prior handcrafted labelled data. Alternatively, it can assimilate knowledge from clinical outcomes like CDS as well as data-driven patterns that differentiate individual brain responses. In addition, the structure of the proposed model targets the uncertainty in CDS scores by using them as prior information only to guide the unsupervised learning task in a multi-task learning scenario. A comprehensive evaluation has been done to confirm the significance of the proposed deep structure, including new ways of network visualisation to investigate spectral, spatial, and temporal information derived in the learning process. We argued that the proposed EEG analytics could also be applied to investigate other psychological and mental disorders currently indicated on the basis of clinical assessment scores. The code to reproduce the results presented in this paper is openly accessible at https://github.com/AbbasSalami/DPD_Analysis.",,
33079425,2020,excluded_ii_not_human_health,Oxide-Based Electrolyte-Gated Transistors for Spatiotemporal Information Processing.,"Spiking neural networks (SNNs) sharing large similarity with biological nervous systems are promising to process spatiotemporal information and can provide highly time- and energy-efficient computational paradigms for the Internet-of-Things and edge computing. Nonvolatile electrolyte-gated transistors (EGTs) provide prominent analog switching performance, the most critical feature of synaptic element, and have been recently demonstrated as a promising synaptic device. However, high performance, large-scale EGT arrays, and EGT application for spatiotemporal information processing in an SNN are yet to be demonstrated. Here, an oxide-based EGT employing amorphous Nb2 O5 and Lix SiO2 is introduced as the channel and electrolyte gate materials, respectively, and integrated into a 32 × 32 EGT array. The engineered EGTs show a quasi-linear update, good endurance (106 ) and retention, a high switching speed of 100 ns, ultralow readout conductance (<100 nS), and ultralow areal switching energy density (20 fJ µm-2 ). The prominent analog switching performance is leveraged for hardware implementation of an SNN with the capability of spatiotemporal information processing, where spike sequences with different timings are able to be efficiently learned and recognized by the EGT array. Finally, this EGT-based spatiotemporal information processing is deployed to detect moving orientation in a tactile sensing system. These results provide an insight into oxide-based EGT devices for energy-efficient neuromorphic computing to support edge application.",,
41094803,2025,excluded_ii_not_human_health,Digital Twin-Based Intelligent Monitoring System for Robotic Wiring Process.,"In response to the growing demand for automation in aerospace harness manufacturing, this study proposes a digital twin-based intelligent monitoring system for robotic wiring operations. The system integrates a seven-degree-of-freedom robotic platform with an adaptive servo gripper and employs a five-dimensional digital twin framework to synchronize physical and virtual entities. Key innovations include a coordinated motion model for minimizing joint displacement, a particle-swarm-optimized backpropagation neural network (PSO-BPNN) for adaptive gripping based on wire characteristics, and a virtual-physical closed-loop interaction strategy covering the entire wiring process. Methodologically, the system enables motion planning, quality prediction, and remote monitoring through Unity3D visualization, SQL-driven data processing, and real-time mapping. The experimental results demonstrate that the system can stably and efficiently complete complex wiring tasks with 1:1 trajectory reproduction. Moreover, the PSO-BPNN model significantly reduces prediction error compared to standard BPNN methods. The results confirm the system's capability to ensure precise wire placement, enhance operational efficiency, and reduce error risks. This work offers a practical and intelligent solution for aerospace harness production and shows strong potential for extension to multi-robot collaboration and full production line scheduling.",,
39993372,2025,eligible,3D velocity and pressure field reconstruction in the cardiac left ventricle via physics informed neural network from echocardiography guided by 3D color Doppler.,"Fluid dynamics of the heart chamber can provide critical biological cues for understanding cardiac health and disease and have the potential for supporting diagnosis and prognosis. However, directly acquiring fluid dynamics information from clinical imaging remains challenging, as they are often noisy and have limited resolution, preventing accurate detailed fluid dynamics analysis. Image-based flow simulations offer high detail but are typically difficult to align with clinical velocity measurements, and as a result, may not accurately depict true fluid dynamics. Inverse-computing velocity fields from images via intra-ventricular flow mapping (VFM) has been reported, but it can become inaccurate when faced with missing or noisy measurement data, which is common with modalities such as ultrasound. Here, we propose a physics-informed neural network (PINN) framework that can accurately reconstruct detailed 3D flow fields of the cardiac left ventricle within a localized time window, using supervision from color Doppler measurements, despite their low resolution and signal-to-noise ratio. This framework couples PINN solvers at consecutive time frames with discrete temporal numerical differentiation and is thus named the ""Coupled Sequential Frame PINN"" or CSF-PINN. We used image-based flow simulations of fetal and adult hearts to generate synthetic color Doppler velocity data at different spatial and temporal resolution for testing the framework. Results show that CSF-PINN can accurately predict high levels of fluid dynamics details, including flow patterns, intraventricular pressure gradients, vorticity structures, and energy losses. CSF-PINN outperforms vanilla PINN in both accuracy and computational efficiency, however, its accuracy is more limited for velocity-gradient-dependent parameters, such as vorticity and wall shear stress (WSS) magnitude. CSF-PINN's accuracy is maintained even when color Doppler velocity data are spatially and temporally sparse and noisy, and when complex motions of the mitral valve are modelled. These are scenarios in which previous methodologies, including image-based flow simulations and VFM, have struggled. Additionally, we propose a scheme for advancing fluid dynamics predictions to subsequent time windows by using training from the previous time window to initialize networks for the subsequent window, further minimizing errors.",,
40363359,2025,eligible,A Novel 3D Approach with a CNN and Swin Transformer for Decoding EEG-Based Motor Imagery Classification.,"Motor imagery (MI) is a crucial research field within the brain-computer interface (BCI) domain. It enables patients with muscle or neural damage to control external devices and achieve movement functions by simply imagining bodily motions. Despite the significant clinical and application value of MI-BCI technology, accurately decoding high-dimensional and low signal-to-noise ratio (SNR) electroencephalography (EEG) signals remains challenging. Moreover, traditional deep learning approaches exhibit limitations in processing EEG signals, particularly in capturing the intrinsic correlations between electrode channels and long-distance temporal dependencies. To address these challenges, this research introduces a novel end-to-end decoding network that integrates convolutional neural networks (CNNs) and a Swin Transformer, aiming at enhancing the classification accuracy of the MI paradigm in EEG signals. This approach transforms EEG signals into a three-dimensional data structure, utilizing one-dimensional convolutions along the temporal dimension and two-dimensional convolutions across the EEG electrode distribution for initial spatio-temporal feature extraction, followed by deep feature exploration using a 3D Swin Transformer module. Experimental results show that on the BCI Competition IV-2a dataset, the proposed method achieves 83.99% classification accuracy, which is significantly better than the existing deep learning methods. This finding underscores the efficacy of combining a CNN and Swin Transformer in a 3D data space for processing high-dimensional, low-SNR EEG signals, offering a new perspective for the future development of MI-BCI. Future research could further explore the applicability of this method across various BCI tasks and its potential clinical implementations.",,
40573580,2025,excluded_ii_not_human_health,X-FuseRLSTM: A Cross-Domain Explainable Intrusion Detection Framework in IoT Using the Attention-Guided Dual-Path Feature Fusion and Residual LSTM.,"Due to domain variability and developing attack tactics, intrusion detection in heterogeneous and dynamic IoT systems is still a crucial challenge. For cross-domain intrusion detection, this paper proposes a novel algorithm, X-FuseRLSTM, a dual-path feature fusion framework that is attention guided and coupled with a residual LSTM architecture. The proposed algorithm is the combination of four major steps: first, feature extraction using deep encoder and sparse transformer; second, feature fusion of the extracted features and reducing the fused features; third, the classification model; and last, explainable artificial intelligence (XAI). The classification model used is a deep neural network and residual long short-term memory (RLSTM). The model effectively incorporates both spatial and temporal correlations in network traffic data, which improves its detection capability. The model predictions are explained using the XAI techniques. Extensive experiments on datasets including TON_IoT Network, NSL-KDD, and CICIoMT 2024 with both 19-class and 6-class variations show that X-FuseRLSTM achieves the highest accuracy of 99.40% on network, 99.72% on NSL-KDD, and 97.66% for 19-class and 98.05% for 6-class on CICIoMT 2024 datasets. The suggested method is appropriate for practical IoT security applications since it provides strong domain generalization and explainability while preserving computational efficiency.",,
41980310,2026,excluded_ii_not_human_health,A deep cardiac motion field analysis approach via global 2nd-order kinematic graph modeling.,"Cardiac motion analysis plays a vital role in the diagnosis and treatment of cardiovascular diseases. Existing methods can estimate displacement fields and model spatio-temporal patterns. However, they face two major limitations. First, they primarily focus on trajectory tracking, which fails to fully exploit higher-order kinematic dynamics that correlate with functional and material mechanics. Second, most approaches require solving complex differential equations during training, making them computationally expensive and difficult to converge stably. To overcome these limitations, we propose a mechanics-constrained cardiac motion analysis framework with two key innovations. First, we apply multi-order temporal differentiation on a graph-based cardiac representation. Nodal features capture displacement, velocity and acceleration, providing functional mechanics characterization. Edge features capture deformation, deformation rate and acceleration, providing material mechanics characterization. Second, we compute mechanical features directly on the graph. We employ graph convolutional networks to learn spatio-temporal patterns and use Kolmogorov-Arnold Networks for classification. This approach achieves systematical mechanical modeling with high efficiency and stable convergence. Experiments on private and public cine magnetic resonance imaging (cine-MRI) datasets demonstrate consistent improvements over existing methods in accuracy, interpretability and efficiency, showing the potential of mechanical modeling for cardiac motion analysis.",,
41094776,2025,excluded_ii_not_human_health,State of Health for Lithium-Ion Batteries Based on Explainable Feature Fragments via Graph Attention Network and Bi-Directional Gated Recurrent Unit.,"Accurate lithium-ion battery state of health estimation is critical for safety and range anxiety mitigation. Existing methods often lack interpretability in the extraction of feature fragments and fail to model spatial correlations between features. To address these gaps, this paper introduces a novel framework centered on interpretable feature engineering and synergistic spatial-temporal learning. The core novelty lies in using incremental capacity (IC) analysis on charging data, captured by onboard sensors, to dynamically select a 0.1 V voltage window based on IC peaks, ensuring the extracted voltage and capacity fragments are physically meaningful. These fragments are then transformed into graph-structured data, enabling a graph attention network and a bi-directional gated recurrent unit to effectively capture both spatial dependencies and temporal degradation trends, with a residual connection optimizing the network. Validation on two public benchmark datasets demonstrates the model's superiority, achieving an average mean absolute error of 0.561% and a root mean square error of 0.783%. Furthermore, the model exhibits a low computational footprint, requiring only 1.68 MFLOPs per inference, and its fast inference time of 17.55 ms on an embedded platform confirms its feasibility for practical deployment.",,
36937932,2023,excluded_iii_no_quantitative_comparison,Building a comprehensive cardiovascular magnetic resonance exam on a commercial 0.55 T system: A pictorial essay on potential applications.,"Contemporary advances in low-field magnetic resonance imaging systems can potentially widen access to cardiovascular magnetic resonance (CMR) imaging. We present our initial experience in building a comprehensive CMR protocol on a commercial 0.55 T system with a gradient performance of 26 mT/m amplitude and 45 T/m/s slew rate. To achieve sufficient image quality, we adapted standard imaging techniques when possible, and implemented compressed-sensing (CS) based techniques when needed in an effort to compensate for the inherently low signal-to-noise ratio at lower field strength. A prototype CMR exam was built on an 80 cm, ultra-wide bore commercial 0.55 T MR system. Implementation of all components aimed to overcome the inherently lower signal of low-field and the relatively longer echo and repetition times owing to the slower gradients. CS-based breath-held and real-time cine imaging was built utilizing high acceleration rates to meet nominal spatial and temporal resolution recommendations. Similarly, CS 2D phase-contrast cine was implemented for flow. Dark-blood turbo spin echo sequences with deep learning based denoising were implemented for morphology assessment. Magnetization-prepared single-shot myocardial mapping techniques incorporated additional source images. CS-based dynamic contrast-enhanced imaging was implemented for myocardial perfusion and 3D MR angiography. Non-contrast 3D MR angiography was built with electrocardiogram-triggered, navigator-gated magnetization-prepared methods. Late gadolinium enhanced (LGE) tissue characterization methods included breath-held segmented and free-breathing single-shot imaging with motion correction and averaging using an increased number of source images. Proof-of-concept was demonstrated through porcine infarct model, healthy volunteer, and patient scans. Reasonable image quality was demonstrated for cardiovascular structure, function, flow, and LGE assessment. Low-field afforded utilization of higher flip angles for cine and MR angiography. CS-based techniques were able to overcome gradient speed limitations and meet spatial and temporal resolution recommendations with imaging times comparable to higher performance scanners. Tissue mapping and perfusion imaging require further development. We implemented cardiac applications demonstrating the potential for comprehensive CMR on a novel commercial 0.55 T system. Further development and validation studies are needed before this technology can be applied clinically.",,
34726267,2021,eligible,Lung-CRNet: A convolutional recurrent neural network for lung 4DCT image registration.,"Deformable image registration (DIR) of lung four-dimensional computed tomography (4DCT) plays a vital role in a wide range of clinical applications. Most of the existing deep learning-based lung 4DCT DIR methods focus on pairwise registration which aims to register two images with large deformation. However, the temporal continuities of deformation fields between phases are ignored. This paper proposes a fast and accurate deep learning-based lung 4DCT DIR approach that leverages the temporal component of 4DCT images. We present Lung-CRNet, an end-to-end convolutional recurrent registration neural network for lung 4DCT images and reformulate 4DCT DIR as a spatiotemporal sequence predicting problem in which the input is a sequence of three-dimensional computed tomography images from the inspiratory phase to the expiratory phase in a respiratory cycle. The first phase in the sequence is selected as the only reference image and the rest as moving images. Multiple convolutional gated recurrent units (ConvGRUs) are stacked to capture the temporal clues between images. The proposed network is trained in an unsupervised way using a spatial transformer layer. During inference, Lung-CRNet is able to yield the respective displacement field for each reference-moving image pair in the input sequence. We have trained the proposed network using a publicly available lung 4DCT dataset and evaluated performance on the widely used the DIR-Lab dataset. The mean and standard deviation of target registration error are 1.56 ± 1.05 mm on the DIR-Lab dataset. The computation time for each forward prediction is less than 1 s on average. The proposed Lung-CRNet is comparable to the existing state-of-the-art deep learning-based 4DCT DIR methods in both accuracy and speed. Additionally, the architecture of Lung-CRNet can be generalized to suit other groupwise registration tasks which align multiple images simultaneously.",,
35187101,2021,excluded_iii_no_quantitative_comparison,EP-PINNs: Cardiac Electrophysiology Characterisation Using Physics-Informed Neural Networks.,"Accurately inferring underlying electrophysiological (EP) tissue properties from action potential recordings is expected to be clinically useful in the diagnosis and treatment of arrhythmias such as atrial fibrillation. It is, however, notoriously difficult to perform. We present EP-PINNs (Physics Informed Neural Networks), a novel tool for accurate action potential simulation and EP parameter estimation from sparse amounts of EP data. We demonstrate, using 1D and 2D in silico data, how EP-PINNs are able to reconstruct the spatio-temporal evolution of action potentials, whilst predicting parameters related to action potential duration (APD), excitability and diffusion coefficients. EP-PINNs are additionally able to identify heterogeneities in EP properties, making them potentially useful for the detection of fibrosis and other localised pathology linked to arrhythmias. Finally, we show EP-PINNs effectiveness on biological in vitro preparations, by characterising the effect of anti-arrhythmic drugs on APD using optical mapping data. EP-PINNs are a promising clinical tool for the characterisation and potential treatment guidance of arrhythmias.",,
40191032,2025,eligible,Integration of multimodal imaging data with machine learning for improved diagnosis and prognosis in neuroimaging.,"Combining many types of imaging data-especially structural MRI (sMRI) and functional MRI (fMRI)-may greatly assist in the diagnosis and treatment of brain disorders like Alzheimer's. Current approaches are less helpful for forecasting, however, as they do not always blend spatial and temporal patterns from different sources properly. This work presents a novel mixed deep learning (DL) method combining data from many sources using CNN, GRU, and attention techniques. This work introduces a novel hybrid deep learning method combining CNN, GRU, and a Dynamic Cross-Modality Attention Module to help more efficiently blend spatial and temporal brain data. Through working around issues with current multimodal fusion techniques, our approach increases the accuracy and readability of diagnoses. Utilizing CNNs and models of temporal dynamics from fMRI connection measures utilizing GRUs, the proposed approach extracts spatial characteristics from sMRI. Strong multimodal integration is made possible by including an attention mechanism to give diagnostically important features top priority. Training and evaluation of the model took place using the Human Connectome Project (HCP) dataset including behavioral data, fMRI, and sMRI. Measures include accuracy, recall, precision and F1-score used to evaluate performance. It was correct 96.79% of the time using the combined structure. Regarding the identification of brain disorders, the proposed model was more successful than existing ones. These findings indicate that the hybrid strategy makes sense for using complimentary information from several kinds of photos. Attention to detail helped one choose which aspects to concentrate on, thereby enhancing the readability and diagnostic accuracy. The proposed method offers a fresh benchmark for multimodal neuroimaging analysis and has great potential for use in real-world brain assessment and prediction. Researchers will investigate future applications of this technique to new picture kinds and clinical data.",,
40170414,2025,eligible,"Imaging system for real-time, full-field pulse-by-pulse surface dosimetry of UHDR electron beams.","The interest in ultra-high dose rate (UHDR) radiation therapy (RT) has grown due to its potential to spare normal tissue. However, clinical application is hindered by dosimetry challenges, as current irradiators and dosimeters are not designed for UHDR's high fluence. To ensure safe treatment and accurate dose delivery, real-time dose and dose rate quantification methods are essential. We propose a novel scintillation imaging system for in vivo, pulse-by-pulse surface dose monitoring during delivery with a UHDR-capable Mobetron (IntraOp LLC Sunnyvale, CA, USA) system. This setup aims to measure entrance beam dose with high 2D spatial and temporal resolution. A modified collimating cone was 3D printed to house the imaging lens. The system featured a 90° sinuscope endoscope attached to a CMOS camera, was gated by the Mobetron's magnetron output signal, and captured light from a scintillator placed on the treatment surface. Three scintillator types were tested for their emission intensity and decay time. Dose and dose rate linearity studies were performed using various pulse lengths and repetition frequencies, respectively, and the imaging data were compared to an EDGE diode detector (SunNuclear Melbourne, FL, USA) and the Mobetron beam-current transformer (BCT) measurements. Dose (R2 = 0.993) and dose rate (within 2%) were linear, and the temporal beam structure agreed with the diode and BCT data, as evident by the fact that it was successfully gated such that it captured each pulse during testing. Dose per pulse measurements agreed with diode and BCT data within 2.0 ± 1.2 cGy (0.6% ± 0.3%) and 2.5 ± 1.0 cGy (1.1% ± 0.4%), respectively. The developed imaging system met the criteria for measuring entrance beam dose with high spatial and temporal resolution, offering a promising in vivo dosimetry method for UHDR RT in preclinical and clinical trials.",,
42269199,2026,eligible,A spatiotemporal dependency-aware lightweight CNN-ViT network for 3D MRF with a balanced acceleration strategy.,"The push for rapid MRI acquisition aims to enhance clinical efficiency and diagnostic consistency by shortening scan times. 3D Magnetic Resonance Fingerprinting (MRF) has emerged as a promising technique for fast, multi-parametric quantitative imaging. However, its accuracy and relatively long acquisition time remain a limiting factor for clinical adoption. Accelerating MRF while preserving quantitative accuracy constitutes a crucial research objective. Deep learning approaches have recently been applied to accelerate MRF parameter quantification, but existing methods still exhibit notable limitations in both acceleration scheme design and the ability to model the complex contextual information embedded in MRF data. To address these limitations, we propose a lightweight spatiotemporal attention enhanced network (LiST-UNet) that integrates convolutional neural networks with lightweight Vision Transformer components to model long-range spatiotemporal dependencies in 3D MRF. A precursor-successor network is included to model interrelationships among tissue parameters, improving T2 quantification accuracy, while a balanced k-space and temporal-frame acceleration strategy significantly reduces errors compared with single-dimension undersampling schemes. Experimental results demonstrate that the proposed method enables whole-brain MRF imaging in approximately 1.25 min, achieving an eightfold acceleration over conventional 10-minute acquisitions with superior quantification accuracy and image quality compared to previously proposed deep learning methods. This work combines architectural improvements in MRF reconstruction with an acceleration strategy, supporting the future clinical translation of 3D MRF.",,
31842189,2020,excluded_i_no_spacetime_structure,TOPOGRAPHIC ANALYSIS OF PHOTORECEPTOR LOSS CORRELATED WITH DISEASE MORPHOLOGY IN NEOVASCULAR AGE-RELATED MACULAR DEGENERATION.,"To quantify morphologic photoreceptor integrity during anti-vascular endothelial growth factor (anti-VEGF) therapy of neovascular age-related macular degeneration and correlate these findings with disease morphology and function. This presents a post hoc analysis on spectral-domain optical coherence tomography data of 185 patients, acquired at baseline, Month 3, and Month 12 in a multicenter, prospective trial. Loss of the ellipsoid zone (EZ) was manually quantified in all optical coherence tomography volumes. Intraretinal cystoid fluid, subretinal fluid (SRF), and pigment epithelial detachments were automatically segmented in the full volumes using validated deep learning methods. Spatiotemporal correlation of fluid markers with EZ integrity as well as bivariate analysis between EZ integrity and best-corrected visual acuity was performed. At baseline, EZ integrity was predominantly impaired in the fovea, showing progressive recovery during anti-vascular endothelial growth factor therapy. Topographic analysis at baseline revealed EZ integrity to be more likely intact in areas with SRF and vice versa. Moreover, we observed a correlation between EZ integrity and resolution of SRF. Foveal EZ integrity correlated with best-corrected visual acuity at all timepoints. Improvement of EZ integrity during anti-VEGF therapy of neovascular age-related macular degeneration occurred predominantly in the fovea. Photoreceptor integrity correlated with best-corrected visual acuity. Ellipsoid zone integrity was preserved in areas of SRF and showed deterioration upon SRF resolution.",,
41280444,2025,excluded_i_no_spacetime_structure,Sobel neural network for EEG-based major depressive disorder screening.,"Early and objective screening for major depressive disorder (MDD) is crucial, with electroencephalography (EEG) offering significant potential. However, developing accurate automated tools requires architectures adept at capturing subtle, discriminative spatiotemporal features in EEG signals. This paper introduces the Sobel Network, a novel neural architecture designed specifically for EEG-based MDD screening, namely, identifying MDD patients from healthy controls (HC). Unlike approaches using Sobel operators solely for preprocessing, the Sobel Network integrates Sobel-inspired operations intrinsically within its convolutional layers, enabling end-to-end learning of features emphasizing gradient patterns and edge-like information highly relevant to depression biomarkers in EEG. We evaluate the Sobel Network on a publicly available EEG dataset from the Hospital of Universiti Sains Malaysia (HUSM). This dataset comprises 34 patients diagnosed with MDD (17 men; mean age, 40.3 ± 12.9 years) and 30 healthy controls (HC; 21 men; mean age, 38.2 ± 15.6 years). The results demonstrate that the proposed architecture significantly outperforms other deep learning models in key metrics including accuracy (achieving 98.67%), sensitivity (99.18%), and specificity (98.10%). The Sobel Network presents a promising avenue to improve the accuracy and robustness of automated EEG-based depression screening tools, offering practical impact for clinical decision support.",,
41772133,2026,excluded_ii_not_human_health,Hierarchical multi-attention neural networks for sensor fault diagnosis and mitigation in digital twins.,"Digital twin technology has emerged as a quintessential facilitator of industrial digitization within the paradigm of Industry 5.0. Nonetheless, its effectiveness is inherently dependent on the establishment of robust sensor fault management within expansive Internet of Things ecosystems. This paper focuses on the sensor fault diagnosis and mitigation in digital twins. To address this challenge, we propose a hierarchical architecture predicated on the parallel fusion of multi-level attention neural networks, comprising five distinct blocks: the input vector block, the virtual sensor block, the residual calculation block, the fault diagnosis block, and the decision block. In particular, the virtual sensor is realized through a neural-network-based estimator, which integrates a multi-head-attention-based Transformer encoder for modeling long-term dependencies and a globally-attention-optimized bidirectional gated recurrent unit network for spatial feature extraction. The fault diagnosis block is distinguished by a dual-branch convolutional neural network architecture that synthesizes squeeze-and-excitation operations with global attention mechanisms, thereby enabling the extraction of fault-sensitive features from the residuals that emerge between the actual sensor readings and those of the virtual sensor. Ultimately, an autonomous multiplexer system is introduced to dynamically substitute faulty sensors with their virtual counterparts, effectively preventing the propagation of faults. Experimental validation conducted using two publicly accessible datasets demonstrates noteworthy improvements in fault detection accuracy and system resilience.",,
26672766,2016,excluded_iii_no_quantitative_comparison,Inferring the progression of multifocal liver cancer from spatial and temporal genomic heterogeneity.,"Multifocal tumors developed either as independent tumors or as intrahepatic metastases, are very common in primary liver cancer. However, their molecular pathogenesis remains elusive. Herein, a patient with synchronous two hepatocellular carcinoma (HCC, designated as HCC-A and HCC-B) and one intrahepatic cholangiocarcinoma (ICC), as well as two postoperative recurrent tumors, was enrolled. Multiregional whole-exome sequencing was applied to these tumors to delineate the clonality and heterogeneity. The three primary tumors showed almost no overlaps in mutations and copy number variations. Within each tumor, multiregional sequencing data showed varied intratumoral heterogeneity (21.6% in HCC-A, 20.4% in HCC-B, 53.2% in ICC). The mutational profile of two recurrent tumors showed obvious similarity with HCC-A (86.7% and 86.6% respectively), rather than others, indicating that they originated from HCC-A. The evolutionary history of the two recurrent tumors indicated that intrahepatic micro-metastasis could be an early event during HCC progression. Notably, FAT4 was the only gene mutated in two primary HCCs and the recurrences. Mutation prevalence screen and functional experiments showed that FAT4, harboring somatic coding mutations in 26.7% of HCC, could potently inhibit growth and invasion of HCC cells. In HCC patients, both FAT4 expression and FAT4 mutational status significantly correlated with patient prognosis. Together, our findings suggest that spatial and temporal dissection of genomic alterations during the progression of multifocal liver cancer may help to elucidate the basis for its dismal prognosis. FAT4 acts as a putative tumor suppressor that is frequently inactivated in human HCC.",,
38036585,2023,excluded_ii_not_human_health,Reconstructing aerosol optical depth using spatiotemporal Long Short-Term Memory convolutional autoencoder.,"Aerosol Optical Depth (AOD) is a crucial atmospheric parameter in comprehending climate change, air quality, and its impacts on human health. Satellites offer exceptional spatiotemporal AOD data continuity. However, data quality is influenced by various atmospheric, landscape, and instrumental factors, resulting in data gaps. This study presents a new solution to this challenge by providing a long-term, gapless satellite-derived AOD dataset for Texas from 2010 to 2022, utilizing Moderate Resolution Imaging Spectroradiometer (MODIS) Multi-angle Implementation of Atmospheric Correction (MAIAC) products. Missing AOD data were reconstructed using a spatiotemporal Long Short-Term Memory (LSTM) convolutional autoencoder. Evaluation against an independent test dataset demonstrated the model's effectiveness, with an average Root Mean Square Error (RMSE) of 0.017 and an R2 value of 0.941. Validation against the ground-based AERONET dataset indicated satisfactory agreement, with RMSE values ranging from 0.052 to 0.067. The reconstructed AOD data are available at daily, monthly, quarterly, and yearly scales, providing a valuable resource to advance understanding of the Earth's atmosphere and support decision-making concerning air quality and public health.",,
40274133,2025,eligible,Unraveling Parkinson's disease motor subtypes: A deep learning approach based on spatiotemporal dynamics of EEG microstates.,"Despite prior studies on early-stage Parkinson's disease (PD) brain connectivity and temporal patterns, differences between tremor-dominant (TD) and postural instability/gait difficulty (PIGD) motor subtypes remain poorly understood. Our study aims to understand the contribution of altered brain network dynamics to heterogeneous motor phenotypes in PD for improving personalized treatment. Electroencephalography (EEG) microstate dynamics were firstly used to capture spatiotemporal brain network changes. A deep learning model was developed to classify PD motor subtypes where spatial variability and electrode location data were incorporated into the analysis. Compared to healthy individuals, both PD-TD and PD-PIGD patients showed increased local segregation of brain regions. The PD-PIGD subtype had more severe and extensive disorganization in microstate A dynamics, suggesting greater disruption in auditory and motor-related networks. Incorporating spatial information significantly improved the accuracy of subtype classification, with an AUC of 0.972, indicating that EEG microstate dynamic spatial patterns reflect distinct PD motor pathologies. The increased spatial variability in the PD-PIGD group was more closely associated with motor impairments. This study presents a novel framework for differentiating PD motor subtypes and emphasizes dynamic brain network features as potential markers for understanding motor symptom variability in PD, which may contribute to the development of personalized treatment strategies. ChiCTR2300067657.",,
33821529,2021,eligible,Deep learning-enhanced T1 mapping with spatial-temporal and physical constraint.,"To propose a reconstruction framework to generate accurate T1 maps for a fast MR T1 mapping sequence. A deep learning-enhanced T1 mapping method with spatial-temporal and physical constraint (DAINTY) was proposed. This method explicitly imposed low-rank and sparsity constraints on the multiframe T1 -weighted images to exploit the spatial-temporal correlation. A deep neural network was used to efficiently perform T1 mapping as well as denoise and reduce undersampling artifacts. Additionally, the physical constraint was used to build a bridge between low-rank and sparsity constraint and deep learning prior, so the benefits of constrained reconstruction and deep learning can be both available. The DAINTY method was trained on simulated brain data sets, but tested on real acquired phantom, 6 healthy volunteers, and 7 atherosclerosis patients, compared with the narrow-band k-space-weighted image contrast filter conjugate-gradient SENSE (NK-CS) method, kt-sparse-SENSE (kt-SS) method, and low-rank plus sparsity (L+S) method with least-squares T1 fitting and direct deep learning mapping. The DAINTY method can generate more accurate T1 maps and higher-quality T1 -weighted images compared with other methods. For atherosclerosis patients, the intraplaque hemorrhage can be successfully detected. The computation speed of DAINTY was 10 times faster than traditional methods. Meanwhile, DAINTY can reconstruct images with comparable quality using only 50% of k-space data. The proposed method can provide accurate T1 maps and good-quality T1 -weighted images with high efficiency.",,
41150519,2025,excluded_ii_not_human_health,Spatio-Temporal Machine Learning for Marine Pollution Prediction: A Multi-Modal Approach for Hotspot Detection and Seasonal Pattern Analysis in Pacific Waters.,"Marine pollution incidents pose significant threats to marine ecosystems and coastal communities across Pacific Island nations, necessitating advanced predictive capabilities for effective environmental management. This study analyzes 8133 marine pollution incidents from 2001-2014 across 25 Pacific Island nations to develop predictive models for pollution type classification, hotspot identification, and seasonal pattern forecasting. Our analysis reveals Papua New Guinea as the dominant pollution hotspot, experiencing 51.9% of all regional incidents, with plastic waste dumping comprising 78.8% of pollution events and exhibiting pronounced seasonal peaks during June (coinciding with critical fish breeding periods). Machine learning classification achieved 99.1% accuracy in predicting pollution types, with material composition emerging as the strongest predictor, followed by seasonal timing and geographic location. Temporal analysis identified distinct seasonal dependencies, with June representing peak pollution activity (755 average incidents), coinciding with vulnerable marine ecological periods. The predictive framework successfully distinguishes between persistent geographic hotspots and episodic pollution events, enabling targeted conservation interventions during high-risk periods. These findings demonstrate that pollution type and location are highly predictable from environmental and temporal variables, providing marine conservationists with tools to anticipate when and where pollution will most likely impact fish populations and ecosystem health. The study establishes the first comprehensive baseline for Pacific Island marine pollution patterns and validates machine learning approaches for proactive pollution monitoring, offering scalable solutions for protecting ocean ecosystems and supporting evidence-based policy formulation across the region.",,
42294079,2026,eligible,A noval 4D graph temporal brain network model for EEG-based depression detection.,"Major Depressive Disorder (MDD) represents a multifaceted and widespread mental health condition marked by substantial alterations in brain connectivity and neural dynamics, causing physiological stress. Accurate diagnosis via electroencephalography (EEG) is challenging due to the complexities in capturing both linear and nonlinear features of brain activity that vary over time and among individuals. Current EEG-based methods for MDD detection inadequately integrate spatial structure and temporal dependencies, often emphasising spatial proximity without functional relevance or using feature extraction techniques that neglect essential brain dynamics. To address these issues, we propose a novel advanced deep learning model: a 4D Graph Temporal Network (4D-GTNet) algorithm that works on a 4D graph brain network for MDD detection. The proposed methodology includes key innovations: A comprehensive 4D feature cube (A structured representation of EEG data combining spatial (channel), frequency (band), time (temporal slice), and statistical features. Each sample is modeled as a tensor or cube) from EEG data slices including linear and nonlinear features (statistical, temporal, and frequency) is extracted. An advanced nearest-neighbor-based method is employed to identify the functionally relevant spatial relationships among EEG channels. The integration of Graph Convolution and Gate recurrent Unit for capturing the spatiotemporal features is proposed with a channel-wise Max-Pooling module-Graph Temporal Max Pooling (GTMP) to retain critical channel-specific information by identifying the most informative channels. The experiment is conducted on data for 490 slices, 232 for MDD and 248 for Healthy Control (HC)) achieving 83.67% of accuracy. Experiments show that our proposed model outperforms the state-of-the-art models. Our method captures the complex dynamics of EEG signals effectively, enhances the understanding of brain connectivity patterns linked to MDD, and facilitates more accurate depression diagnoses.",,
40341221,2025,excluded_ii_not_human_health,Impact of dual climatic and socioeconomic factors on global trends in infectious disease outbreaks.,"A recurrent pattern has been observed in global infectious disease outbreaks in recent decades. Nevertheless, quantifying the impact of global change on infectious disease outbreaks remains a challenging endeavor. This study examines the spatiotemporal characteristics of global infectious disease outbreaks and the extent to which global climatic and socioeconomic factors influence them, as well as the relationships between these factors and outbreaks. The results illustrate that the global trend in infectious disease outbreaks is characterized by an upward trend followed by a levelling off, with spatial progression first from the mid-latitudes to the mid-latitudes and high latitudes of North America and South Asia and then clustering in the Central Asian and North American regions. Additionally, socioeconomic factors, such as GDP, population, and human development, contribute more to infectious disease outbreaks than do climatic factors, such as temperature and precipitation. Furthermore, the dual-factor influence of socioeconomic factors and climate change on the trend of infectious disease outbreaks has a complex nonlinear relationship, with an overall increasing trend in infectious disease outbreaks when the HDI increases from 0.19 to 0.55 and from 0.74 to 0.93, when the temperature increases from 1.9 °C to 23 °C and when precipitation increases from 6.75 mm to 800 mm and from 1,600 mm to 2,900 mm per year. The above findings can help countries formulate appropriate prevention and control policies that are adapted to their development contexts and optimize the allocation of public health resources.",,
37184897,2023,excluded_ii_not_human_health,"Spatio-Temporal Analysis of Leptospirosis Hotspot Areas and Its Association With Hydroclimatic Factors in Selangor, Malaysia: Protocol for an Ecological Cross-sectional Study.","Leptospirosis is considered a neglected zoonotic disease in temperate regions but an endemic disease in countries with tropical climates such as South America, Southern Asia, and Southeast Asia. There has been an increase in leptospirosis incidence in Malaysia from 1.45 to 25.94 cases per 100,000 population between 2005 and 2014. With increasing incidence in Selangor, Malaysia, and frequent climate change dynamics, a study on the disease hotspot areas and their association with the hydroclimatic factors would further enhance disease surveillance and public health interventions. This study aims to examine the association between the spatio-temporal distribution of leptospirosis hotspot areas from 2011 to 2019 with the hydroclimatic factors in Selangor using the geographical information system and remote sensing techniques to develop a leptospirosis hotspot predictive model. This will be an ecological cross-sectional study with geographical information system and remote sensing mapping and analysis concerning leptospirosis using secondary data. Leptospirosis cases in Selangor from January 2011 to December 2019 shall be obtained from the Selangor State Health Department. Laboratory-confirmed cases with data on the possible source of infection would be identified and georeferenced according to their longitude and latitudes. Topographic data consisting of subdistrict boundaries and the distribution of rivers in Selangor will be obtained from the Department of Survey and Mapping. The ArcGIS Pro software will be used to evaluate the clustering of the cases and mapped using the Getis-Ord Gi* tool. The satellite images for rainfall and land surface temperature will be acquired from the Giovanni National Aeronautics and Space Administration EarthData website and processed to obtain the average monthly values in millimeters and degrees Celsius. Meanwhile, the average monthly river hydrometric levels will be obtained from the Department of Drainage and Irrigation. Data are then inputted as thematic layers and in the ArcGIS software for further analysis. The artificial neural network analysis in artificial intelligence Phyton software will then be used to obtain the leptospirosis hotspot predictive model. This research was funded as of November 2022. Data collection, processing, and analysis commenced in December 2022, and the results of the study are expected to be published by the end of 2024. The leptospirosis distribution and clusters may be significantly associated with the hydroclimatic factors of rainfall, land surface temperature, and the river hydrometric level. This study will explore the associations of leptospirosis hotspot areas with the hydroclimatic factors in Selangor and subsequently the development of a leptospirosis predictive model. The constructed predictive model could potentially be used to design and enhance public health initiatives for disease prevention. PRR1-10.2196/43712.",,
35190408,2022,eligible,Deep recurrent reinforced learning model to compare the efficacy of targeted local versus national measures on the spread of COVID-19 in the UK.,"To prevent the emergence of new waves of COVID-19 caseload and associated mortalities, it is imperative to understand better the efficacy of various control measures on the national and local development of this pandemic in space-time, characterise hotspot regions of high risk, quantify the impact of under-reported measures such as international travel and project the likely effect of control measures in the coming weeks. We applied a deep recurrent reinforced learning based model to evaluate and predict the spatiotemporal effect of a combination of control measures on COVID-19 cases and mortality at the local authority (LA) and national scale in England, using data from week 5 to 46 of 2020, including an expert curated control measure matrix, official statistics/government data and a secure web dashboard to vary magnitude of control measures. Model predictions of the number of cases and mortality of COVID-19 in the upcoming 5 weeks closely matched the actual values (cases: root mean squared error (RMSE): 700.88, mean absolute error (MAE): 453.05, mean absolute percentage error (MAPE): 0.46, correlation coefficient 0.42; mortality: RMSE 14.91, MAE 10.05, MAPE 0.39, correlation coefficient 0.68). Local lockdown with social distancing (LD_SD) (overall rank 3) was found to be ineffective in preventing outbreak rebound following lockdown easing compared with national lockdown (overall rank 2), based on prediction using simulated control measures. The ranking of the effectiveness of adjunctive measures for LD_SD were found to be consistent across hotspot and non-hotspot regions. Adjunctive measures found to be most effective were international travel and quarantine restrictions. This study highlights the importance of using adjunctive measures in addition to LD_SD following lockdown easing and suggests the potential importance of controlling international travel and applying travel quarantines. Further work is required to assess the effect of variant strains and vaccination measures.",,
42636117,2026,excluded_iii_no_quantitative_comparison,Estimation of Walking Body Center of Mass Velocity by Means of Microwave Radars and Deep Learning.,"This study introduces an innovative framework combining microwave Doppler radar networks with deep learning to estimate three-dimensional body center of mass (BCoM) velocity. We evaluated the system's ability to derive clinical gait-quality indices, aiming for a privacy-preserving alternative to laboratory-based motion capture. Sixty healthy adults performed treadmill walking at 2, 4, and 6 km/h, including a simulated hemiplegic gait. Three radars captured micro-Doppler spectrograms in anterior-posterior (AP), medio lateral (ML), and cranio-caudal (CC) directions. Recurrent neural networks, optimized via Bayesian techniques, estimated 3D BCoM velocities, which were validated against gold-standard motion capture. Three parameters were derived to assess gait smoothness (LDLJ), symmetry (iHR), and stability (RMS acceleration). The system reconstructed BCoM velocity waveforms with high fidelity and minimal bias. In particular, LDLJ achieved remarkable accuracy in the AP and CC directions, with errors below 6.1%. While medio-lateral and acceleration-derived metrics (particularly RMS) proved more sensitive to estimation noise- peaking at 22.3% error during simulated hemiplegia-the framework successfully preserved key gait-quality patterns at the group level. Integrating radar technology with sequence learning effectively recovers complex BCoM dynamics. Despite inherent challenges in acceleration-based metrics, this approach captures nuanced gait characteristics that go beyond traditional spatiotemporal parameters, maintaining clinical relevance in a non-invasive format. This work represents a significant step toward unobtrusive, markerless gait monitoring. It offers a scalable, privacy-preserving solution for continuous assessment in clinical and home settings, bridging the gap between laboratory research and real-world applications.",,
42725427,2026,excluded_iii_no_quantitative_comparison,"Beyond traditional biopsy: integrating liquid biopsy, molecular panels, and advanced imaging techniques in thyroid cancer management.","The incidence of thyroid cancer has increased dramatically over the past four decades, making it the most common endocrine malignancy worldwide. Although well-differentiated thyroid carcinomas generally exhibit excellent survival rates following standard surgical and radioactive iodine interventions, the clinical management of high-risk variants, recurrent disease, and indeterminate nodules remains a significant challenge. Historically, the evaluation of thyroid nodules has relied on B-mode ultrasonography and fine-needle aspiration biopsy (FNAB). However, spatial and temporal tumor heterogeneity, coupled with the high rate of indeterminate cytology (Bethesda Categories III and IV), often leads to unnecessary diagnostic thyroidectomies. In recent years, liquid biopsy has emerged as a promising diagnostic approach, offering a non-invasive, dynamic, and comprehensive method for disease monitoring. This comprehensive review evaluates the biological mechanisms and clinical utility of circulating tumor DNA (ctDNA), circulating tumor cells (CTCs), extracellular vesicles (EVs), and non-coding RNAs in thyroid oncology. Furthermore, it explores the clinical role of commercial molecular diagnostic panels (e.g., Afirma GSC, ThyroSeq v3) in guiding surgical decisions. This review highlights the diagnostic synergy achieved when these molecular biomarkers are integrated with advanced radiological modalities - including strain elastography, quantitative region-of-interest (ROI) analysis, ACR TI-RADS, and cross-sectional volumetric tracking - as well as nuclear medicine techniques like technetium-99m MIBI scintigraphy. Emerging applications of artificial intelligence and radiomics in image analysis, alongside the concept of minimal residual disease monitoring, are also discussed. Ultimately, we emphasize the need for a multidisciplinary team (MDT) approach in translating these multi-omics and multimodal imaging data into precision medicine, while acknowledging current limitations and charting future directions.",,
41228947,2025,excluded_ii_not_human_health,A Novel Unsupervised Structural Damage Detection Method Based on TCN-GAT Autoencoder.,"Over the service life of several decades, structural damage detection is crucial for ensuring the safety and durability of engineering structures. However, existing methods often overlook the spatiotemporal coupling in multi-sensor data, hindering the full exploitation of structural dynamic evolution and spatial correlations. This paper proposes an autoencoder model integrating Temporal Convolutional Networks (TCN) and Graph Attention Networks (GAT), termed TCNGAT-AE, to establish an unsupervised damage detection method. The model utilizes the TCN module to extract temporal dependencies and dynamic features from vibration signals, while leveraging the GAT module to explicitly capture the spatial topological relationships within the sensor network, thereby achieving deep fusion of spatiotemporal features. The proposed method adopts an ""offline training-online detection"" framework, requiring only data from the healthy state of the structure for training, and employs reconstruction error as the damage indicator. To validate the proposed method, two sets of experimentally measured data are utilized: one from the Z-24 concrete box-girder bridge under ambient excitation, and the other from the Old Ada Bridge under vehicle load excitation. Additionally, ablation studies are conducted to analyze the effectiveness of the spatiotemporal fusion mechanism. Results demonstrate that the proposed method achieves effective damage detection in both different structural types and excitation scenarios. Furthermore, the explicit modeling of spatiotemporal features significantly enhances detection performance, with the anomaly detection rate showing substantial improvement compared to baseline models utilizing only temporal or spatial modeling. Moreover, this end-to-end framework processes raw vibration signals directly, avoiding complex preprocessing. This makes it highly suitable for practical and near-real-time monitoring. The findings of this study demonstrate that the damage detection method based on TCNGAT-AE can be effectively applied to structural safety monitoring in complex engineering environments, and can be further integrated with real-time monitoring systems of critical structures for online analysis.",,
30949419,2019,eligible,Cardiac-DeepIED: Automatic Pixel-Level Deep Segmentation for Cardiac Bi-Ventricle Using Improved End-to-End Encoder-Decoder Network.,"Accurate segmentation of cardiac bi-ventricle (CBV) from magnetic resonance (MR) images has a great significance to analyze and evaluate the function of the cardiovascular system. However, the complex structure of CBV image makes fully automatic segmentation as a well-known challenge. In this paper, we propose an improved end-to-end encoder-decoder network for CBV segmentation from the pixel level view (Cardiac-DeepIED). In our framework, we explicitly solve the high variability of complex cardiac structures through an improved encoder-decoder architecture which consists of Fire dilated modules and D-Fire dilated modules. This improved encoder-decoder architecture has the advantages of being capable of obtaining semantic task-aware representation and preserving fine-grained information. In addition, our method can dynamically capture potential spatiotemporal correlations between consecutive cardiac MR images through specially designed convolutional long-term and short-term memory structure; it can simulate spatiotemporal contexts between consecutive frame images. The combination of these modules enables the entire network to get an accurate, robust segmentation result. The proposed method is evaluated on the 145 clinical subjects with leave-one-out cross-validation. The average dice metric (DM) is up to 0.96 (left ventricle), 0.89 (myocardium), and 0.903 (right ventricle). The performance of our method outperforms state-of-the-art methods. These results demonstrate the effectiveness and advantages of our method for CBV regions segmentation at the pixel-level. It also reveals the proposed automated segmentation system can be embedded into the clinical environment to accelerate the quantification of CBV and expanded to volume analysis, regional wall thickness analysis, and three LV dimensions analysis.",,
39331183,2024,excluded_ii_not_human_health,A C  lassi H onk: a system framework to annotate and classify vehicular honk from road traffic.,"Some recent studies highlight that vehicular traffic and honking contribute to more than 50% of noise pollution in urban or sub-urban areas in developing countries, including Indian cities. Frequent honking has an adverse effect on health and hampers road safety, the environment, etc. Therefore, recognizing the various vehicle honks and classifying the honk of different vehicles can provide good insights into environmental noise pollution. Moreover, classifying honks based on vehicle types allows for the inference of contextual information of a location, area, or traffic. So far, the researchers have done outdoor sound classification and honk detection, where vehicular honks are collected in a controlled environment or in the absence of ambient noise. Such classification models fail to classify honk based on vehicle types. Therefore, it becomes imperative to design a system that can detect and classify honks of different types of vehicles to infer some contextual information. This paper presents a novel framework  A C   lassi H  onk that performs raw vehicular honk sensing, data labeling, and classifies the honk into three major groups, i.e., light-weight vehicles, medium-weight vehicles, and heavy-weight vehicles. Raw audio samples of different vehicular honking are collected based on spatio-temporal characteristics and converted them into spectrogram images. A deep learning-based multi-label autoencoder model (MAE) is proposed for automated labeling of the unlabeled data samples, which provides 97.64% accuracy in contrast to existing deep learning-based data labeling methods. Further, various pre-trained models, namely Inception V3, ResNet50, MobileNet, and ShuffleNet are used and proposed an Ensembled Transfer Learning model (EnTL) for vehicle honks classification and performed comparative analysis. Results reveal that EnTL exhibits the best performance compared to pre-trained models and achieves 96.72% accuracy in our dataset. In addition, context of a location is identified based on these classified honk signatures in a city.",,
40804725,2025,eligible,Predicting depression risk in middle-aged and elderly adults in China using CNN-BiLSTM-Attention mechanism and LSTM+SHAP framework.,"Understanding the spatiotemporal characteristics of depression risk in middle-aged and elderly individuals is crucial for early identification and intervention. However, current research predominantly employs machine learning (ML) methods to predict depression risk, often overlooking the spatiotemporal heterogeneity of this risk. This study utilized five waves of data from the China Health and Retirement Longitudinal Study (CHARLS) and constructed nine long short-term memory (LSTM) frameworks using CNN, BiLSTM, and Attention mechanisms to improve the accuracy and stability of depression risk prediction. Dynamic time windows were employed to handle time data sequences of inconsistent lengths, aligning with the structure of public databases. SHAP (SHapley Additive exPlanations) analysis was used to quantify and visualize the impact of each feature on the prediction results. Among the nine LSTM frameworks, the CNN-BiLSTM-Attention model demonstrated a potential improvement in predictive performance (AUC between 0.68 and 0.71). It also exhibited the highest stability during feature reduction (∆AUC = 0.0052). SHAP analysis for the LSTM and CNN-BiLSTM-Attention models identified health status and functionality as key factors influencing depression risk in middle-aged and elderly individuals, with pain, gender, sleep duration, and IADL (Instrumental Activities of Daily Living) being the most significant factors. The LSTM + SHAP analysis framework showed significant application value in handling complex, high-dimensional spatiotemporal data. Future clinical interventions and public health policies should focus more on pain management and chronic disease management in middle-aged and elderly populations to reduce the risk of depression.",,
