"Document Title",Authors,"Author Affiliations","Publication Title",Date Added To Xplore,"Publication Year","Volume","Issue","Start Page","End Page","Abstract","ISSN",ISBNs,"DOI",Funding Information,PDF Link,"Author Keywords","IEEE Terms","Mesh_Terms",Article Citation Count,Patent Citation Count,"Reference Count","License",Online Date,Issue Date,"Meeting Date","Publisher",Document Identifier
"ESXNet: An Edge-enabled Digital Twin Framework for Real-time Mental Health Monitoring from Wearable Sensor Data","H. K. Pamnani; A. Anushya; A. Raheja; K. R. Qureshi; L. Raja","Dept. of Computer Engineering, Poornima University, Jaipur, India; College of Computer Science and Engineering, University of Hail, Saudi Arabia; Dept. of Computer Engineering, Poornima University, Jaipur, India; Dept. of Computer Engineering, Poornima University, Jaipur, India; Dept. of Computer Engineering, Poornima University, Jaipur, India",2026 International Conference on NextGen Data Science and Analytics (ICNDSA),"19 Aug 2026","2026","","","1","6","Digital Twin technology is opening new possibilities in mental health by enabling continuous and personalized monitoring of emotional well-being. However, achieving real-time stress assessment from wearable physiological signals remains difficult due to limited datasets, noisy sensor readings, and the high latency of deep learning models when deployed outside cloud environments. To address these challenges, this study introduces a hybrid ESXNET edge-AI model that combines a TensorFlow-Lite optimized Gated Recurrent Unit (TFLite-GRU) for feature extraction with an XGBoost classifier for final decision making. Using a balanced wearable mental-health dataset of 501 samples, multiple baseline models, including Logistic Regression, Random Forest, XGBoost, LSTM, GRU, and TCN, were evaluated. The proposed hybrid approach achieved the best overall performance, reaching an accuracy of 0.56 and an ultra-low inference latency of 0.081 ms, suitable for real-time Digital Twin integration. The results demonstrate that lightweight ESXNet optimization can significantly enhance responsiveness while maintaining reasonable predictive capability.","","979-8-3315-7172-6","10.1109/ICNDSA68777.2026.11652291","","https://ieeexplore.ieee.org/stamp/stamp.jsp?arnumber=11652291","digital twins;GRU, Machine Learning, mental stress","Modeling;Digital twins;Timing;Real-time systems;Printing;Human factors;Stress;Internet of Things;Artificial intelligence;Accuracy","","","","23","IEEE","19 Aug 2026","10-11 April 2026","10-11 April 2026","IEEE","IEEE Conferences"
"Causal-Driven Explainable AI for Spinal Deformity Monitoring: Enhancing Clinical Trust and Patient Adherence via Posture Digital Twins in Consumer Wearables","Y. Chen; Z. Zhao; T. Li; C. Shui","Spinal Surgery Department, Xi’an Honghui Hospital, Xi’an Jiaotong University, Xi’an, P.R. China; Medical Administration Department, Zhengning County People’s Hospital, Gansu, P.R. China; Spinal Surgery Department, Xi’an Honghui Hospital, Xi’an Jiaotong University, Xi’an, P.R. China; Spinal Surgery Department, Xi’an Honghui Hospital, Xi’an Jiaotong University, Xi’an, P.R. China",IEEE Transactions on Consumer Electronics,"","2026","PP","99","1","1","Artificial intelligence-enabled posture digital twins (PDTs) utilizing consumer smartwatches are poised to transform spinal deformity monitoring within next-generation connected healthcare systems. However, existing solutions face significant challenges: the ""black-box"" nature of current models causes poor transparency, which erodes healthcare provider trust, while limited contextual feedback results in suboptimal patient adherence to postural correction. To address these critical gaps, we propose TrustPosture, a causal reasoning-based Explainable AI (XAI) framework integrating lightweight neural networks for trustworthy, clinically actionable spinal deformity monitoring deployable on commercial consumer electronics. Our contributions include: (i) a causal discovery module achieving 87.4% structure recovery accuracy while reducing false-positive attribution by 38.6%; (ii) an XAI-driven counterfactual explanation generator that translates complex biomechanical data into intuitive guidance, demonstrating 89.2% agreement with physician-validated interpretations to actively support patient self-management and adherence; and (iii) an edge-optimized inference pipeline leveraging INT8 quantization to achieve a 2.4× latency reduction compared to baseline implementations on Snapdragon Wear processors. TrustPosture was evaluated using N=847 subjects from three different benchmark posture datasets to provide a methodological base for eventual clinical validation with disease-specific spinal deformity cohorts. These results establish a trustworthy and transparent paradigm for integrating consumer electronics into connected healthcare infrastructures for spinal deformity management.","1558-4127","","10.1109/TCE.2026.3706987","","https://ieeexplore.ieee.org/stamp/stamp.jsp?arnumber=11578086","Posture digital twin;causal inference;explainable AI;spinal deformity monitoring;wearable sensors;edge computing;consumer electronics","Modeling;Wearable devices;Quantization (signal);Monitoring;Medical services;Image sensors;Digital twins;Correlation;Training;Human activity recognition","","","","","IEEE","24 Jun 2026","","","IEEE","IEEE Early Access Articles"
"Multi-Modal Fusion of IoT and EHR Data Using Transformer Networks for Holistic Patient in Consumer-Centric Digital Twins","W. Liu; J. Wang; A. Ksibi; N. Yin","The First Affiliated Hospital of Jinzhou Medical University, Jinzhou, China; The First Affiliated Hospital of Jinzhou Medical University, Jinzhou, China; Department of Information Systems, College of Computer and Information Sciences, Princess Nourah bint Abdulrahman University, P.O. Box 84428, Riyadh, Saudi Arabia; The First Affiliated Hospital of Jinzhou Medical University, Jinzhou, China",IEEE Transactions on Consumer Electronics,"8 Jun 2026","2026","72","2","4191","4206","The advent of Healthcare 5.0 heralds a new era of patient-centric, proactive, and personalized medicine, with the Consumer-Centric Digital Twins (CCDT) emerging as a pivotal enabling technology. However, the construction of high-fidelity, dynamic CCDTs is fundamentally challenged by the effective fusion of heterogeneous data modalities, particularly the real-time, high-frequency data from Internet of Things (IoT) devices and the longitudinal, sparse knowledge contained within Electronic Health Records (EHRs). Existing approaches often rely on simplistic fusion strategies like concatenation, which fail to capture the deep, temporal, and non-linear interactions between these modalities. To bridge this gap, this paper proposes TwinFormer, a novel neural architecture designed for holistic patient digital twins modeling through multi-modal fusion. TwinFormer introduces a hierarchical framework featuring dedicated Transformer-based encoders for modality-specific temporal representation learning, coupled with a core Cross-Modal Fusion Transformer that leverages a bidirectional cross-attention mechanism to enable deep, context-aware interaction between IoT and EHR data. Furthermore, a multi-task learning objective is employed to jointly optimize for both real-time sensor forecasting and clinical risk prediction, ensuring the digital twins remains relevant for both immediate monitoring and long-term health management. Comprehensive experiments on a curated multi-modal benchmark dataset demonstrate that TwinFormer significantly outperforms a range of state-of-the-art methods, reducing sensor forecasting MAE by 16.1% and improving clinical risk prediction AUC by 3.9%. Extensive ablation studies validate the necessity of each component and reveal the synergistic effect of combining specialized encoding with sophisticated fusion. The proposed method provides a robust and scalable foundation for building actionable patient digital twins, paving the way for more intelligent and personalized healthcare delivery in the era of Healthcare 5.0.","1558-4127","","10.1109/TCE.2026.3672115","Liaoning Province Science and Technology Plan Joint Program(grant numbers:2025JH2,101800243); Joint Fund of Natural Science Foundation of Liaoning Provincial Department of Science and Technology(grant numbers:2023-MSLH-060); Research Backbone Training Program Project of The First Affiliated Hospital of Jinzhou Medical University(grant numbers:FYKRGG-202306); Princess Nourah bint Abdulrahman University Researchers Supporting Project(grant numbers:PNURSP2026R759); ","https://ieeexplore.ieee.org/stamp/stamp.jsp?arnumber=11426918","Healthcare 5.0;digital twins;multi-modal fusion;Internet of Things;consumer electronics","Digital twins;Medical services;Transformers;Real-time systems;Internet of Things;Computational modeling;Data models;Consumer electronics;Computer architecture;Wearable devices","","","","51","IEEE","9 Mar 2026","May 2026","","IEEE","IEEE Journals"
"Dry-Type Transformers in Intelligent Monitoring and Health Assessment Based on Digital Twin Technology","H. Ran; D. Hao; L. ZiZhao; H. Zhanhua; L. Bing; C. Chen","Shenzhen Power Supply Bureau Co., Ltd., Shenzhen, China; Shenzhen Power Supply Bureau Co., Ltd., Shenzhen, China; Shenzhen Power Supply Bureau Co., Ltd., Shenzhen, China; Shenzhen Power Supply Bureau Co., Ltd., Shenzhen, China; Shenzhen Power Supply Bureau Co., Ltd., Shenzhen, China; Shenzhen Power Supply Bureau Co., Ltd. (of Affiliation), Shenzhen, China",2025 IEEE 5th International Conference on Electrical Materials and Power Equipment (ICEMPE),"25 Aug 2025","2025","","","1","4","Establishing an intelligent operation and maintenance system for distribution network dry-type transformers from two aspects: online measurement of winding operating temperature through interference methods and health status assessment based on holographic temperature data twin technology. Fiber Bragg grating temperature sensors are quasi-distributed and embedded within the high and low voltage winding units of the transformer. The grating temperature measurement and control unit acquires the winding temperature data during operation, enabling the construction of a digital twin temperature model for dry-type transformer windings. By analyzing the variation patterns of the holographic temperature data from the model, a fault early warning method and a dynamic capacity regulation method for dry-type transformers are proposed. Test results on the interference-based transformer temperature measurement demonstrate that fiber Bragg grating technology achieves highly accurate temperature measurements up to 180° C, with a maximum temperature error of only 1.4%.","2996-3028","979-8-3315-3752-4","10.1109/ICEMPE66159.2025.11123078","","https://ieeexplore.ieee.org/stamp/stamp.jsp?arnumber=11123078","dry-type transformer;digital twin;winding temperature measurement","Temperature measurement;Temperature sensors;Bragg gratings;Temperature distribution;Windings;Transformers;Data models;Regulation;Digital twins;Temperature control","","1","","9","IEEE","25 Aug 2025","3-6 Aug. 2025","3-6 Aug. 2025","IEEE","IEEE Conferences"
"Health Monitoring and Digital Twin for Petawatt Linear Transformer Driver","Z. Liu; G. Ye; L. Li; Z. Wang; H. Shi; L. Chen; J. Wu; X. Li","Xi'an Jiaotong University, School of Electrical Engineering, Xi'an, China; Xi'an Jiaotong University, School of Electrical Engineering, Xi'an, China; Xi'an Jiaotong University, School of Electrical Engineering, Xi'an, China; Xi'an Jiaotong University, School of Electrical Engineering, Xi'an, China; Xi'an Jiaotong University, School of Electrical Engineering, Xi'an, China; Xi'an Jiaotong University, School of Electrical Engineering, Xi'an, China; Xi'an Jiaotong University, School of Electrical Engineering, Xi'an, China; Xi'an Jiaotong University, School of Electrical Engineering, Xi'an, China",2025 IEEE Pulsed Power & Plasma Science (PPPS),"28 Nov 2025","2025","","","1","1","Z-pinch driven by petawatt-class electromagnetic pulses is a potential approach to achieving inertial confinement fusion. Considering the power limit of spark switches and the energy transfer efficiency, Linear Transformer Driver (LTD) is recognized as the most promising method for outputting petawatt-class power. LTD topology effectively reduces the power requirements for spark switches, but results in a significant increase in the number of power units. Typically, petawatt-class LTD requires over one hundred thousand power units to work synchronously, which poses immense challenges for the reliability and maintenance of Z-pinch facilities. To addressing these issues, we proposed a novel scheme for the real-time health monitoring and digital twin of LTD. A condition monitoring sensor for power units of LTD was developed based on Fiber Bragg Gratings, and the wavelength division multiplexing (WDM) technology was used to reduce the complexity of the monitoring system. With this sensor system, the operational status of power units can be independently monitored, which enabled precise and rapid localization of faults. Additionally, we gave a new full electromagnetic modeling method for LTD facility, which can accurately inverse the electromagnetic fields and energy distribution in the facility, supporting the life prediction of power units. By integrating the data from sensors and full electromagnetic models, a more accurate assessment of the facility's health status can be achieved, enabling intelligent maintenance of large-scale LTD and enhancing the reliability of petawatt-class Z-pinch system.","2158-4923","979-8-3315-4376-1","10.1109/PPPS56198.2025.11248644","","https://ieeexplore.ieee.org/stamp/stamp.jsp?arnumber=11248644","","Electromagnetic modeling;Wavelength division multiplexing;Transformers;Sensor systems;Real-time systems;Maintenance;Digital twins;Topology;Sparks;Monitoring","","","","0","IEEE","28 Nov 2025","15-20 June 2025","15-20 June 2025","IEEE","IEEE Conferences"
"Graph Neural Networks-Based Digital Twin Modeling of WBC and ANC Dynamics for Personalized Time-Series Prediction","U. Kose; G. O. Tukel; E. Betul Surucu; M. E. Karatas; I. Uysal","Department of Computer Engineering, Suleyman Demirel University, Isparta, Turkey; Department of Basic Sciences, Isparta Applied Sciences University, Isparta, Turkey; Department of Computer Engineering, Suleyman Demirel University, Isparta, Turkey; Department of Computer Engineering, Suleyman Demirel University, Isparta, Turkey; Department of Information Systems and Technologies, Burdur Mehmet Akif Ersoy University, Burdur, Turkey",2025 Medical Technologies Congress (TIPTEKNO),"8 Dec 2025","2025","","","1","4","This study introduces a digital twin model approach with Graph Neural Networks (GNNs) to forecast white blood cell (WBC) and absolute neutrophil count (ANC) levels during 6-mercaptopurine (6-MP) chemotherapy for treating childhood acute lymphoblastic leukemia (ALL). For incorporating clinical and lifestyle factors like daily medication dosage, anthropometric measurements (weight, height, and body surface area), diet, exercise, and vitamin D intake, the model is constructed using a synthetic patient dataset based on personalized computational Pharmacokinetics (PK) / Pharmacodynamics (PD) mathematical models. To capture temporal relationships, each data point is connected to earlier observations and is defined as a node within a time-dependent graph structure. The model, which was created with PyTorch Geometric, was evaluated by using MAE, MSE, and RMSE metrics after being trained with inputs, which are normalized by z-scores. The study results point that the developed GNN-based method works well as a digital twin tool for customized chemotherapy simulations and can predict changes in hematological parameters over time.","2687-7783","979-8-3315-5565-8","10.1109/TIPTEKNO68206.2025.11270102","","https://ieeexplore.ieee.org/stamp/stamp.jsp?arnumber=11270102","graph neural networks;6-mercaptopurine;acute lymphoblastic leukemia;hematological response","White blood cells;Weight measurement;Chemotherapy;Computational modeling;Leukemia;Predictive models;Mathematical models;Graph neural networks;Digital twins;Surface treatment","","","","10","IEEE","8 Dec 2025","26-28 Oct. 2025","26-28 Oct. 2025","IEEE","IEEE Conferences"
"Transformer-Enhanced Digital Twin Architecture for Robust and Interpretable Lithium-Ion Battery State-of-Health Prognostics","S. Das; A. Goswami; S. Kar","Department of Electrical Engineering, Institute of Engineering& Management, University of Engineering and Management, Kolkata, India; Department of Electrical Engineering, Institute of Engg.& Management, University of Engg.& Management, Kolkata, India; Department of Electrical Engineering, Institute of Engg.& Management, University of Engg.& Management, Kolkata, India",2026 IEEE 6th International Conference on Sustainable Energy and Future Electric Transportation (SEFET),"16 Sep 2026","2026","","","1","6","Accurate battery state-of-health (SOH) estimation is essential for reliable electric vehicle operation. This paper presents a unified digital twin framework that combines attention-based sequence modeling with physics-guided learning for robust SOH prediction. A Kalman filter-based refinement is incorporated to improve tracking stability under nonlinear degradation. The framework also includes visualization and uncertainty analysis to enhance interpretability. Experimental results on NASA lithium-ion battery datasets (B0033, B0034, and B0036) demonstrate improved prediction accuracy, stability, and cross-battery generalization compared to conventional methods. A real-time AI dashboard further validates its practical applicability for monitoring, remaining useful life estimation, and risk-aware decision-making.","","979-8-3315-8117-6","10.1109/SEFET69291.2026.11687603","","https://ieeexplore.ieee.org/stamp/stamp.jsp?arnumber=11687603","Digital Twin;State-of-Health (SOH);Attention-based Spatial-Temporal Residual Architecture Network (ASTRA-Net);Dynamic Graph Attention Transformer with Bidirectional Long Short-Term Memory (DGAT-BiLSTM);Physics-Guided Hybrid Transformer Network (PGHT-Net);Kalman Filter–Based State Estimation;Battery Prognostics;Electric Vehicle Health Intelligence","Modeling;Batteries;Degradation;Equations;Digital twins;Tagging;Occupational health;Lithium-ion batteries;Printing;Aging","","","","17","IEEE","16 Sep 2026","8-11 July 2026","8-11 July 2026","IEEE","IEEE Conferences"
"PROTOTWIN-PET: Patient-Specific Deep Learning Models for 3D Dose Verification in Proton Therapy with PET","P. Cabrales; V. V. Onecha; J. M. Udías; D. Izquierdo-García; J. L. Herraiz","Group of Nuclear Physics, Complutense University of Madrid, Madrid, Spain; Massachusetts General Hospital & Harvard Medical School, Boston, United States of America; Group of Nuclear Physics, Complutense University of Madrid, Madrid, Spain; Massachusetts General Hospital & Harvard Medical School, Boston, United States of America; Group of Nuclear Physics, Complutense University of Madrid, Madrid, Spain","2024 IEEE Nuclear Science Symposium (NSS), Medical Imaging Conference (MIC) and Room Temperature Semiconductor Detector Conference (RTSD)","25 Sep 2024","2024","","","1","2","In this work, we present PROTOTWIN-PET (PROTOn therapy digital TWIN models for dose verification with PET), a patient-specific GPU- and deep learning-based workflow to predict realistic dose deposition deviations in a proton therapy treatment with a PET scanner. Existing PET-based dose verification approaches do not consider realistic clinical deviations, are implemented in 1D or 2D with CPU systems, or lack reliable conversions from detected PET activity to deposited dose. To solve this, the proposed workflow begins with the simulation of realistic treatment plan deviations in patient positioning and physical parameters with GPU Monte Carlo software FRED. Then, the obtained activation images are transformed into the expected activity images with in-house GPU PET simulation and reconstruction software. Finally, a deep learning model is trained to predict the 3D dose deposition from the activity images. We demonstrate this workflow in an oropharynx cancer treatment. Using the SwinUNETR deep learning model, we improve the Gamma Passing Rate (1mm, 3%) from 61.2% to 99.8%. Furthermore, we implement a Deviation Predicting Branch (DPB) on the model that predicts the positioning displacement values within 0.2mm and 0.2°. The entire data generation and model training can be completed in the time interval between the treatment plan CT and the first treatment session, where it can be deployed to detect dose deviations in milliseconds from a PET scan","2577-0829","979-8-3503-8815-2","10.1109/NSS/MIC/RTSD57108.2024.10655000","","https://ieeexplore.ieee.org/stamp/stamp.jsp?arnumber=10655000","","Deep learning;Training;Solid modeling;Temperature distribution;Three-dimensional displays;Graphics processing units;Predictive models","","","","9","IEEE","25 Sep 2024","26 Oct.-2 Nov. 2024","26 Oct.-2 Nov. 2024","IEEE","IEEE Conferences"
"Digital Twin Model of High-frequency Transformer Applied in Flyback Converter for Fault Diagnosis","L. Zhou; J. Song; Z. Wang","Xi'an Shiyou University, School of Electronic Engineering, Xi'an, Shaanxi, China; Xi'an Shiyou University, School of Electronic Engineering, Xi'an, Shaanxi, China; Xi'an Shiyou University, School of Electronic Engineering, Xi'an, Shaanxi, China","2024 International Symposium on Electrical, Electronics and Information Engineering (ISEEIE)","2 Dec 2024","2024","","","104","108","Developments on the artificial intelligence (AI) promote investigations on online health monitoring and fault diagnosis applied in the switching power supplies. Fault samples are the foundation of learning process of the AI technique. By applying digital twin method, the difficulty of fault sample collecting can be decreased significantly. Digital twin modelling method for high frequency transformer in DC/DC Flyback converter is deeply investigated. First, the high-frequency transformer is designed with AP method and tested with LCR meter, which can provide the basis for the verification of the digital twin model. Furthermore, the model for the ideal transformer and model for faulted transformer with interturn short circuit are established, in which the size and material properties for the core and winding structure are modelled in detail. More important, impact of fault on the magnetic field distributions of the transformer are investigated with Maxwell package. Final, with field-circuit coupled simulation, the influence of the fault on the outputs of the converter are achieved. Symmetry for the two outputs in positive and negative is destroyed and the output with the interturn short circuit fault is decreased. Results in this paper provides an opportunity to establish fault samples in power converters with digital twin method. Time and hardware cost in collecting fault samples can be reduced obviously.","","979-8-3503-5577-2","10.1109/ISEEIE62461.2024.00027","","https://ieeexplore.ieee.org/stamp/stamp.jsp?arnumber=10764452","fault diagnosis;flyback converter;digital twins;simulation","Meters;Buck converters;Magnetic field measurement;Power supplies;Digital twins;High-frequency transformers;Circuit faults;Magnetic fields;Integrated circuit modeling;Artificial intelligence","","2","","16","IEEE","2 Dec 2024","28-30 Aug. 2024","28-30 Aug. 2024","IEEE","IEEE Conferences"
"A Hybrid Model Based on Transformer-LSTM for Battery Health Prediction","W. Guo; M. Li","School of Equipment Management and Support, Engineering University of People's Armed Police, Xi An, China; Faculty of Artificial Intelligence and Engineering, Multimedia University, Cyberjaya, Malaysia","2025 4th International Conference on Energy, Power and Electrical Technology (ICEPET)","1 Jul 2025","2025","","","1001","1004","With the widespread application of lithium-ion batteries in electric vehicles and energy storage systems, accurate prediction of the State of Health (SOH) and Remaining Useful Life (RUL) of batteries is crucial for improving system reliability and safety. This paper proposes a hybrid deep learning model based on Digital Twin, combining Transformer and Long Short-Term Memory (LSTM) architectures, trained and validated using the public CALCE battery dataset. The model captures the temporal dependencies in battery degradation through LSTM and enhances the extraction of key features by introducing the self-attention mechanism of Transformer, thereby improving the robustness of long-term predictions. The Digital Twin framework enables dynamic interaction between the physical characteristics of the battery and the data-driven model, making the prediction results more closely aligned with real-world aging behavior. Experimental results demonstrate that the proposed hybrid model Transformer-LSTM outperforms traditional methods in battery prediction, reducing the MAE by over 15% while exhibiting strong generalization capabilities under different charge-discharge conditions. This study not only provides a high-precision prediction method for battery health management but also validates the application potential of Digital Twin technology in the field of battery prognostics, offering theoretical support for the optimized design of intelligent battery management systems.","","979-8-3315-4291-7","10.1109/ICEPET65469.2025.11047391","","https://ieeexplore.ieee.org/stamp/stamp.jsp?arnumber=11047391","SOH;RUL;DT;LSTM;Transformer;CALCE","Deep learning;Battery management systems;Predictive models;Transformers;Feature extraction;Robustness;Batteries;Digital twins;Vehicle dynamics;Long short term memory","","","","9","IEEE","1 Jul 2025","25-27 April 2025","25-27 April 2025","IEEE","IEEE Conferences"
"Digital Twin Driven IoT Deep Learning System for Predictive Monitoring of Alzheimer’s Patients Behavioral Progression","S. Solomon; S. U; P. V; J. K; A. Beena; R. D","Department of Computer Science and Engineering, Sri Muthukumaran Institute of Technology, Chennai, Tamilnadu, India; Department of Computer Science and Engineering, Sri Muthukumaran Institute of Technology, Chennai, Tamilnadu, India; Department of Computer Science and Engineering, Sri Muthukumaran Institute of Technology, Chennai, Tamilnadu, India; Department of Computer Science and Engineering, Sri Muthukumaran Institute of Technology, Chennai, Tamilnadu, India; Department of Computer Science and Engineering, Sri Muthukumaran Institute of Technology, Chennai, Tamilnadu, India; Department of Computer Science and Engineering, Sri Muthukumaran Institute of Technology, Chennai, Tamilnadu, India",2026 6th International Conference on Inventive Computation and Information Technologies (ICICIT),"4 Aug 2026","2026","","","567","572","Alzheimer’s disease requires continuous monitoring to understand behavioral progression and enable early intervention. This work proposed a Digital Twin-driven IoT deep learning system for predictive monitoring of Alzheimer’s patients. Wearable and ambient sensors were used to collect real-time physiological and behavioral data, which were processed and synchronized with a Digital Twin representing the patient’s current condition. A temporal deep learning model analyzed sequential patterns to predict disease progression and detect anomalies. The system was evaluated using multimodal datasets, including OASIS Alzheimer’s Dataset and ADNI Dataset. Experimental results demonstrated an average prediction accuracy of 93.2%, with precision of 92.0% and recall of 91.0%. The anomaly detection rate reached 92.1%, ensuring reliable identification of abnormal behavior. The integration of Digital Twin synchronization improved prediction stability and reduced latency to 138 ms. The proposed system provided an effective framework for real-time, personalized monitoring, supporting proactive healthcare decision-making and improving overall patient safety and care outcomes.","","979-8-3315-5011-0","10.1109/ICICIT69063.2026.11633972","","https://ieeexplore.ieee.org/stamp/stamp.jsp?arnumber=11633972","Alzheimer’s disease;Digital Twin;IoT;Deep Learning;Predictive Monitoring;Behavioral Analysis;Healthcare Analytics;Anomaly Detection","Modeling;Internet of Things;Digital twins;Monitoring;Timing;Real-time systems;Deep learning;Synchronization;Accuracy;Diseases","","","","15","IEEE","4 Aug 2026","6-8 July 2026","6-8 July 2026","IEEE","IEEE Conferences"
"Design and Implementation of a Real-Time Digital Twin for Power Transformer Protection Systems","P. Sivakumar; D. Lochana; V. Meenaroshini; M. Kaleeswari","Department of Electrical and Electronics Engineering, Rajalakshmi Engineering College, Chennai, India; Department of Electrical and Electronics Engineering, Rajalakshmi Engineering College, Chennai, India; Department of Electrical and Electronics Engineering, Rajalakshmi Engineering College, Chennai, India; Department of Electrical and Electronics Engineering, Rajalakshmi Engineering College, Chennai, India","2026 6th International Conference on Multimedia, Signal Processing and Communication Technologies (IMPACT)","14 Apr 2026","2026","","","1","6","Protection of power transformers plays a vital role in the reliability of the grid, but conventional differential relays tend to take a pounding from current transformer (CT) saturation, noise, and incipient fault sensitivity. This article introduces a Real-Time Digital Twin (DT)-driven transformer protection system that combines physics-based modelling with an Unscented Kalman Filter (UKF) for precise state estimation and noise-resistant fault detection. The DT platform integrates differential current, negative sequence, and impedance trajectory analyses to find interturn faults early in real time, making conventional offline diagnostics an active protective measure. Simulation of a 100 MVA, 220/33 kV transformer model in MATLAB/Simulink proved 7-10x times sensitivity improvement in interturn faults (1-2% vs. 10-15%), 85% lower misoperations, and 18 dB signal-to-noise improvement via UKFbased reconstruction. The system had 180 us latency and 25 % CPU usage, validating real-time feasibility. This work lays a basis for self-aware, intelligent protection systems that learn dynamically based on transformer health, which will lead to next-generation smart grid protection architectures.","2690-8239","979-8-3315-8478-8","10.1109/IMPACT68503.2026.11468305","","https://ieeexplore.ieee.org/stamp/stamp.jsp?arnumber=11468305","Digital Twin;Transformer Protection;Unscented Kalman Filter;Real-Time Simulation;Interturn Fault Detection;Smart Grid","Feeds;Kalman filters;Central Processing Unit;Circuits;Filters;Feedback;Electronic circuits;Circuits and systems;Communications technology;Protocols","","","","14","IEEE","14 Apr 2026","14-15 Feb. 2026","14-15 Feb. 2026","IEEE","IEEE Conferences"
"Digital Twin–Enabled Personalized Clinical Trials with Reliable and Explainable Data Pipelines using Organic Synthesis Model","D. R. Kuppala; R.Hariharan","Department of Computer Science and Engineering, Saveetha School of Engineering, Saveetha Institute of Medical and Technical Sciences, India; Department of Electrical and Electronics Engineering, Saveetha School of Engineering, Saveetha Institute of Medical and Technical Sciences, India",2025 5th International Conference on Ubiquitous Computing and Intelligent Information Systems (ICUIS),"13 Feb 2026","2025","","","307","311","The conventional clinical trials are frequently characterized by a lack of personalization, low levels of data reliability and low levels of interpretation, which restrict their use in real-life. The present paper suggests a personalized clinical trial model (DTOC) that incorporates organic synthesis-based drug modeling, multi-omics data fusion, and interpretable artificial intelligence (XAI)-based reliability pipelines with the help of digital twins. Physiology of every patient is simulated as a digital twin and provides an opportunity to simulate genomic, clinical, and quality-of-life signs in real-time. The organic synthesis module is the approximation of the drug-patient interaction on the molecular level, and the XAI layer increases the transparency and compliance with the requirements of GDPR and IEEE principles on AI ethics. Experimental validation with 500 patient datasets showed that it gained significant performance improvement, obtaining 92.3% and XAI reliability of 0.89 and improved in the reliability index by 16% over the baseline deep-learning-based methods. The suggested DTOC framework would guarantee reproducible, interpretable, and ethically consistent trial outcomes. Through the combination of customized drug production and explainable digital health simulation, this study enhances the future of customized clinical trials that can hasten the process of drug discovery, enhance health outcomes, and increase confidence in the AI-driven healthcare systems.","","979-8-3315-5284-8","10.1109/ICUIS67429.2025.11380578","","https://ieeexplore.ieee.org/stamp/stamp.jsp?arnumber=11380578","Digital Twins;Personalized Medicine;Organic Synthesis;Explainable AI;Clinical Trials;Data Reliability","Drugs;Ethics;Explainable AI;Biological system modeling;Pipelines;Clinical trials;Data models;Digital twins;Drug discovery;Reliability","","","","22","IEEE","13 Feb 2026","26-28 Nov. 2025","26-28 Nov. 2025","IEEE","IEEE Conferences"
"Patient-Specific Digital Twins for Personalized Healthcare: A Hybrid AI and Simulation-Based Framework","H. Sharma; S. Kaur","Department of CSE, MNIT Jaipur, Jaipur, Rajasthan, India; Department of AIML, Manipal University Jaipur, Jaipur, Rajasthan, India",IEEE Access,"19 Aug 2025","2025","13","","143277","143290","Digital twins (DTs) represent a transformative paradigm in personalized medicine, enabling real-time, patient-specific simulations that support precision diagnosis, continuous monitoring, and adaptive treatment planning. This paper presents a novel hybrid framework that integrates mechanistic physiological modeling with deep learning to construct patient-specific digital twins. The proposed architecture couples a dynamic simulation engine—capable of modeling organ-system interactions—with neural encoder-decoder networks that extract latent representations from heterogeneous clinical data sources, including biosignals (e.g., ECG), medical imaging, and wearable sensor streams. A probabilistic learning module further enables predictive adaptation under uncertainty, leveraging Bayesian inference and reinforcement learning. The framework supports continuous synchronization between a patient’s real-world physiological state and its digital counterpart, enabling individualized risk assessment, disease trajectory forecasting, and therapy simulation. Extensive experiments on large-scale benchmark datasets (MIMIC-IV and PhysioNet) demonstrate that our hybrid approach significantly outperforms conventional machine learning and standalone AI models across multiple clinical prediction tasks. By fusing physiological realism with data-driven intelligence, the proposed digital twin framework offers a scalable, interpretable, and clinically actionable foundation for next-generation precision healthcare systems.","2169-3536","","10.1109/ACCESS.2025.3598130","Manipal University Jaipur; ","https://ieeexplore.ieee.org/stamp/stamp.jsp?arnumber=11123437","Digital twin;personalized medicine;physiological simulation;deep learning;MIMIC-IV;clinical decision support;hybrid AI","Digital twins;Biological system modeling;Data models;Predictive models;Medical services;Adaptation models;Computational modeling;Artificial intelligence;Real-time systems;Modeling","","21","","83","CCBY","12 Aug 2025","2025","","IEEE","IEEE Journals"
"Digital Twin Unmanned Health Monitoring System for Reciprocating Industrial Equipment Using Deep Learning","Z. Wang; W. Jiang; H. Xu; S. Che; L. Gao","School of Mechanical Engineering, China University of Petroleum (East China), Qingdao, China; School of Mechanical Engineering, China University of Petroleum (East China), Qingdao, China; School of Mechanical Engineering, China University of Petroleum (East China), Qingdao, China; School of Mechanical Engineering, China University of Petroleum (East China), Qingdao, China; School of Mechanical Engineering, China University of Petroleum (East China), Qingdao, China",2024 39th Youth Academic Annual Conference of Chinese Association of Automation (YAC),"24 Jul 2024","2024","","","737","742","Reciprocating industrial equipment is a crucial component of the industrial equipment, and unmanned health monitoring is the linchpin for ensuring its efficient operation. This paper proposes a digital twin unmanned health monitoring system for reciprocating industrial equipment utilizing deep learning for unmanned health monitoring. Initially, monitoring data are expanded through the integration of digital twin, simulation technology, and gradient penalized conditional wasserstein generative adversarial network. Subsequently, the accuracy of monitoring is enhanced by improving classification and regression trees, and unmanned monitoring is achieved by developing applications. Finally, the efficacy of the proposed method is corroborated using a reciprocating plunger experimental machine. The experimental results show that the digital twin model exhibits exceptional fidelity. Moreover, gradient penalized conditional wasserstein generative adversarial network learns the distribution of the simulated samples, thereby enhancing the robustness and the generalization ability of monitoring model while addressing the issue of limited or difficult to obtain field monitoring data. The improvement of the classification and regression trees led to a significant increase in the accuracy of the monitoring model. Furthermore, the mean square error and the mean absolute percentage error are reduced to some extent, which validates the effectiveness of the proposed method.","2837-8601","979-8-3503-7922-8","10.1109/YAC63405.2024.10598514","","https://ieeexplore.ieee.org/stamp/stamp.jsp?arnumber=10598514","reciprocating industrial equipment;digital twin unmanned health monitoring system;digital twin;deep learning;accuracy","Deep learning;Accuracy;Automation;Mean square error methods;Generative adversarial networks;Data models;Robustness","","","","12","IEEE","24 Jul 2024","7-9 June 2024","7-9 June 2024","IEEE","IEEE Conferences"
"Digital twins in Oncology: AI-based Multimodal Data Framework for Cancer Patient Care","K. S; A. Prasanth","Department of Computer Science and Engineering, Vel Tech Rangarajan Dr. Sagunthala R&D Institute of Science and Technology, Chennai, Tamil Nadu, India; Department of Computer Science and Engineering, Vel Tech Rangarajan Dr. Sagunthala R&D Institute of Science and Technology, Chennai, Tamil Nadu, India",2025 International Conference on Sustainable Communication Networks and Application (ICSCN),"30 Dec 2025","2025","","","325","330","Digital Twins (DT) have the possible to develop healthcare by allowing personalized medicine, particularly in cancer treatment. This paper proposes a novel framework for Cancer Patient Digital Twins (CPDT), aiming to enhance predictive analytics, treatment optimization, clinical decision-making, and oncology outcomes through the integration of AI-driven data fusion and real-time monitoring. The CPDT framework combines advanced technologies such as deep learning, federated learning, complex biological simulations, and quantum-assisted computing to model cancer patients as dynamic systems. By capturing and integrating multi-modal data using artificial intelligence, the framework generates continuous insights that support more precise and personalized clinical interventions. This allows clinicians to simulate treatment outcomes, evaluate risks, and make data-driven decisions tailored to individual patients, thus advancing the goals of precision oncology. The framework also facilitates diagnostic monitoring and predictive modeling at multiple biological scales, ensuring adaptability to diverse clinical scenarios. Despite its transformative possible, the CPDT approach faces important challenges, including data privacy, ethical anxieties, and computational resource demands. Addressing these issues will require ongoing innovation in methodology, robust clinical validation, and interdisciplinary collaboration among AI researchers, clinicians, and policymakers. With continued development, the CPDT framework could become a cornerstone of AI-driven digital health solutions, offering a powerful tool to improve cancer care outcomes. This research emphasizes the importance of refining CPDT technologies and fostering collaboration to fully realize their promise in delivering optimized, patient-specific cancer treatments.","","979-8-3315-9420-6","10.1109/ICSCN67106.2025.11308608","","https://ieeexplore.ieee.org/stamp/stamp.jsp?arnumber=11308608","AI;Digital Twins;Personalized Oncology;Multimodal Integration;Clinical Data;Cancer Patient Digital Twin","Technological innovation;Quantum computing;Computational modeling;Biological system modeling;Decision making;Cancer treatment;Predictive models;Oncology;Digital twins;Cancer","","1","","19","IEEE","30 Dec 2025","15-17 Oct. 2025","15-17 Oct. 2025","IEEE","IEEE Conferences"
"Neural Network Based Digital Twin Health Monitoring of BLDC Motor Drives for Robots","M. Y. Metwly; B. Luckett; L. Clark; J. He; B. Xie","Department of Electrical Engineering and Computer Science, University of Tennessee, Knoxville, TN, USA; Department of Electrical and Computer Engineering, University of Kentucky, Lexington, KY, USA; Department of Electrical and Computer Engineering, University of Kentucky, Lexington, KY, USA; Department of Electrical Engineering and Computer Science, University of Tennessee, Knoxville, TN, USA; Department of Electrical and Computer Engineering, University of Kentucky, Lexington, KY, USA",2025 IEEE Applied Power Electronics Conference and Exposition (APEC),"1 May 2025","2025","","","919","924","Robots have shown promising prospect in numerous applications, such as space exploration and disaster rescue. Due to the harsh environmental conditions (e.g., high temperature) in many applications, motor drive systems in the robotic arms are vulnerable to hardware failures such as inverter switching aging or faults. To address this challenge and avoid significant downtime cost, a digital twin based online health monitoring model, is developed for diagnosing potential switching faults that could occur to the robotic brushless DC (BLDC) motor drives. Specifically, the online digital twin health monitoring model is based on a dynamic neural network (DNN). Various DNN architectures have been tested to determine the best trade-off between the model accuracy and computational efficiency, which is to ensure that the proposed model can be embedded into a microprocessor and used in real-time applications. Finally, the efficacy of the proposed DNN-based digital twin approach is validated with testing data in a BLDC motor-drive prototype.","2470-6647","979-8-3315-1611-6","10.1109/APEC48143.2025.10977518","National Science Foundation; ","https://ieeexplore.ieee.org/stamp/stamp.jsp?arnumber=10977518","Digital twin;health monitoring;neural network;BLDC motor drives;robotic arm joints","Training;Motor drives;Computational modeling;Prototypes;Switches;Arms;Manipulators;Real-time systems;Digital twins;Monitoring","","1","","17","IEEE","1 May 2025","16-20 March 2025","16-20 March 2025","IEEE","IEEE Conferences"
"An Online Digital Twin based Health Monitoring Method for Boost Converter using Neural Network","Y. Lu; M. Zhang; L. Nordström; Q. Xu","Department of Electric Power and Energy Systems, KTH Royal Institute of Technology, Stockholm, Sweden; Department of Electric Power and Energy Systems, KTH Royal Institute of Technology, Stockholm, Sweden; Department of Electric Power and Energy Systems, KTH Royal Institute of Technology, Stockholm, Sweden; Department of Electric Power and Energy Systems, KTH Royal Institute of Technology, Stockholm, Sweden",2023 IEEE Energy Conversion Congress and Exposition (ECCE),"29 Dec 2023","2023","","","3701","3706","This paper proposes a neural network-based digital twin for online health monitoring of vulnerable components in converters. The proposed digital twin consists of a physics-informed model with uncertain parameters, and a neural network (NN) for real-time model updating and health monitoring of components. This method is noninvasive, without extra circuits, and can identify parameters in real-time with high efficiency. Simulation and experiment are conducted to validate the effectiveness of the proposed method in accurate parameter identification and degradation monitoring of capacitor and MOSFET.","2329-3748","979-8-3503-1644-5","10.1109/ECCE53617.2023.10362778","","https://ieeexplore.ieee.org/stamp/stamp.jsp?arnumber=10362778","Digital twin;health monitoring;boost converter;parameter identification;neural network","Degradation;Semiconductor device modeling;MOSFET;Parameter estimation;Capacitors;Artificial neural networks;Real-time systems","","16","","22","IEEE","29 Dec 2023","29 Oct.-2 Nov. 2023","29 Oct.-2 Nov. 2023","IEEE","IEEE Conferences"
"System Architecture of TWIN: A New Digital Twin-Based Clinical Decision Support System for Type 1 Diabetes Management in Children","G. Cappon; E. Pellizzari; L. Cossu; G. Sparacino; A. Deodati; R. Schiaffini; S. Cianfarani; A. Facchinetti","Department of Information Engineering, University of Padova, Padova, Italy; Department of Information Engineering, University of Padova, Padova, Italy; Department of Information Engineering, University of Padova, Padova, Italy; Department of Information Engineering, University of Padova, Padova, Italy; Dipartimento Medicina dei Sistemi, University of Roma Tor Vergata, Rome, Italy; Endocrine and Diabetes Unit, Bambino Gesù Children’s Hospital, IRCCS, Rome, Italy; Dipartimento Medicina dei Sistemi, University of Roma Tor Vergata, Rome, Italy; Department of Information Engineering, University of Padova, Padova, Italy",2023 IEEE 19th International Conference on Body Sensor Networks (BSN),"1 Dec 2023","2023","","","1","4","Type 1 diabetes (T1D) management in pediatric patients presents unique challenges due to the evolving physiology and the need for close monitoring and intervention. This article presents the system architecture of TWIN, a novel personalized Decision Support System (DSS) for managing multiple daily injections (MDI) therapy in pediatric T1D patients. TWIN incorporates advanced technologies such as continuous glucose monitoring (CGM) devices, smart insulin pens, and wearable physical activity trackers to collect large amounts of user-generated data. At its core, the system leverages an open-source digital twinning methodology called ReplayBG to create virtual clones of patients, representing their unique physiological characteristics. These virtual clones are then utilized in multiple simulation iterations to personalize and optimize therapy parameters. To promote the transparency of the generated results, TWIN employs a large-scale linguistic model based on a Generative Pre-trained Transformer (GPT). This model provides clear explanations and contextual information regarding the recommended therapy parameters. Finally, the proposed TWIN system architecture integrates these algorithms within a state-of-the-art digital platform. This platform offers a user-friendly interface for patients and healthcare providers, enabling effective management and tuning of MDI therapy. Future work will focus on testing and validating TWIN to assess its efficacy and usability in pediatric T1D management.","2376-8894","979-8-3503-3841-6","10.1109/BSN58485.2023.10331272","","https://ieeexplore.ieee.org/stamp/stamp.jsp?arnumber=10331272","type 1 diabetes;decision support systems;digital twinning;suggestion generation;multiple daily injection","Decision support systems;Medical treatment;Systems architecture;Cloning;Transformers;Diabetes;Biomedical monitoring;Usability;Monitoring;Tuning","","13","","17","IEEE","1 Dec 2023","9-11 Oct. 2023","9-11 Oct. 2023","IEEE","IEEE Conferences"
"Digital Twin Modeling and Graph Neural Networks for Predictive Analytics in Remote Healthcare Monitoring Platforms","Rubeena; A. Younas; B. Abdurasul; S. R. Chowdhury; V. S. Krushnasamy; R. Saravanakumar","Department of Computer science, College of Engineering and computer science, Jazan University, Saudi Arabia; Chinese Academy of Sciences, Institute of Philosophy, Beijing, China; Department of Automatic control and Computer engineering, Turin Polytechnic University, Tashkent, Uzbekistan; Department of Hospital management, Brainware University, Kolkata, India; Department of Electronics and Instrumentation Engineering, Dayananda Sagar College of Engineering, Bangalore, India; Department of ECE, Saveetha School of Engineering, Saveetha Institute of Medical and Technical Sciences, Saveetha University, Chennai, India","2026 Sixth International Conference on Advances in Electrical, Computing, Communications and Sustainable Technologies (ICAECT)","13 Mar 2026","2026","","","1","6","The Healthcare Monitors is a new predictive analytics model that has Digital Twin Modeling and Graph Neural Networks (GNNs) to assist in remote healthcare monitoring. Existing methods are usually inadequate when handling time-dependent health data and patient-equipment-symptom inter-relationship, decreasing prediction accuracy and personalization. To overcome, a new hybrid which combines Digital Twin profiles with Informer-based Transformers and Graph Attention Networks to model strong in terms of time and relational. Healthcare Iot Dataset from Kaggle (heart rate and oxygen levels) is used to train and test. The methodology in Python uses a combination of graph and time-series to predict patient degradation and risk of alertness in real-time with an accuracy of 93%. Prediction of adverse events has been very precise and this is evidence that the system is reliable. The patient, clinician and healthcare practitioner are the beneficiaries of the methodology in terms of timely interventions and improvement in decision support.","","979-8-3315-7322-5","10.1109/ICAECT68478.2026.11426029","","https://ieeexplore.ieee.org/stamp/stamp.jsp?arnumber=11426029","Digital Twin;Graph Neural Network;Remote Healthcare;Time-Series Prediction;Informer Transformed","Analytical models;Accuracy;Medical services;Predictive models;Transformers;Graph neural networks;Digital twins;Reliability;Predictive analytics;Monitoring","","","","16","IEEE","13 Mar 2026","8-9 Jan. 2026","8-9 Jan. 2026","IEEE","IEEE Conferences"
"Autonomous Digital Twin Ecosystems for Precision Healthcare Forecasting","S.Nagendrudu; K. Sreenivasulu; M. V. Subramanyam; F. S. Mahammad; K. Saiphani; S. N. Banu","CSE Dept, Santhiram Engieering College, Nandyal, Andhra Pradesh, India; CSE Dept, Santhiram Engieering College, Nandyal, Andhra Pradesh, India; ECE Dept, Santhiram Engineering College, Nandyal, Andhra Pradesh, India; CSE Dept, Santhiram Engieering College, Nandyal, Andhra Pradesh, India; CSE Dept, Santhiram Engieering College, Nandyal, Andhra Pradesh, India; CSE Dept, Santhiram Engieering College, Nandyal, Andhra Pradesh, India",2026 International Conference on Intelligent and Sustainable AI Systems (ICOSAAS),"14 Aug 2026","2026","","","484","489","Due to the increasing volume of healthcare data produced through electronic health records (EHRs), medical imaging systems, laboratory reports, and wearables, intelligent healthcare analytics and personalized medicine are emerging from this growing data generation. Though, the heterogeneity of these data sources and the dynamic development of patient health conditions make accurate disease prediction and constant patient monitoring difficult. Digital Twin (DT) technology has provided a potential way forward, capable of generating virtual representations of patients that can be continuously updated with real healthcare data. We introduce and propose an Autonomous Multimodal Medical Digital Twin Framework for Predictive Healthcare Analytics (AMDT-PHA) based on the integrated multimodal healthcare data, which enables the construction of dynamic patient-specific digital twins for intelligent healthcare management. The framework utilizes a hybrid model based on CNN (Convolutional Neural Network), Transformer and GNN (Graph Neural Network) based artificial intelligence engine for extraction, fusion and analysis of heterogeneous medical information such as imaging, clinical records, laboratory measurements, and wearable sensors. The real-time patient information that the digital twin receives keeps the digital twin updated with adaptive synchronization on the basis of health state for proactive disease management and predictive information and personalized clinical decision support. The findings from the experimental evaluation using benchmark healthcare datasets establish that the proposed framework leads to improved predictive performance and provides more effective tools for data-driven medical decision-making. Through this, the results prove that the integration of multimodal learning and autonomous digital twin technologies offer a scalable intelligent tool for the next generation predictive healthcare systems.","","979-8-3315-7974-6","10.1109/ICOSAAS68663.2026.11648942","","https://ieeexplore.ieee.org/stamp/stamp.jsp?arnumber=11648942","Digital Twin;Predictive Healthcare Analytics;Multimodal Learning;Healthcare Artificial Intelligence;Electronic Health Records;Medical Imaging;Graph Neural Networks;Clinical Decision Support","Medical services;Modeling;Synchronization;Digital twins;Equations;Transformers;Tagging;Accuracy;Diseases;Machine learning","","","","15","IEEE","14 Aug 2026","20-22 July 2026","20-22 July 2026","IEEE","IEEE Conferences"
"An Approach for Real-Time Distribution Transformer Health Monitoring and Predictive Maintenance System","M. N. Mohanty; S. K. Mohapatra; A. B. Nanda","Departmeent of ECE, ITER, Siksha ‘O’ Anusandhan (Deemed to be University), Bhubaneswar, India; Faculty of Engineering & Technology, Sri Sri University, Cuttack, India; Department of Electrical Engineering, ITER, Siksha 'O' Anusandhan (Deemed to be University), Bhubaneswar, India",2026 1st International Conference on Artificial Intelligence & Machine Learning in Communication and Power Systems (AIMLCPS),"8 Jun 2026","2026","","","1","5","Power distribution transformers are critical assets in different electrical infrastructure. Sometimes the unexpected failures lead to prolonged outages, economic losses, and safety risks than can't be resolved on use of traditional monitoring due to mechanical relays and manual inspections. Also, it fails in real-time fault prediction. This paper presents a modern, low-cost IoT-based system for real-time monitoring of key transformer parameters including voltage, current, oil temperature, winding temperature, oil level, humidity, vibration, and dissolved gases. The system uses an ESP32 micro-controller for real time data acquisition and prepossessing. For long-range, low-power wireless communication with adaptive data rates Zigbee platform is utilized. It can satisfy the IoT based communication, visualization and predictive analysis. With protective actions. Similarly, the data communication can be performed using SMS, email, and push notification. Integration of a hybrid machine learning model as Dynamic Multi scale Attention CNN-LSTM, DMSA-CNN-LSTM) enables predictive maintenance with multi-modal data fusion, achieving 99.17% classification accuracy, 97.14% F1-score, 97.81% precision, and 96.47% recall on fused datasets. The proposed design outperforms in terms of range, power efficiency, scalability, cost, and aligning with recent advancements in smart grid applications, including AI-driven anomaly detection and digital twins.","","979-8-3315-5920-5","10.1109/AIMLCPS68702.2026.11542504","","https://ieeexplore.ieee.org/stamp/stamp.jsp?arnumber=11542504","IoT;Transformer Monitoring;ESP32;LoRaWAN;Predictive Maintenance;Machine Learning;Dissolved Gas Analysis (DGA);Vibration Monitoring;Cloud Computing;Multimodal Data Fusion","Modeling;Internet of Things;Transformers;Long short term memory;Timing;Convolutional neural networks;Monitoring;Machine learning;Lubricating oils;Oils","","1","","10","IEEE","8 Jun 2026","20-21 Feb. 2026","20-21 Feb. 2026","IEEE","IEEE Conferences"
"Apply Biomedical Implantation to Digital Twins: Active Tracking and Predictive Upkeep of Intrinsic Health Devices and Sensors","V. S. Pandi; M. Kanan; S. R. Kishore; M. Kannidi; M. Dinesh; R. Balasubramaniyan","Centre for Advanced Wireless Integrated Technology, Chennai Institute of Technology, Chennai, Tamil Nadu, India; Department of Industrial Engineering, College of Engineering, University of Business and Technology, Jeddah, Saudi Arabia; Department of ECE, CMR Engineering College, Hyderabad, India; Department of Electronics and Communication Engineering, MLR Institute of Technology, Hyderabad, Telangana, India; Department of VLSI Microelectronics, Saveetha School of Engineering, Saveetha Institute of Medical and Technical Sciences (SIMATS), Saveetha University, Chennai, India; Department of Artificial Intelligence & Data Science, Jeppiaar Institute of Technology, Chennai, India",2025 International Conference on Digital Innovations for Sustainable Solutions (ICDISS),"12 Jan 2026","2025","","","1","7","The combination of biomedical implantation technologies and digital twin (DT) systems represents an upheaval into the era of personalized health-caring and medical equipment management. In light of continuous rise of implantable biomedical devices and sensors for health monitoring related physiological parameters, long-term functionality of such implantable devices and sensors, biocompatibility and predictive maintenance have become critical. This study presents a new digital twin-based scheme for biomedical implantable systems that would support live health monitoring, fault detection, and preventive maintenance of the implanted devices. A virtual twin of each implanted device - fused with sensor data streams and physiological responses - better enables uninterrupted monitoring of device behavior, patient-specific health indicators and the contextual risks associated with them. A machine learning based system has been proposed that uses neural networks (NN) to process data in real time from implants, including, for example, neuro-stimulators or pacemakers, or other types of implants, e.g., an insulin pump or biosensor. These digital twins continuously adjust in response to variations in device performance and patient health and provide clinicians and biomedical engineers with actionable information to enable early interventions or optimize performance. In addition, predictive maintenance elements of the framework predict possible degradation, calibration requirement or power drain so that corrective action is taken in time and without breaking into the system. The architecture enables secure cloud-edge data fusion and has been developed with strong adherence to (medical) data standards (e.g., HL7, FHIR), enabling data interoperability and patient safety. Simulation studies and case applications reveal that the fusion of digital twins with biomedical implants leads to increased monitoring accuracy, higher implant reliability, comprehensive individual health analysis, and better patient management. The research presented in this article lays the groundwork for intelligent, self-aware medical devices in smart environments for healthcare, which could enable a proactive, patient-centered care facilitated by cyber-physical systems. The results have significant implications for prospective advances in telehealth, AI-driven diagnostics, deeper understanding of the human brain and next-generation bio-interfaces.","","979-8-3315-5641-9","10.1109/ICDISS68238.2025.11320648","","https://ieeexplore.ieee.org/stamp/stamp.jsp?arnumber=11320648","Biomedical Implantation;Predictive Maintenance;Real-Time Health Monitoring;Implantable Medical Devices;Sensor Data Analytics;Cyber-Physical Medical Systems","Performance evaluation;Implants;Sensors;Digital twins;Safety;Biosensors;Reliability;Biomedical monitoring;Monitoring;Predictive maintenance","","1","","16","IEEE","12 Jan 2026","14-15 Nov. 2025","14-15 Nov. 2025","IEEE","IEEE Conferences"
"GaitFormer: Two-Stream Transformer Gait Recognition Using Wearable IMU Sensors in the Context of Industry 5.0","Z. Lu; H. Zhou; L. Wang; D. Kong; H. Lyu; H. Wu; B. Chen; F. Chen; N. Dong; G. Yang","State Key Laboratory of Fluid Power and Mechatronic Systems, School of Mechanical Engineering, Zhejiang University, Hangzhou, China; State Key Laboratory of Fluid Power and Mechatronic Systems, School of Mechanical Engineering, Zhejiang University, Hangzhou, China; State Key Laboratory of Fluid Power and Mechatronic Systems, School of Mechanical Engineering, Zhejiang University, Hangzhou, China; State Key Laboratory of Fluid Power and Mechatronic Systems, School of Mechanical Engineering, Zhejiang University, Hangzhou, China; State Key Laboratory of Fluid Power and Mechatronic Systems, School of Mechanical Engineering, Zhejiang University, Hangzhou, China; Zhejiang Key Laboratory of Intelligent Operation and Maintenance Robot, Hangzhou Shenhao Technology, Hangzhou, China; Dongfang Electric (Hangzhou) Innovation Institute Company Ltd., Hangzhou, China; Dongfang Electric (Hangzhou) Innovation Institute Company Ltd., Hangzhou, China; Dongfang Electric (Hangzhou) Innovation Institute Company Ltd., Hangzhou, China; State Key Laboratory of Fluid Power and Mechatronic Systems, School of Mechanical Engineering, Zhejiang University, Hangzhou, China",IEEE Sensors Journal,"2 Jun 2025","2025","25","11","19947","19956","The rising attention to human-centricity, a core value of Industry 5.0, makes researchers propose various methods to place humans in the center of production, such as the human digital twin (HDT) and gait identity recognition. However, previous HDT applications in the Industry 5.0 era have less consideration of identity recognition, the vital way to link physical signals to personal archives in cyber systems. Herein GaitFormer, a two-stream transformer gait recognition method is proposed for application with the wearable inertial measurement unit (IMU) motion capture system. GaitFormer consists of temporal and channel modules enclosing Gaussian range encoding (GRE), multihead autocorrelation mechanism, and multiscale as convolutional neural network (CNN) layers. It outperforms state-of-the-art architectures with extensive experiments over publicly available IMU-based datasets, respectively: whuGait and OU-ISIR. Then, the study intends to combine the motion capture system and gait identity recognition algorithm to propose an application of personal monitoring in the human-cyber-physical-system (HCPS), which uses GaitFormer to recognize the identity of the user with motion capture system and show their corresponding customized HDT. This work may contribute to making a connection between gait identity recognition and HDT, constructing personal working profiles in the environment of Industry 5.0.","1558-1748","","10.1109/JSEN.2025.3560812","National Natural Science Foundation of China(grant numbers:52375031,52405038); Natural Science Foundation of Zhejiang Province(grant numbers:LRG25E050001); Postdoctoral Fellowship Program (Grade B) of China Postdoctoral Science Foundation(grant numbers:GZB20240654); China Postdoctoral Science Foundation(grant numbers:2024M762812); Priority-Funded Postdoctoral Research Project of Zhejiang Province(grant numbers:ZJ2024013); Dongfang Electric Corporation-Zhejiang University Joint Innovation Research Institute, the Bellwethers +X Research and Development Plan of Zhejiang Province(grant numbers:2024C04057(CSJ),2025C01012); Joint Research Project of Sci-Tech Innovation Community in Yangtze River Delta(grant numbers:2023CSJGG1400); ","https://ieeexplore.ieee.org/stamp/stamp.jsp?arnumber=10971874","Gait identity recognition;human digital twin (HDT);inertial motion capture;two-stream transformer","Feature extraction;Sensors;Motion capture;Encoding;Transformers;Gait recognition;Fifth Industrial Revolution;Data mining;Convolutional neural networks;Intelligent sensors","","16","","40","IEEE","21 Apr 2025","1 June1, 2025","","IEEE","IEEE Journals"
"Cloud-Integrated Digital Twins for Multisource Data Management in E-Health Care Systems Using Deep Transfer Learning","A. Shankhdhar; H. Garg","GLA University, Mathura, India; GLA University, Mathura, India",2025 7th International Conference on Information Systems and Computer Networks (ISCON),"23 Jan 2026","2025","","","1","7","In the modern era, healthcare systems are increasingly moving towards digitalization and integration with cloud technologies, driven by the need to manage and analyse vast amounts of patient data effectively. E-healthcare systems struggle to integrate multisource data from EHRs, wearables, sensors, and imaging due to format, quality, and frequency variations. IoT, Digital Twin (DT), and Deep Transfer Learning (DTL) further complicate data harmonization, synchronization, and predictive accuracy for effective patient health management. The objectives are to develop a unified framework for integrating multisource data from EHRs, wearables, sensors, and imaging, leveraging IoT, DT, and DTL to enhance data harmonization, synchronization, and predictive accuracy for improved patient health management. Cloud-Edge Collaborative Filtering (CECF) optimizes e-healthcare by preprocessing data at the edge, filtering in the cloud, and enhancing decision-making and privacy. Adaptive Federated Transfer Learning (AFTL) enables decentralized, personalized model training across devices, enhancing privacy, accuracy, and adaptation in e-healthcare. Hopfield Neural Networks (HNN) in cloud-based DTs enhance pattern recognition, anomaly detection, and real-time health monitoring in e-healthcare. Findings show that the system demonstrates high predictive accuracy 92%, efficient TL 85%, fast data processing 2 seconds, reduced operational costs of 20%, and improved patient outcomes, including a 95% satisfaction rate and 15% readmission rate and implemented in Python software. Future scope includes enhancing personalization with AI-driven models, improving real-time decision-making, expanding interoperability across systems, integrating genomic data, ensuring advanced security, and enabling global collaboration for optimized patient care.","","979-8-3315-9744-3","10.1109/ISCON65210.2025.11341669","","https://ieeexplore.ieee.org/stamp/stamp.jsp?arnumber=11341669","Digital Twins;Multisource Data;E-Health Care Systems;Adaptive Federated Transfer Learning;Hopfield Neural Networks and Deep Transfer Learning","Image sensors;Accuracy;Transfer learning;Decision making;Hopfield neural networks;Real-time systems;Digital twins;Synchronization;Wearable devices;Wearable sensors","","1","","20","IEEE","23 Jan 2026","5-6 Sept. 2025","5-6 Sept. 2025","IEEE","IEEE Conferences"
"Digital Twin for Real-Time Monitoring of Transformer Performance and Line Faults","M. Ishwarya; V. K; V. S. V","Dept. of Information Technology, IFET College of Engineering, Villupuram, India; Dept. of Information Technology, IFET College of Engineering, Villupuram, India; Dept. of Information Technology, IFET College of Engineering, Villupuram, India","2025 4th International Conference on Automation, Computing and Renewable Systems (ICACRS)","14 Jan 2026","2025","","","693","699","In contemporary electrical power networks, continuous condition assessment and intelligent fault identification are critical for ensuring the reliable and efficient functioning of transformers and distribution infrastructures. This work proposes a Digital Twin (DT) enabled monitoring architecture that performs real-time performance evaluation and fault diagnosis for transformer systems. The framework incorporates multiple sensing units such as temperature, oil level, overload, voltage, and current sensors to capture essential operational variables from the physical transformer. The collected data is processed through a microcontroller and synchronized with a Digital Twin representation that models the transformer’s dynamic behavior in a virtual domain. An Augmented Reality (AR)- based interface is integrated to deliver intuitive visualization of transformer health conditions. Deviations in sensor readings or detected faults initiate a color-coded alert mechanism within the AR environment, providing rapid identification of irregularities. Furthermore, MATLAB Simulink is employed to simulate line fault conditions and transformer responses under fluctuating loads, supporting predictive diagnostics and early alert generation. By combining DT technology, AR visualization, and real-time data analytics, the proposed system significantly improves predictive maintenance, enhances fault localization, and elevates situational awareness across power distribution networks. The integrated classification model demonstrates a final accuracy of 98% in health index categorization, ensuring highly reliable diagnostic outcomes. This high accuracy further validates the robustness and effectiveness of the proposed monitoring architecture. This holistic approach contributes to reduced equipment downtime, strengthened system reliability, and proactive fault handling, ultimately promoting safer and more sustainable energy operations.","","979-8-3315-4886-5","10.1109/ICACRS67045.2025.11324325","","https://ieeexplore.ieee.org/stamp/stamp.jsp?arnumber=11324325","Digital Twin;Transformer Monitoring;Line Fault Detection;Augmented Reality;IoT;Predictive Maintenance","Fault diagnosis;Temperature sensors;Data visualization;Oil insulation;Transformers;Real-time systems;Digital twins;Sensors;Monitoring;Predictive maintenance","","","","18","IEEE","14 Jan 2026","10-12 Dec. 2025","10-12 Dec. 2025","IEEE","IEEE Conferences"
"Deep Learning-Empowered Clinical Big Data Analytics in Healthcare Digital Twins","Z. Lv; J. Guo; H. Lv","Faculty of Arts, Uppsala University, Uppsala, Sweden; College of Computer Science & Technology, Qingdao University, Qingdao, Shandong, China; North China Sea Offshore Engineering Survey Institute, Ministry of Natural Resources North Sea Bureau, Qingdao, Shandong, China",IEEE/ACM Transactions on Computational Biology and Bioinformatics,"8 Aug 2024","2024","21","4","660","669","With the rapid development of information technology, great changes have taken place in the way of managing, analyzing, and using data in all walks of life. Using deep learning algorithm for data analysis in the field of medicine can improve the accuracy of disease recognition. The purpose is to realize the intelligent medical service mode of sharing medical resources among many people under the dilemma of limited medical resources. Firstly, the Digital Twins module in the Deep Learning algorithm is used to establish the medical care and disease auxiliary diagnosis model. With the help of the digital visualization model of Internet of Things technology, data is collected at the client and server. Based on the improved Random Forest algorithm, the demand analysis and target function design of the medical and health care system are carried out. Based on data analysis, the medical and health care system is designed using the improved algorithm. The results show that the intelligent medical service platform can collect and analyze the clinical trial data of patients. The accuracy of improved ReliefF & Wrapper Random Forest (RW-RF) for sepsis disease recognition can reach about 98%, and the accuracy of algorithm for disease recognition is also more than 80%, which can provide better technical support for disease recognition and medical care services. It provides a solution and experimental reference for the practical problem of scarce medical resources.","1557-9964","","10.1109/TCBB.2023.3252668","","https://ieeexplore.ieee.org/stamp/stamp.jsp?arnumber=10059324","Clinical data;deep learning;digital twins;healthcare;random forest algorithm","Medical diagnostic imaging;Deep learning;Medical services;Diseases;Mathematical models;Convolution;Random forests","Deep Learning;Humans;Big Data;Algorithms;Internet of Things;Sepsis","23","","41","IEEE","6 Mar 2023","July-Aug. 2024","","IEEE","IEEE Journals"
"From Patient-Specific Digital Twin to Real-World Phantom: Autonomous Right Heart Catheterization","Y. Wang; M. Xu; W. Gaozhang; H. A. Wurdemann","Department of Mechanical Engineering, University College London, London, U.K.; Department of Public Health and Primary Care, University of Cambridge, Cambridge, U.K.; Department of Mechanical Engineering, University College London, London, U.K.; Department of Mechanical Engineering, University College London, London, U.K.",IEEE Robotics & Automation Magazine,"25 Mar 2026","2026","33","1","52","62","Right heart catheterization (RHC) is a critical procedure for diagnosing and managing cardiovascular diseases (CVDs) such as heart failure, congenital heart disease, pulmonary edema, and pulmonary hypertension. However, currently prevalent manual RHC procedures require continuous communication of clinicians between the main control room and the operating room, leading to navigation inaccuracies and increased physical workload for clinicians during prolonged procedures. To overcome these challenges, this article introduces a robotic system that enables autonomous RHC (Auto-RHC) by transferring a catheter decision-making model from patient-specific (PS) digital twins to real-world robotic intervention using deep learning (DL) algorithms. By creating a PS digital twin using the Simulation Open Framework Architecture (SOFA) and conducting virtual RHC interventions, images capturing the catheter balloon’s position and aligned behavioral datasets were collected and utilized as input for a convolutional neural network (CNN) architecture. The trained catheter decision-making model derived from the digital twin was then transferred to real-world implementations of robot-assisted Auto-RHC. Experimental results validated the performance of the digital twin and demonstrated that the real-world robotic Auto-RHC achieved a high success rate across both static (≥96%) and dynamic heartbeat (≥94%) PS cardiac phantoms. Furthermore, Auto-RHC enhanced navigation consistency by ≥34.63% compared to expert manual operation.","1558-223X","","10.1109/MRA.2025.3642745","Springboard Award of the Academy of Medical Sciences(grant numbers:SBF003-1109); Engineering and Physical Sciences Research Council(grant numbers:EP/R037795/1,EP/S014039/1,EP/V01062X/1); ","https://ieeexplore.ieee.org/stamp/stamp.jsp?arnumber=11358831","","Phantoms;Digital twins;Navigation;Three-dimensional displays;In vitro;Solid modeling;Predictive models;Catheterization;Cardiovascular diseases;Medical diagnosis;Digital twins;Autonomous systems;Medical robotics","","","","20","IEEE","19 Jan 2026","March 2026","","IEEE","IEEE Magazines"
"Predictive Maintenance Model and System Integration for Warehouse Equipment Based on Digital Twins and Deep Learning","R. Kong","State Grid Quanzhou Power Supply Company, Quanzhou, China","2026 IEEE International Conference on Power, Electronics and Green Energy (ICPEGE)","27 Mar 2026","2026","","","1401","1406","This paper addresses the current challenges of warehouse equipment operation, such as the difficulty in timely fault detection and the inefficiency and high cost of traditional scheduled maintenance. This paper proposes a predictive maintenance model and system integration approach based on digital twins (DT) and deep learning (DL). First, a digital twin of the warehouse equipment is constructed, mapping key operational data such as temperature, vibration, and current collected by sensors into a virtual model in real time, enabling dynamic interaction between the physical entity and the virtual space. Second, a deep learning architecture combining convolutional neural networks (CNNs) and long short-term memory (LSTM) is used to extract features and model health status from multi-source time series data. Transfer learning is then used to optimize the modeling process to address the sample shortage issue across different equipment. Finally, anomaly detection and remaining life prediction modules are integrated to achieve a closed-loop monitoring, analysis, and decision-making process at the system level. Experimental results, based on operational data from 1,000 units, show that failure predictions consistently approach or reach 72 hours in advance, with a prediction accuracy of 97%. The average maintenance cost is approximately 12.3k¥. This model not only improves the operational reliability and safety of warehouse equipment but also enables the implementation of predictive maintenance.","","979-8-3315-8601-0","10.1109/ICPEGE67691.2026.11451317","","https://ieeexplore.ieee.org/stamp/stamp.jsp?arnumber=11451317","Digital Twin;Deep Learning;Predictive Maintenance;System Integration;Warehouse Equipment","Deep learning;Temperature sensors;System integration;Predictive models;Maintenance;Digital twins;Sensors;Monitoring;Long short term memory;Predictive maintenance","","","","15","IEEE","27 Mar 2026","28-30 Jan. 2026","28-30 Jan. 2026","IEEE","IEEE Conferences"
"Spatial-Temporal Digital Twin for Crop Disease Prediction: A Hybrid ConvLSTM-Graph Neural Network Approach","V. Gopinath; M. Sangeetha","CSE K.S.R. College of Engineering, Tiruchengode; IT K.S.Rangasamy College of Technology, Tiruchengode",2025 3rd International Conference on Intelligent Cyber Physical Systems and Internet of Things (ICoICI),"1 Dec 2025","2025","","","570","575","The increasing worldwide menace of plant diseases, causing, inter alia, annual losses of $3B due to coffee leaf rust, calls for the deployment of high-tech predictive tools above traditional reactive measures. Existing Systems relies upon manual scouting or analysis based on past weather information and incidents within the vicinity of a plantation, or basic machine learning methods (e.g., random forests) applied to segregated data sets, which results in suboptimal accuracy (60-70%) and fairly late detection (⩽7 days preceding visible symptoms). The thrust of this work goes to proposing Innovative Method a spatiotemporal digital twin integrating a hybrid ConvLSTM-Graph Neural Networks (GNNs) for 14 days pre-symptom disease prediction. The framework fuses multi-modal data, such as satellite NDVI (10m resolution Sentinel-2), drone thermal imagery (0.5 cm/pixel), IoT soil sensors (pH/moisture 15 min interval), and ERA5 microclimate forecasts into a physics-informed deep learning architecture. The ConvLSTM models temporal dynamics of canopy health, whereas the GNN models pathogen spread across the plants represented by graphs using graph attention (GAT) layers. Next, intervention strategies from the digital twin simulation layer built in Unity3D are tested with reinforcement learning (PPO algorithm). Validated with the 50 Colombian coffee farms dataset from 2021 to 2023, this system has obtained early rust detection with 88.3% precision (14.2 days of average lead time), with optimized treatment plans allowing a 34.7% reduction in pesticide usage, and increasing yields by 16.1% versus control groups. The model was 22.8% ahead of existing systems in F1-score and demonstrated generalizability to wheat rust in synthetic trials. This demonstration established that operational digital twins in hybrid deep learning architectures can bring crop protection from reactive to the predictive stage, hence working towards the sustainable agricultural goals set by FAO for 2030. Future directions may include edge AI deployment via NVIDIA Jetson with alerts in the field and prescription tracking via blockchain.","","978-1-6654-5753-8","10.1109/ICoICI65217.2025.11253080","","https://ieeexplore.ieee.org/stamp/stamp.jsp?arnumber=11253080","Digital Twin;Spatial-Temporal Deep Learning;Crop Disease Prediction;ConvLSTM;Graph Neural Network (GNN);Precision Agriculture;Early Warning System","Precision agriculture;Accuracy;Satellites;Reinforcement learning;Pesticides;Thermal sensors;Predictive models;Loss measurement;Digital twins;Protection","","5","","23","IEEE","1 Dec 2025","17-19 Sept. 2025","17-19 Sept. 2025","IEEE","IEEE Conferences"
"Transformer-Diffusion Hybrid for Enhancing Digital Twin Precision in Aerospace Structural Maintenance","V. R; A. Nandhakumar; M. S; Y. S; S. K. Vishnu; S. Sathiyamurthy","Department of Mechanical Engineering, Saveetha School of Engineering, Saveetha Institute of Medical and Technical Sciences, SIMATS, Chennai, Tamil Nadu, India; Department of Biomedical Engineering, Dhaanish Ahmed Institute of Technology, Coimbatore; Department of Mechanical Engineering, Karpagam Academy of Higher Education, Coimbatore, Tamilnadu, India; Computer Science & Engineering, Cambridge Institute of Technology, Bengaluru; Department of Mechanical Engineering, Centre for Sustainable Materials Research, Academy of Maritime Education and Training (AMET) Deemed to be University, Chennai, Tamil Nadu, India; Department of Mechanical Engineering, Easwari Engineering College, Chennai, Tamil Nadu, India",2025 International Conference on Electrical Engineering and Informatics (ICEEI),"21 Jan 2026","2025","","","1","8","Predictive maintenance utilizing digital twins is growing in aerospace, although structural health portrayal is still difficult. Due to stochastic wear progression, noisy sensor streams, and inadequate inspection data, traditional models typically make erroneous projections and poor maintenance recommendations. This paper proposes a Transformer-Diffusion Hybrid (TDH) model that adaptively optimizes its parameters using the Dragonfly Algorithm (DA) to overcome these issues. Multi-modal sensor data representing lenarange temporal-spatial correlations is sent to the Transformer encoder, and the conditional diffusion module denoises probabilistic structure degradation routes. The Dragonfly Algorithm optimizes by continually modifying both modules' hyperparameters, inspired by the static-dynamic swarming behavior of dragonflies. When compared to state-of-the-art digital twin architectures, TDH-DA reduced crack propagation forecasting uncertainty by 21.7% and improved prediction accuracy by 16.3% on aircraft structural fatigue datasets. The hybrid system performs well with partial datasets and poor sianal-to-noise ratios. These results demonstrate that bio-inspired optimization can enhance the accuracy of the Transformer-Diffusion pipeline digital twin and facilitate proactive aeronautical maintenance. The TDH-DA design enables reliable, scalable, and Intelligent predictive structural health management in safety-critical aircraft systems.","2155-6830","979-8-3315-9271-4","10.1109/ICEEI68459.2025.11331028","","https://ieeexplore.ieee.org/stamp/stamp.jsp?arnumber=11331028","Digital Twin;Transformer;Diffusion Model;Dragonfly Algorithm;Aerospace Structural Maintenance;Predictive Maintenance;Bio-inspired Optimization;Structural Health Monitoring;Uncertainty Reduction;Reliability Engineering","Degradation;Adaptation models;Uncertainty;Accuracy;Transformers;Prediction algorithms;Maintenance;Digital twins;Aircraft;Predictive maintenance","","1","","51","IEEE","21 Jan 2026","13-15 Nov. 2025","13-15 Nov. 2025","IEEE","IEEE Conferences"
"An Enhanced Vision Transformer Model in Digital Twins Powered Internet of Medical Things for Pneumonia Diagnosis","L. Xing; W. Liu; X. Liu; X. Li","Shandong Provincial Qianfoshan Hospital (First Affiliated Hospital of Shandong First Medical University), Jinan, China; City University of Macau, Macau, China; Shandong Provincial Qianfoshan Hospital (First Affiliated Hospital of Shandong First Medical University), Jinan, China; Shandong University of Political Science and Law, Jinan, China",IEEE Journal on Selected Areas in Communications,"26 Oct 2023","2023","41","11","3677","3689","The computer-aided system and chest X-ray images play an important role in the diagnosis of pneumonia, which are the main way of pneumonia diagnosis. The traditional deep learning models have achieved some success in medical images, which captures the potential features of the image by continuously sliding the fixed convolution kernel. The disadvantage of this method is that it cannot effectively capture the long-distance dependencies in the image, and it does not have the ability of dynamic adaptive modeling. Next, the high-quality labeled data of chest X-ray images are very scarce. In order to achieve high-quality artificial intelligence diagnosis, a large number of high-quality annotated chest X-ray images are required. In this work, based on technologies such as Internet of Medical Things (IoMT) and Digital Twins, we built an intelligent IoMT platform for automatic diagnosis of pneumonia. For the digital twin of the lung, we propose an enhanced vision transformer model (EVTM) for analyzing chest X-ray images to determine whether the patient is infected with pneumonia. The EVTM model utilizes the vision transformer for training and inference on chest X-ray images. Then the EVTM model uses the variational autoencoder model for data augmentation, so that the amount of chest X-ray images meets the training requirements of the model. Finally, we conducted extensive experiments on the standard chest X-ray image dataset to verify the effectiveness of the EVTM model.","1558-0008","","10.1109/JSAC.2023.3310096","Academic Promotion Program of Shandong First Medical University(grant numbers:2019LJ005); Shandong First Medical University (Shandong Academy of Medical Sciences) 2022 Youth Science Foundation Incubation Grant Program(grant numbers:202201-095); ","https://ieeexplore.ieee.org/stamp/stamp.jsp?arnumber=10234426","Internet of Medical Things;digital twins;enhanced vision transformer model;pneumonia diagnosis","X-ray imaging;Pulmonary diseases;Data models;Transformers;Digital twins;Medical diagnostic imaging;Lung","","23","","37","IEEE","30 Aug 2023","Nov. 2023","","IEEE","IEEE Journals"
"A Deep Hybrid Ensemble for Patient-Specific Glaucoma Detection in Digital Twin Ophthalmology","A. Kumar; A. Singh; A. K. Maurya","Department of Computer Science & Engineering, Motilal Nehru National Institute of Technology Allahabad, Prayagraj, India; School of Computer Engineering, Kalinga Institute of Industrial Technology (KIIT), Bhubaneswar, India; Department of Computer Science & Engineering, Motilal Nehru National Institute of Technology Allahabad, Prayagraj, India",IEEE Journal of Biomedical and Health Informatics,"","2026","PP","99","1","12","Glaucoma is a leading cause of irreversible blindness worldwide, making early and reliable detection essential for effective clinical management. This study proposes a deep hybrid ensemble framework for automated glaucoma detection from retinal fundus images by integrating convolutional and transformer-based architectures. The framework combines EfficientNetB4, Vision Transformer (ViT), and Bidirectional Encoder from Image Transformers (BEiT) to jointly capture local retinal structures and global contextual representations. A feature-level attention-based fusion mechanism is employed to effectively integrate complementary features from these models. Experimental evaluation on the G1020 dataset shows that the proposed framework outperforms individual models and conventional ensemble methods, achieving an accuracy of 98.59%, sensitivity of 96.51%, specificity of 99.45%, and an AUC of 0.9989. To assess generalization capability, the trained model was further validated on the external ACRIMA dataset, where it achieved 96.37% accuracy and an AUC of 0.9881. These results demonstrate that the proposed hybrid architecture provides robust and reliable glaucoma detection across datasets. The framework has the potential to support AI-assisted glaucoma screening and future digital twin-based precision ophthalmology systems.","2168-2208","","10.1109/JBHI.2026.3689171","","https://ieeexplore.ieee.org/stamp/stamp.jsp?arnumber=11501679","Deep Learning;Digital Twin;Fundus Imaging;Glaucoma;Patient-Specific Modeling;Precision Medicine","Activity recognition;Human activity recognition;Feeds;Antennas;Central Processing Unit;Integrated circuits;Internet of Things;Internet;Pixel;Communication systems","","","","","IEEE","30 Apr 2026","","","IEEE","IEEE Early Access Articles"
"Generating High-Resolution Flight Parameters in Structural Digital Twins Using Deep Learning-based Upsampling","X. Zhou; M. Dziendzikowski; K. Dragan; L. Dong; M. Giglio; C. Sbarufatti","Department of Mechanical Engineering, Politecnico di Milano, Milano, Italy; Airworthiness Division Instytut Techniczny Wojsk Lotniczych, Warszawa, Poland; Airworthiness Division Instytut Techniczny Wojsk Lotniczych, Warszawa, Poland; School of Aeronautic Science and Engineering, Beihang University, Beijing, China; Department of Mechanical Engineering, Politecnico di Milano, Milano, Italy; Department of Mechanical Engineering, Politecnico di Milano, Milano, Italy",2023 Prognostics and Health Management Conference (PHM),"27 Jun 2023","2023","","","318","323","The structural digital twin is a virtual representation of physical entities that accurately predicts the evolution of structural damage through multidisciplinary and multi-level probabilistic simulations. It provides crucial support for prognostic and health management. Flight parameters are important input data for airframe digital twin to support aerodynamic and structural simulations. However, many small aircraft or UAVs often suffer from insufficient sampling rates of flight parameters due to cost limitation or premature service. In this study, we propose a deep learning-based flight data upsampling method that effvbectively enhances the resolution of flight data. The method constructs an upsampling model using a one-dimensional super-resolution convolutional residual network, defines multiple loss functions associated with the flight data, and uses a highly sampled test aircraft dataset for training. The proposed method is validated using real UAV flight test data and several criteria, achieving good results with different upsampling factors. This approach is expected to facilitate the construction of structural digital twins in the future.","","979-8-3503-0014-7","10.1109/PHM58589.2023.00065","","https://ieeexplore.ieee.org/stamp/stamp.jsp?arnumber=10159295","digital twin;flight parameter;upsampling;deep learning;prognostics and health management","Training;Atmospheric modeling;Frequency-domain analysis;Superresolution;Feature extraction;Data models;Digital twins","","3","","17","IEEE","27 Jun 2023","31 May-2 June 2023","31 May-2 June 2023","IEEE","IEEE Conferences"
"Real-Time Condition Monitoring of Power Transformers Using the Internet of Things (IoT) and Dissolved Gas Analysis","M. H. Hashemi; S. Dikmen","Department of Electrical and Electronics Engineering, Ege University, Izmir, Turkey; Research and Development Department, Eltas Transformer, Izmir, Turkey",2023 XIX International Scientific Technical Conference Alternating Current Electric Drives (ACED),"8 Jun 2023","2023","","","1","4","Transformer health monitoring is important because transformers are critical components of electrical power systems. Transformers convert electrical energy from one voltage level to another, and they play a vital role in transmitting and distributing electricity. If a transformer fails, it can cause widespread power outages, equipment damage, and other problems. By regularly monitoring the health of transformers, it is possible to identify potential issues before they cause problems, which can help prevent outages and other disruptions. Additionally, regular monitoring can help extend the lifespan of transformers by identifying and addressing issues before they become severe. In this paper, a continuous Health Index (HI) monitoring system using the Internet of Things (IoT) is proposed. The proposed model is capable of being integrated into the Digital Twin (DT) of a transformer as well.","","979-8-3503-1088-7","10.1109/ACED57798.2023.10143439","","https://ieeexplore.ieee.org/stamp/stamp.jsp?arnumber=10143439","power transformer;health index;internet of things;transformer monitoring","Voltage;Market research;Real-time systems;Power grids;Power system reliability;Power transformers;Internet of Things","","15","","20","IEEE","8 Jun 2023","23-25 May 2023","23-25 May 2023","IEEE","IEEE Conferences"
"Data-Driven Digital Twins for Monitoring the Health and Performance of Converters","Y. Li; B. Bohara; H. S. Krishnamoorthy; J. Seshadrinath","Dept. of ECE, University of Houston, Houston, United States; Dept. of ECE, University of Houston, Houston, United States; Dept. of ECE, University of Houston, Houston, United States; Dept. of ECE, University of Houston, Houston, United States",2024 IEEE International Communications Energy Conference (INTELEC),"24 Sep 2024","2024","","","1","6","This work introduces a machine learning approach for developing Digital Twins (DTs) for DC-DC converters, focusing on in-situ implementation in real-world operational conditions. A system based on a boost converter has been developed in MATLAB Simulink. To mirror real-world scenarios, commercial datasheets along with a range of input parameters, health degradation elements, temperature influence, and random noises have been considered. The study employs Multi-Layer Perceptron (MLP), Convolutional Neural Network (CNN), and Recurrent Neural Network (RNN) for predicting critical circuit responses of the boost converter, including inductor current, output voltage, and efficiency. Investigations show that MLP performs relatively poorly in the presence of noise. The CNN and RNN outperform the MLP under various noise levels, with the RNN exhibiting the best performance. This work advances DTs technology in power electronics, aiming to improve converter system optimization and enable predictive maintenance.","","979-8-3503-7057-7","10.1109/INTELEC60315.2024.10679029","National Science Foundation(grant numbers:2239966); ","https://ieeexplore.ieee.org/stamp/stamp.jsp?arnumber=10679029","Health Degradation;Temperature Influence;Noise Resilience;Multi-Layer Perceptron (MLP);Convolutional Neural Network (CNN);Recurrent Neural Network (RNN);Digital Twins (DTs);Predictive Maintenance","Temperature distribution;Recurrent neural networks;Software packages;Noise;Voltage;Power electronics;Digital twins","","7","","16","IEEE","24 Sep 2024","4-7 Aug. 2024","4-7 Aug. 2024","IEEE","IEEE Conferences"
"Digital Twin Integrated Diffusion Graph Neural Network for Smart Respiratory Signal Analysis and Prediction","A. Nivetha; M. A; D. A; M. B. S. K","Department of Computer Science and Design, Kongu Engineering College, Erode, India; Department of Computer Science and Design, Kongu Engineering College, Erode, India; Department of Computer Science and Design, Kongu Engineering College, Erode, India; Department of Computer Science and Design, Kongu Engineering College, Erode, India",2026 7th International Conference on Intelligent Communication Technologies and Virtual Mobile Networks (ICICV),"12 Jun 2026","2026","","","188","193","Continuous monitoring of the health of the respiratory system is critical in the early diagnosis and treatment of diseases related to the respiratory system. However, most of the respiratory health monitoring systems lack the features for providing flexibility and customizability in the process of analysis. This research work proposes a novel framework for the intelligent monitoring and classification of signals associated with the respiratory system using a digital twin and spatio-temporal graph neural networks to design an intelligent system. Audio cues collected from the respiratory system are segmented using a sliding window approach and advanced feature extraction methods such as Mel Frequency Cepstral Coefficients and their derivatives. A diffusion-based graph learning model is used as an effective way of modeling the complicated spatial and temporal connectivity between respiratory characteristics, which polishes signal representations by an iterative denoising procedure. Hypothesis Digital twin technology is designed to be integrated with advanced graphic diffusion learning to provide continuous monitoring, early diagnosis, and personalized healthcare services. Altogether, the suggested solution offers a viable and scalable one in the field of intelligent respiratory health monitoring in real-time medical applications.","","979-8-3195-2947-3","10.1109/ICICV68925.2026.11554812","","https://ieeexplore.ieee.org/stamp/stamp.jsp?arnumber=11554812","Digital Twin;Respiratory Monitoring;Diffusion Graph Neural Network;Deep Learning;Smart Healthcare","Modeling;Digital twins;Monitoring;Timing;Real-time systems;Printing;Graph neural networks;Medical services;Accuracy;Learning (artificial intelligence)","","1","","15","IEEE","12 Jun 2026","20-22 May 2026","20-22 May 2026","IEEE","IEEE Conferences"
"Fault Diagnosis of Servo Motor Using Graph Neural Networks and Digital Twin Enhanced Reinforcement Learning","J. A. Dhanraj; G. Londhe; S. R; M. Lakshmanan; R. Tamilamuthan; S. R. Hole","Research and Development Cell, Lovely Professional University, Jalandhar-Delhi Grand Trunk Road, Phagwara, Punjab, India; Symbiosis Institute of Technology Nagpur Campus Symbiosis International (Deemed University), Pune, India; Department of Computer Science and Engineering (AI&ML), Dayananda Sagar University, Bengaluru, Karnataka, India; Department of Computer Science and Engineering (AI&ML), Dayananda Sagar University, Bengaluru, Karnataka, India; Department of Electrical and Electronics Engineering, PERI Institute of Technology, Chennai, India; Symbiosis Institute of Technology Nagpur Campus Symbiosis International (Deemed University), Pune, India",2026 International Conference on Emerging Technologies and Future Innovations (ETFI),"28 Apr 2026","2026","","","1","6","This research introduces a hybrid solution between Graph Neural Network (GNN) and Reinforcement Learning (RL) that use the Digital Twin as the foundation for predictive anomaly detection and servo motor health-aware control. The model- proposed- GNN achieved 97.2% in fault classification, beating CNN, LSTM, and the classical ML methods by precisely capturing multi-sensor signals. A digital twin model that is physics-based was made to predict torque, vibration, and thermal trends, the result was the correlation values greater than 0.97 with the actual motor data. The actor–critic RL control, along with GNN health indicators, has decreased speed tracking error to 0.78 RMSE, torque ripple was lessened by 42%, and vibration amplitude was quieted by 41%. Also, there was a 26% peak temperature drop, 93% logical fault-risk zones, and a 26% energy saving, indicating the increased motor life by 22%. Those findings validate a reliable, secure, and efficient set up for the smart management of the next era of intelligent motors.","","979-8-3315-8265-4","10.1109/ETFI68128.2026.11484917","","https://ieeexplore.ieee.org/stamp/stamp.jsp?arnumber=11484917","Digital Twin;Graph Neural Networks (GNN);Reinforcement Learning (RL);Health-Aware Control;Vibration and Thermal Monitoring;Energy-Efficient Motor Systems","Circuits;Band-pass filters;Active filters;Circuits and systems;Circuit faults;Filtering;Communication systems;Internet of Things;Internet;Crowdsourcing","","1","","20","IEEE","28 Apr 2026","12-14 Feb. 2026","12-14 Feb. 2026","IEEE","IEEE Conferences"
"Digital Twin Enabled Deep Learning System for Predictive Monitoring of Cardiovascular Health","V. Srinivasan; K. Kondisetty; S. Gorle; C. Devi; M. R. Panda; M. V. Musunuru","Department of Master of Computer Applications, Dayananda Sagar College of Engineering, Bangalore, Karnataka, India; Wavicle Data Solutions, Chicago, Illinois, USA; CVS Health, Chicago, Illinois, USA; Grammarly, Fremont, California, USA; Partner Banking & Financial Services, Wipro, Minneapolis, Minnesota, USA; Amazon, Fremont, California, USA",2025 International Conference on NexGen Networks and Cybernetics (IC2NC),"17 Feb 2026","2025","","","916","922","Cardiovascular diseases (CVDs) are a major cause of death globally, that require timely and personalized monitoring. This research introduces a Digital Twin Enabled Deep Learning (DT-DL) framework by incorporating an open source cardiovascular model and data driven deep learning in predictive and interpretable health monitoring. The proposed system integrates a physiological digital twin, multimodal sensor integration layer, deep residual predictor, and uncertainty quantification module into a closed loop real time feedback. The digital twin models hemodynamic dynamics with a time dependent elastance model, whilst a Temporal Convolutional Network learns residual corrections and delivers uncertainty informed predictions. Model parameters are adapted in real time through Unscented Kalman Filtering such that individual patient physiology is tracked. Empirical studies on multimodal datasets (MIMIC-IV, PTB-XL, and WESAD) show improvements in terms of both accuracy and calibration over pure deep or mechanistic baselines. Modeling a hybrid system attains a 39% RMSE reduction with an AUC of 0.94 over standalone models, and is physiologically consistent and interpretable. These findings demonstrate the promising value of hybrid digital twin intelligence in real world hospital environments for continuous cardiovascular monitoring and early risk prognosis.","","979-8-3315-9484-8","10.1109/IC2NC67409.2025.11376464","","https://ieeexplore.ieee.org/stamp/stamp.jsp?arnumber=11376464","Digital Twin;Deep Learning;Cardiovascular Monitoring;Uncertainty Quantification;Predictive Modeling","Deep learning;Adaptation models;Uncertainty;Accuracy;Hospitals;Predictive models;Real-time systems;Data models;Digital twins;Biomedical monitoring","","","","14","IEEE","17 Feb 2026","1-3 Dec. 2025","1-3 Dec. 2025","IEEE","IEEE Conferences"
"Digital Twin-Based Online Evaluation and Prediction for Health State of Battery Energy Storage Systems","H. Liu; S. Zhang; J. Zhou; K. Jiang; S. Chen; X. Hu","Geophysical Exploration, Academy of China Metallurgical Geology Bureau, Baoding, China; Geophysical Exploration, Academy of China Metallurgical Geology Bureau, Baoding, China; Geophysical Exploration, Academy of China Metallurgical Geology Bureau, Baoding, China; Geophysical Exploration, Academy of China Metallurgical Geology Bureau, Baoding, China; Geophysical Exploration, Academy of China Metallurgical Geology Bureau, Baoding, China; Geophysical Exploration, Academy of China Metallurgical Geology Bureau, Baoding, China","2025 IEEE 7th International Conference on Energy, Power and Grid (ICEPG)","13 Apr 2026","2025","","","854","857","The reliable assessment of online State of Health (SOH) and prognosis, in Battery Energy Storage Systems (BESS), has inherent challenges related to cell heterogeneity, nonstationary operational cycles, and a sparse labeled dataset. We introduce a hybrid model based on digital twins that fuses first principle aging physics with either data driven approaches such as sequence learning and uncertainty quantification. The core of the twin is a reduced-order electrochemical-thermal-aging model (SPM + lumped heat) containing the SEI film growth and lithium deposition kinetics with temperature and state of charge (SOC) dependence. At the battery pack level, dual-data assimilation facilitates real-time individualization of the modeled physics, while a Transformer with physical priors captures the hard-to-cover residual dynamics of the energy storage system. Its attention encoder captures the task spectrum and extracts pseudoelectrochemical impedance spectroscopy (EIS)/IC-based features that provide health indicators from voltage-current transients. Hierarchical variational Bayesian layers provide characterization of the differences between cells and provide rapid adaptation to replacement module, while domain adaptive contrastive pretraining allows for the effective transition between site and crosschemical systems. continual learning addresses the catastrophic forgetting during long-term operations. In an evaluation on a multi-month cycling dataset comprising field log of two utilityscale BESS, we observe that our proposed methodology reduces the mean absolute error (MAE) of SOH by $\mathbf{2 7}-\mathbf{4 1 {\%}}$ improvement in the $\mathbf{F 1}$ score for early-failure detection detection by $\mathbf{1 8 {\%}}$.","","979-8-3315-9830-3","10.1109/ICEPG67373.2025.11466535","","https://ieeexplore.ieee.org/stamp/stamp.jsp?arnumber=11466535","Digital Twin;Battery Energy Storage Systems;State of Health;Physics-Informed Modeling","Electronic countermeasures;Electronic warfare;Motion pictures;Kalman filters;System-on-chip;Filters;Filtering;Circuits;Circuits and systems;Equivalent circuits","","","","12","IEEE","13 Apr 2026","12-14 Sept. 2025","12-14 Sept. 2025","IEEE","IEEE Conferences"
"Generative Adversarial Networks-Driven Synthetic Patient Data Creation for Risk Identification in Childhood Acute Lymphoblastic Leukemia","U. Kose; O. Ceylan; M. E. Karatas; I. Uysal; A. Koca","Department of Computer Engineering, Suleyman Demirel University, Isparta, Turkey; Department of Computer Technologies, Isparta Applied Sciences University, Isparta, Turkey; Department of Computer Engineering, Suleyman Demirel University, Isparta, Turkey; Department of Information Systems and Technologies, Burdur Mehmet Akif Ersoy University, Burdur, Turkey; Department of Computer Engineering, Suleyman Demirel University, Isparta, Turkey",2025 9th International Symposium on Multidisciplinary Studies and Innovative Technologies (ISMSIT),"5 Dec 2025","2025","","","1","6","This study aims to enhance real-world clinical data in childhood acute lymphoblastic leukemia (ALL) patients and enable more detailed patient analysis through risk category classification. New synthetic patient samples were generated via Generative Adversarial Network (GAN) model. Here, the GAN discriminator used patient data derived from a Graph Neural Network (GNN). The similarity between the synthetic patient data generated by the model and real patient data was assessed using various metrics. Distribution similarity analyses (t-SNE, PCA, and various statistical metrics) demonstrated substantial alignment between the synthetic and real patient datasets. The findings of the study demonstrated the effectiveness of GAN-based patient data augmentation in terms of data privacy and patient diversity. Furthermore, synthetically generated patient data can serve as a robust foundation for clinical digital twin applications and decision support systems.","2770-7962","979-8-3315-9753-5","10.1109/ISMSIT67332.2025.11268001","","https://ieeexplore.ieee.org/stamp/stamp.jsp?arnumber=11268001","childhood leukemia;synthetic patient data;generative adversarial networks;acute lymphoblastic leukemia;artificial intelligence","Measurement;Pediatrics;Data privacy;Leukemia;Generative adversarial networks;Data models;Mathematical models;Graph neural networks;Synthetic data;Principal component analysis","","1","","32","IEEE","5 Dec 2025","14-16 Nov. 2025","14-16 Nov. 2025","IEEE","IEEE Conferences"
"Digital Twin Framework for Early Disease Prediction Using ESP32 Wearables","S. Hawaldar; S. H. Jadhav; V. Gadekar; G. Navale; K. Wagh","Department of Computer Engineering, AISSMS Institute of Information Technology, Pune, India; Department of Computer Engineering, AISSMS Institute of Information Technology, Pune, India; Department of Computer Engineering, AISSMS Institute of Information Technology, Pune, India; Department of Computer Engineering, AISSMS Institute of Information Technology, Pune, India; Department of Computer Engineering, AISSMS Institute of Information Technology, Pune, India",2026 International Conference on Trends in Quantum Computing and Emerging Business Technologies (TQCEBT),"16 Sep 2026","2026","","","1","6","The study introduces a complete digital twin framework which utilizes ESP32 wearable sensors to collect SpO2 and heart rate and calorie consumption and step tracking and sleep tracking and stress level measurements for early disease detection. The system combines IoT data collection from multiple sources with sensor data integration and Random Forest plus Neural Networks machine learning models and a cloud-based digital twin system to achieve 92-95% prediction accuracy across cardiovascular disease and sleep apnea and metabolic syndrome. The framework which operates through MQTT on edge-cloud infrastructure achieves clinical performance standards with ROC-AUC scores above 0.92 while delivering real-time alerts within 2 seconds of latency.","","979-8-3315-6126-0","10.1109/TQCEBT67648.2026.11681253","","https://ieeexplore.ieee.org/stamp/stamp.jsp?arnumber=11681253","Digital Twin;ESP32;Wearable IoT;Disease Prediction;Ensemble Learning;Sensor Fusion","Modeling;Equations;Image sensors;Timing;Diseases;Digital twins;Training;Heart rate variability;Clouds;Indexes","","","","6","IEEE","16 Sep 2026","9-11 April 2026","9-11 April 2026","IEEE","IEEE Conferences"
"Digital Twin-Enhanced Remaining Useful Life Prediction for Bearings using Multi-Scale CNN-Transformer Hybrid Model","J. Zhou; Z. Lin; G. Niu","College of Transportation, Tongji University, Shanghai, China; College of Transportation, Tongji University, Shanghai, China; College of Transportation, Tongji University, Shanghai, China",2025 Global Reliability and Prognostics and Health Management Conference (PHM-Xian),"16 Mar 2026","2025","","","1","6","Bearings are critical and highly susceptible components in mechanical equipment, with their operational status and lifespan being vital to the stable operation of the entire system. Addressing issues such as memory degradation, low training efficiency, and limited prediction accuracy when handling long-sequence data in Remaining Useful Life (RUL) prediction, this study explores a digital twin-based MSCNN-Transformer model. Initially, due to random fluctuations in the collected vibration signals influenced by various environments, wavelet transform is employed to denoise the signals. Subsequently, for the vibration signals during the bearing degradation phase, a multi-domain feature set is established. By constructing a comprehensive evaluation metric that considers feature monotonicity and trendability, the final degradation feature set is selected. The selected degradation features are then linearly weighted to construct a comprehensive health indicator. Finally, an MSCNN-Transformer model is developed. The MSCNN enhances the model's ability to extract features at different scales. By fitting the trend of the bearing's health indicator, the model predicts the bearing's remaining useful life. On this basis, a digital twin model that accurately reflects the physical characteristics and behaviors of the bearing is constructed and updated in real-time based on experimental data. The MSCNN-Transformer model algorithm is embedded into a visualization system, and a visualization platform developed using Virtual Reality technology integrates multidimensional data to optimize maintenance and repair processes in practical engineering applications.","","979-8-3315-2675-7","10.1109/PHM-Xian66756.2025.11427391","National Natural Science Foundation of China; ","https://ieeexplore.ieee.org/stamp/stamp.jsp?arnumber=11427391","remaining useful life;rolling bearing;digital twin;prediction model;multi-scale convolution;long sequence data","Degradation;Vibrations;Solid modeling;Convolution;Data visualization;Predictive models;Feature extraction;Prediction algorithms;Data models;Digital twins","","","","10","IEEE","16 Mar 2026","10-12 Oct. 2025","10-12 Oct. 2025","IEEE","IEEE Conferences"
"Design of Bridge Health Monitoring and Safety Assessment System Based on Digital Twins","R. Zhao","CCCC Highway Planning, Design and Research Institute Co., Ltd.,, Beijing, China",2025 5th International Symposium on Computer Technology and Information Science (ISCTIS),"11 Jul 2025","2025","","","816","819","In this paper, a bridge health monitoring and safety assessment system based on digital twin is designed and implemented. The system adopts a four-layer fusion architecture and is deployed in Nanjing Yangtze River Bridge, where an accurate dynamic digital model is constructed through multiple types of sensing nodes. The improved deep learning algorithm achieves efficient identification and early warning of structural abnormalities. The field application verifies the prediction ability of the system under extreme weather conditions, and successfully captures and analyses the dynamic response characteristics of bridges during typhoons. The research results provide a new type of technical path for the safety management of large bridges, which has significant economic benefits and social value.","","979-8-3315-4450-8","10.1109/ISCTIS65944.2025.11065634","","https://ieeexplore.ieee.org/stamp/stamp.jsp?arnumber=11065634","Digital twin;bridge health monitoring;Anomaly detection;Structural safety assessment;Early warning system;Parametric modelling","Bridges;Economics;Accuracy;Predictive models;Prediction algorithms;Real-time systems;Digital twins;Sensors;Rivers;Monitoring","","","","10","IEEE","11 Jul 2025","16-18 May 2025","16-18 May 2025","IEEE","IEEE Conferences"
"Utilizing AI-Driven 6G Medical Informatics and Consumer Electronics for Early Injury Classification and Response With a Self-Learning Healthcare Digital Twin","Y. Ning; Z. Wu; Q. Ye","First Affiliated Hospital, Air Force Medical University, Xi’an, Shaanxi, China; First Affiliated Hospital, Air Force Medical University, Xi’an, Shaanxi, China; Teaching and Research Support Center, Air Force Medical University, Xi’an, Shaanxi, China",IEEE Transactions on Consumer Electronics,"25 Mar 2026","2026","72","1","2197","2211","In the realm of proactive medical care, digital twin technology is rising to the forefront as a paradigm shift due to the combination of customised healthcare, 6G connectivity, and artificial intelligence (AI). This study investigates AI-driven, 6G-powered healthcare digital twin technology, focusing on patient-centric monitoring and predictive analytics. It must clearly outline the research objectives, such as real-time health data integration, adaptive decision-making, and improved treatment personalization. The proposed methodology should describe the use of 6G-enabled ultra-reliable low-latency communication, AI models for digital twin construction, and secure data management frameworks. Improved diagnostic accuracy, fast response time to clinical emergencies, and improved resource allocation in healthcare systems were main outcomes that are presented in this abstract. The technical contributions of this work with the integration of AI, 6G, and digital twin technologies are highlighted in the end of this study, and this may support the next-generation intelligent healthcare solutions. For self-learning healthcare digital twin, a model that leverages 6G-enabled medical informatics, real-time data streams, and artificial intelligence (AI) analytics is presented in this study. This presented model may support in clinical diagnosis, and classifying damages earlier. A real-time updated digital copy of the patient was created by the suggested method by integrating multimodal data from various sources including imaging, vital signs, consumer electronic devices such as smartwatches, wearable sensor metrics, and electronic health records (EHRs). The patient physiological patterns and previous injury profiles are constantly learnt by the integration of digital twin and deep learning (DL) algorithms. This integration is effective in predicting the occurrence, kind, and severity of injuries and internal trauma, falls, cardiovascular events, and neurodegenerative insults. The digital twin and healthcare providers are connected seamlessly with 6G communication infrastructure, guaranteeing ultra-low latency and great dependability. This allows for pre-hospital and critical care settings to implement instantaneous feedback loops, as well as for remote diagnostics and adaptive clinical decision-making. From home health monitoring solutions to smartphones and wearables, consumer electronics are ubiquitous and serve as common data collectors, greatly increase access and enabling the instant collection of accurate data using a digital twin. To keep data private while training AI models on dispersed healthcare data, the architecture offers federated learning. Based on severity level, the injury types are classified by a multi-layered decision engine, and this may promote a customized, context-aware responses like alerting emergency teams, modifying treatment regimens, or demanding robotic surgical support. The AI-driven, 6G-powered healthcare digital twin revolutionizes the diagnosis of injury, and it establish a path for a precise, preventive, and predictive medicine. Furthermore, scaling efficiencies were reduced by 95.81%, while reaction times decreased to 96.88%, resulting in significant gains. This technology is particularly helpful for populations who are elderly, at risk, or located far away, as it decreases reaction time, reduces diagnostic error, and provides scalable, continuous care.","1558-4127","","10.1109/TCE.2025.3632401","Research on Rapid Rescue Methods for Injuries Under Information Technology Conditions(grant numbers:25KJ3C1-0087R); ","https://ieeexplore.ieee.org/stamp/stamp.jsp?arnumber=11245549","Personalized medicine;healthcare;early detection;telemedicine;artificial intelligence;injury categorization;6G medical informatics","Digital twins;Medical services;6G mobile communication;Real-time systems;Artificial intelligence;Consumer electronics;Monitoring;Medical diagnostic imaging;Injuries;Biomedical monitoring","","","","36","IEEE","13 Nov 2025","Feb. 2026","","IEEE","IEEE Journals"
"Comprehensive Review of Machine Learning, Deep Learning, and Digital Twin Data-Driven Approaches in Battery Health Prediction of Electric Vehicles","A. P. Renold; N. S. Kathayat","School of Computer Science and Engineering, Vellore Institute of Technology, Chennai, Tamil Nadu, India; School of Computer Science and Engineering, Vellore Institute of Technology, Chennai, Tamil Nadu, India",IEEE Access,"28 Mar 2024","2024","12","","43984","43999","This paper presents a comprehensive survey of machine learning, deep learning, and digital twin technology methods for predicting and managing the battery state of health in electric vehicles. Battery state of health estimation is essential for optimizing the battery usage, performance, safety, and cost-effectiveness of electric vehicles. Estimating the state of health of a battery is a complex undertaking due to its dependency on multiple factors. These factors include battery characteristics such as type, chemistry, size, temperature, current, voltage, impedance, cycle number, and driving pattern. There are drawbacks to traditional methods, such as experimental and model-based approaches, in terms of accuracy, complexity, expense, and viability for real-time applications. By employing a variety of algorithms to discover the nonlinear and dynamic link between the battery parameters and the state of health, data-driven techniques like machine learning, deep learning, and data-driven digital twin technologies can get beyond these restrictions. Data-driven methods can also incorporate physics and domain knowledge to improve the explainability and interpretability of the results. This paper reviews the latest advancements and challenges of using data-driven techniques for battery state of health estimation and management in electric vehicles. The paper also discusses the future directions and opportunities for further research and development in this field. The survey scope spans publications from the year 2021 to 2023.","2169-3536","","10.1109/ACCESS.2024.3380452","","https://ieeexplore.ieee.org/stamp/stamp.jsp?arnumber=10477658","Machine learning models;deep learning models;data-driven methods;lithium-ion batteries;digital twin technology;battery health prediction;electric vehicles","Batteries;Machine learning;Estimation;Electric vehicles;Reviews;Predictive models;Deep learning","","110","","52","CCBYNCND","21 Mar 2024","2024","","IEEE","IEEE Journals"
"Employment of Integrated Framework of Digital Twin, Quantum Computing, and Deep Learning for Healthcare and Iot Systems","A. Kumari; C. Dubey; K. K. Shukla; A. Pandey; M. Naiyar; K. Purwar","Computer Science and Engineering, Dronacharya Group of Institutions, Greater Noida, India; Computer Science and Engineering, Dronacharya Group of Institutions, Greater Noida, India; Computer Science and Engineering, Dronacharya Group of Institutions, Greater Noida, India; Computer Science and Engineering, Dronacharya Group of Institutions, Greater Noida, India; Computer Science and Engineering, Dronacharya Group of Institutions, Greater Noida, India; Computer Science and Engineering, Dronacharya Group of Institutions, Greater Noida, India",2026 9th International Conference on Intelligent Computing and Control Systems (ICICCS),"8 May 2026","2026","","","925","932","The Healthcare Internet of Things (H-IoT) enables patients to be constantly monitored through wearable and implantable devices; however, the current cloud-based and traditional deep learning methods have high latency, scalability issues, and decreased predictive accuracy. To overcome these issues, this paper presents an integrated framework that combines Digital Twin (DT), Deep Learning (DL), and Quantum Computing (QC) for intelligent and personalized Healthcare IoT. In the proposed method, Digital Twins for patient-specific data retain real-time estimation of the physiological state, and disease prediction and anomaly detection are carried out by deep learning models using multimodal sensor data. Hybrid quantum-classical models are also used to improve feature representation and optimization efficiency for high-dimensional healthcare data. The proposed framework is tested on benchmark healthcare datasets such as MIMIC-IV and PhysioNet, as well as simulated Digital Twin settings. The results show improvements of up to 10% in AUROC, 20% reduction in inference latency, and better robustness to noisy and missing data settings compared to traditional DT-DL frameworks. The experiments are performed on benchmark datasets and simulated Digital Twin settings, and real-world clinical applications are considered in future work","","979-8-3315-8947-9","10.1109/ICICCS67901.2026.11502816","","https://ieeexplore.ieee.org/stamp/stamp.jsp?arnumber=11502816","Deep Learning;Digital Twin;Healthcare;IoT;Quantum Computing;Smart Healthcare Systems","Circuits;Quantum circuit;MIMICs;Filtering;Millimeter wave integrated circuits;Monolithic integrated circuits;Circuits and systems;Filters;Central Processing Unit;Internet of Things","","1","","17","IEEE","8 May 2026","16-18 March 2026","16-18 March 2026","IEEE","IEEE Conferences"
"Data-Driven Digital Twin based Health Degradation Assessment of Grid-Tied PV System","K. Dutt; N. Kumar","Department of Electrical Engineering, Indian Institute of Technology, Jodhpur, India; Department of Electrical Engineering, Indian Institute of Technology, Jodhpur, India",2025 International Conference on Power Electronics and Energy (ICPEE),"4 Mar 2026","2025","","","1","6","The rising complexities of grid-coupled photovoltaic (PV) systems and the need for constant monitoring have encouraged the development of digital twins (DTs) as virtual representations of real assets. This study introduces a datadriven DT based health degradation monitoring of different components of a grid-tied PV inverter system, employing realworld data gathered from a hardware prototype for different levels of degradation of components, such as interfacing inductor and DC-link capacitor. The DT model is implemented on an OPAL-RT OP4512 platform, while the experimental prototype is governed by a LabVIEW-based system on an NI sbRIO9636 FPGA. A multi-output feedforward neural network (NN) is trained to precisely duplicate eight essential system signals, including grid current, DC-link voltage, inductor voltages, and filter capacitor dynamics. Experimental results illustrate that the proposed data-driven DT attains high replication fidelity with minimum prediction error, thus providing significant health degradation analysis.","","979-8-3315-6637-1","10.1109/ICPEE65973.2025.11410868","","https://ieeexplore.ieee.org/stamp/stamp.jsp?arnumber=11410868","Digital Twin;Machine Learning;Neural Network;Grid-Tied PV System","Degradation;Photovoltaic systems;Capacitors;Prototypes;Voltage;Machine learning;Hardware;Digital twins;Inductors;Monitoring","","","","13","IEEE","4 Mar 2026","14-16 Dec. 2025","14-16 Dec. 2025","IEEE","IEEE Conferences"
"AI-Driven Fault Diagnosis and Health Management for Power Equipment Using a Hybrid Deep Learning Framework","C. Shi; Y. Fang; H. Zhang; S. Du","Extra-high Voltage Branch, State Grid Liaoning Electric Power Supply Co. Ltd, Shenyang, China; Extra-high Voltage Branch, State Grid Liaoning Electric Power Supply Co. Ltd, Shenyang, China; Extra-high Voltage Branch, State Grid Liaoning Electric Power Supply Co. Ltd, Shenyang, China; Extra-high Voltage Branch, State Grid Liaoning Electric Power Supply Co. Ltd, Shenyang, China",2025 Third International Conference on Cyber-Energy Systems and Intelligent Energy (ICCSIE),"20 Feb 2026","2025","","","1","5","The growing complexity of modern power systems necessitates intelligent and automated solutions for fault diagnosis and health management (FDHM) of critical power equipment. This paper proposes a novel AI-driven framework that integrates multi-modal sensor data, deep learning models, and digital twin technology to achieve accurate fault detection, health assessment, and remaining useful life (RUL) prediction. The proposed system employs a hybrid CNN-LSTM architecture for spatiotemporal feature extraction, an improved particle swarm optimization (IPSO) algorithm for model tuning, and a physics-informed digital twin for simulation and prediction. Validated on real-world datasets from 500 kV transformers and GIS switchgear, the system achieves 98.7% fault classification accuracy, 95.3% RUL prediction precision, and reduces false alarms by 87%. The framework enables proactive maintenance and is estimated to save up to $\mathbf{\dollar 2. 3}$ million annually per substation.","","979-8-3315-9711-5","10.1109/ICCSIE67394.2025.11379153","","https://ieeexplore.ieee.org/stamp/stamp.jsp?arnumber=11379153","Artificial intelligence;fault diagnosis;health management;power equipment;deep learning;CNN-LSTM;digital twin;predictive maintenance","Fault diagnosis;Deep learning;Accuracy;Uncertainty;Switchgear;Voltage;Predictive models;Transformers;Digital twins;Tuning","","","","13","IEEE","20 Feb 2026","3-5 Oct. 2025","3-5 Oct. 2025","IEEE","IEEE Conferences"
"Digital Twin for Health Monitoring of DC-AC Inverters in Renewable Energy Applications: A Comprehensive Review","P. Shrivastava; N. Kumar","Department of Electrical Engineering, Indian Institute of Technology Jodhpur, India; Department of Electrical Engineering, Indian Institute of Technology Jodhpur, India",2025 International Conference on Power Electronics and Energy (ICPEE),"4 Mar 2026","2025","","","1","6","Rapid integration of DC-AC inverters in renewable energy systems, such as solar photovoltaics and wind energy, requires robust health monitoring solutions for long-term reliability and fault resilience. Digital Twin (DT) technology has emerged as a transformative tool for real-time monitoring, fault detection, and predictive maintenance of inverters in such systems. This review paper comprehensively presents the state-of-the-art DT approaches implemented for the health monitoring of DC-AC inverters within renewable energy applications. It categorizes methodologies into model-based, data-driven, and hybrid DT models, covering inverter condition monitoring, parameter degradation tracking, and fault diagnosis. The study further outlines optimization and AI techniques, such as Particle Swarm Optimization and neural networks, used in DT development. Key challenges in digital modeling fidelity, thermal and electrical stress estimation, and real-time synchronization are discussed. Finally, the paper identifies future research directions for scalable, edge-AI-integrated DT systems for next-generation renewable energy converters.","","979-8-3315-6637-1","10.1109/ICPEE65973.2025.11411428","","https://ieeexplore.ieee.org/stamp/stamp.jsp?arnumber=11411428","Digital Twin;DC-AC Converter;Fault Analysis;Health Monitoring;Power Module;PSO;Renewable Energy","Reviews;Wind energy;Renewable energy;Inverters;Real-time systems;Digital twins;Synchronization;Monitoring;Thermal stresses;Stress","","","","17","IEEE","4 Mar 2026","14-16 Dec. 2025","14-16 Dec. 2025","IEEE","IEEE Conferences"
"Application of Digital Twin in Health Status Assessment of Giant Hydropower Units","W. Wang; L. Feng; Q. Xi; F. Liu","Longtan Hydropower Development Co., Ltd., Nanning, China; Longtan Hydropower Development Co., Ltd., Nanning, China; Longtan Hydropower Development Co., Ltd., Nanning, China; Longtan Hydropower Development Co., Ltd., Nanning, China",2025 International Conference on Power Electronics and Electric Drives (PEED),"3 Jul 2025","2025","","","160","166","In recent years, artificial intelligence (AI) has achieved good results in the field of device status detection and has gradually become an important application in water conservancy engineering projects. The proposal of the concept of “smart water conservancy” has promoted the application of new technologies in water conservancy engineering to achieve more efficient and intelligent water conservancy management goals. In this context, digital twin (DT) technology, as an emerging technology, provides new possibilities for the multi domain application of hydropower units, especially in digital modeling and intelligent monitoring, showing great potential. Faced with the increasingly complex operation and maintenance requirements and challenges of giant hydropower units, this article innovatively proposes a health status (HS) assessment system based on DT technology and combined with deep learning (DL). This system, through the DL algorithm, can not only accurately evaluate the performance of hydroelectric units, but also quantitatively evaluate health indicators, thereby achieving comprehensive monitoring of unit status. The results show that the system performs well in fault diagnosis, with accuracy fully meeting practical application requirements and effectively addressing the limitations of traditional methods in fault diagnosis.","","979-8-3503-7966-2","10.1109/PEED63748.2025.00036","","https://ieeexplore.ieee.org/stamp/stamp.jsp?arnumber=11053908","digital twin;giant hydroelectric units;health assessment","Fault diagnosis;Accuracy;Hydroelectric power generation;Water conservation;Feature extraction;Digital twins;Noise measurement;Artificial intelligence;Monitoring;Faces","","1","","15","IEEE","3 Jul 2025","7-9 March 2025","7-9 March 2025","IEEE","IEEE Conferences"
"Digital Twin Based on Neural Network for a Grid Connected Modular Multilevel Converters for HVDC Transmission","R. D. Raj; P. W. T. Pong","Department of Electrical and Computer Engineering, New Jersey Institute of Technology, Newark, NJ, United States; Department of Electrical and Computer Engineering, New Jersey Institute of Technology, Newark, United States",2025 IEEE North-East India International Energy Conversion Conference and Exhibition (NE-IECCE),"10 Oct 2025","2025","","","1","5","Modular Multilevel Converters (MMCs) are the preferred voltage source converters for HVDC transmission in wind energy systems, and their effective lifecycle management is crucial for grid stability and reliability. Digital twin technology can be used to describe and model characteristics, behavior and real-world performance of complex systems by constructing real-time mapping of them which can be used for real-time and health monitoring. This paper presents a feed-forward neural network (FF-NN) based digital twin (DT) for health monitoring of a grid-connected, MMC based inverter. Given the complex, non-linear dynamics of MMCs, a data-driven approach using an FF-NN is well-suited for capturing the full system behavior. This work details the training data generation methodology, encompassing the diverse scenarios required for real-time modeling and health monitoring. By analyzing the difference between the DT's predicted output and the physical twin's actual output, this work demonstrates the model's accuracy in replicating system behavior under steady-state operation and during transient events i.e. the AC and DC faults. The trained model can be used for health monitoring and can indicate parameter degradation","","979-8-3315-1061-9","10.1109/NE-IECCE64154.2025.11183223","","https://ieeexplore.ieee.org/stamp/stamp.jsp?arnumber=11183223","Artificial Neural Network;Condition Monitoring;Digital Twin;Modular Multilevel Converter;Machine Learning","Multilevel converters;HVDC transmission;Predictive models;Real-time systems;Inverters;Digital twins;Steady-state;Feedforward neural networks;Transient analysis;Monitoring","","1","","28","IEEE","10 Oct 2025","4-6 July 2025","4-6 July 2025","IEEE","IEEE Conferences"
"Triplet Loss-Based Concrete Crack Verification for Structural Health Monitoring and Digital Twin Applications","A. Neyestani; F. Picariello; I. Tudosa; P. Daponte; L. De Vito","Department of Engineering, University of Sannio, Benevento, Italy; Department of Engineering, University of Sannio, Benevento, Italy; Department of Engineering, University of Sannio, Benevento, Italy; Department of Engineering, University of Sannio, Benevento, Italy; Department of Engineering, University of Sannio, Benevento, Italy","2024 IEEE International Conference on Metrology for eXtended Reality, Artificial Intelligence and Neural Engineering (MetroXRAINE)","24 Dec 2024","2024","","","837","842","This paper proposes a novel deep-learning approach for verifying concrete cracks, leveraging a Siamese network with triplet loss. Inspired by FaceNet, the model is trained on an augmented “Crack dataset” containing rotations and shearing to enhance its ability to distinguish subtle crack variations. This method facilitates the evolution-centric monitoring of cracks, enabling early detection of potential failures and contributing to the development of digital twins for structural health moni-toring. The model achieves high accuracy (97.36 %) and precision (95.77 %) in verifying crack patterns, demonstrating its potential for improving infrastructure maintenance and safety.","","979-8-3503-7800-9","10.1109/MetroXRAINE62247.2024.10797100","","https://ieeexplore.ieee.org/stamp/stamp.jsp?arnumber=10797100","cracks verification;measurement;digital twins. Resnet","Accuracy;Neural engineering;Network architecture;Metrology;Reliability engineering;Maintenance;Digital twins;Safety;Monitoring;Shearing","","4","","18","IEEE","24 Dec 2024","21-23 Oct. 2024","21-23 Oct. 2024","IEEE","IEEE Conferences"
"A Cloud-Fog Digital Twin Framework for Intelligent and Scalable Structural Health Monitoring","V. B; J. Umamageswaran; M. Prabu","Department of CSE, Amrita School of Computing, Amrita Vishwa Vidyapeetham, Chennai, India; Department of CSE, Amrita School of Computing, Amrita Vishwa Vidyapeetham, Chennai, India; Department of CSE, Amrita School of Computing, Amrita Vishwa Vidyapeetham, Chennai, India","2026 Second International Conference on Intelligent Systems for Communication, IoT and Security (ICISCoIS)","27 Mar 2026","2026","","","1","6","Structural Health Monitoring (SHM) is critical for guaranteeing the safety and long-term operation of civil infrastructure. cDTSHM, Cloud-Fog Digital Twin Framework proposed in this work for real-time monitoring and preventive maintenance, maps physical and virtual structures bidirectionally using fog computing to limit data transfer and computation requirements. Deep learning (DL) models have been applied to the structural damage detection with an accuracy of 92 % for bridge case studies. Still, issues exist, including DL model accuracy, the lack of abundant labeled damage data, and inadequate flexibility to unexpected defects. Statistical models are used as baselines to oppose them, and SHM data are supplemented with 3D numerical simulations of various damage levels. A hybrid data approach is used by integrating FEM-synthetic data with hierarchical feature learning for the purpose of maximizing efficiency. Though promising, the application of pre-defined damage classes and vibration sensing limits localization of localized defects by the system. Future work will explore the implementation of unsupervised learning, incorporate optical fiber sensors to enable enhanced localization, and determine long-term scalability and robustness of cDTSHM for green infrastructure monitoring.","","979-8-3315-4596-3","10.1109/ICISCoIS62701.2026.11448025","","https://ieeexplore.ieee.org/stamp/stamp.jsp?arnumber=11448025","Structural Health Monitoring;Digital Twin;Cloud-Fog Computing;Deep Learning;Finite Element Models;Damage Detection;Real-Time Monitoring;Predictive Maintenance;Hybrid Data;Infrastructure Resilience","Location awareness;Deep learning;Cloud computing;Accuracy;Computational modeling;Data models;Real-time systems;Digital twins;Numerical models;Monitoring","","","","20","IEEE","27 Mar 2026","8-10 Jan. 2026","8-10 Jan. 2026","IEEE","IEEE Conferences"
"RF-Based Sensing and AI Decision Support for Stroke Patient Monitoring: A Digital Twin Approach","S. Khan; U. Anwar; A. Khan; T. Arslan","School of Engineering, The University of Edinburgh, Edinburgh, U.K.; School of Engineering, The University of Edinburgh, Edinburgh, U.K.; Department of Computer Science, Allama Iqbal Open University, Islamabad, Pakistan; School of Engineering, The University of Edinburgh, Edinburgh, U.K.",IEEE Access,"2 May 2025","2025","13","","74047","74061","Stroke occurs when the blood flow to a certain region of the brain is disrupted. It is a leading cause of long-term disability and can result in cognitive impairments, speech difficulties, and motor dysfunction. Regular monitoring and timely intervention are critical to minimizing the damage and improving outcomes. This article presents a novel Radio Frequency (RF) sensing and Artificial Intelligence (AI) based Digital Twin (DT) model for effective detection of stroke. Through backscattering RF signals, the proposed Ultra Wide Band (UWB) antenna provides stroke detection. The implementation of Machine Learning (ML) and Deep Learning (DL) technologies for stroke classification provides the necessary decision support to healthcare professionals in DT stroke patient monitoring. The statistical and autonomous (AutoEncoders (AE) and Stacked AutoEncoders (SAE) with structure 32-16-32, 64-32-16-32-64, and 128-64-32-16-32-64-128) feature data is enlarged through Gaussian noise feature data augmentation. The Fine KNN algorithm provides the 93.4% and 92.3% classification accuracies of binary and multi-class classification respectively. Out of the 4 autonomous feature extraction methods, the Fine KNN algorithm with SAE structure 64-32-16-32-64 provided the highest accuracies of 88.2% and 74.8% for binary and multi-class classification.","2169-3536","","10.1109/ACCESS.2025.3564887","","https://ieeexplore.ieee.org/stamp/stamp.jsp?arnumber=10978848","Classification;digital twin;deep learning (DL);machine learning (DL);stroke monitoring;RF sensing","Radio frequency;Brain modeling;Sensors;Feature extraction;Biomedical monitoring;Solid modeling;Medical services;Classification algorithms;Stroke (medical condition);Imaging","","7","","34","CCBYNCND","28 Apr 2025","2025","","IEEE","IEEE Journals"
"A Speech Measurement Component for a Serious Games–Based Patient Digital Twin","A. Antunes; R. N. Madeira; O. Postolache","NOVA LINCS NOVASchool of Science and Technology NOVA, NOVA University of Lisbon, Caparica, Portugal; NOVA LINCS NOVASchool of Science and Technology NOVA, NOVA University of Lisbon, Caparica, Portugal; Instituto de Telecomunicações IT-IUL ISCTE-Instituto Universitário de Lisboa, Lisboa, Portugal",2026 IEEE Medical Measurements & Applications (MeMeA),"2 Jun 2026","2026","","","1","6","Speech and audio signals provide non-invasive access to cognitive and motor aspects relevant to therapeutic assessment. This paper presents a speech-based measurement component integrated into a serious games-based patient digital twin (DT) for therapy. The component supports audio acquisition, preprocessing, and word-level speech classification via a remotely deployed machine learning service. As a use case, a convolutional neural network-based speech classifier is integrated into a production serious-game speech therapy application and evaluated across pediatric, adult, and large-scale public speech datasets. Experimental results highlight the impact of data quality, dataset scale, and population characteristics on classification performance under realistic acquisition conditions. Our solution demonstrates the feasibility of operationalizing speech as a realtime measurement modality within an interactive DT platform.","2837-5882","979-8-3315-6277-9","10.1109/MeMeA69746.2026.11537369","Fundação para a Ciência e a Tecnologia; Instituto de Telecomunicações; Fundação para a Ciência e a Tecnologia; ","https://ieeexplore.ieee.org/stamp/stamp.jsp?arnumber=11537369","digital twin;speech-based measurement;serious games;speech classification;machine learning;CNN","Speech;Modeling;Measurement;Training;Printing;Timing;Pediatrics;Medical treatment;Accuracy;Testing","","","","23","IEEE","2 Jun 2026","7-10 April 2026","7-10 April 2026","IEEE","IEEE Conferences"
"Digital Twin-Driven Hot Spot Capture for Power Transformer Interturn Short-Circuit Fault Diagnosis Based on Microthermal Field","J. Feng; N. Zhao; B. Wang","College of Information Science and Engineering, Northeastern University, Shenyang, China; College of Information Science and Engineering, Northeastern University, Shenyang, China; College of Information Science and Engineering, Northeastern University, Shenyang, China",IEEE Transactions on Instrumentation and Measurement,"27 Sep 2024","2024","73","","1","13","As one of the most common types of internal faults in power transformer, interturn short-circuit faults can lead to a rise in temperature and damage the lifetime of the transformer. However, it is challenging to accurately localize fault in time with the existing techniques. Digital twin (DT), with its capabilities of integrating and synchronizing the virtual and physical worlds, is an essential tool for accurately monitoring the internal state and health of transformers. It not only enables the timely detection and resolution of issues but also improves maintenance efficiency and reduces costs. In this article, a multisensor data fusion method for capturing hot spot based on microthermal field DT is proposed to improve the fault localization accuracy and timeliness. First, a DT model of temperature distribution based on microthermal field is constructed by finite element analysis (FEA). The raw temperature signals in multisensors installed in the oil channel are collected by value game. Second, the key information for monitoring the spatiotemporal variation is obtained by conjoint analysis. A data fusion method of capturing hot spot temperature is proposed. Finally, through feature extraction, a diagnosis method based on Bayesian inference is developed for different degrees of faults according to different oil flow line symmetry characteristics. The simulations and practical results all show that the proposed method can not only ensures the accuracy of the localization but also improves the timeliness of the detection. This work provides a novel solution for the localization of interturn short-circuit fault and is of constructive idea for solving the fault diagnosis problem by physical fields DT.","1557-9662","","10.1109/TIM.2024.3457945","National Natural Science Foundation of China(grant numbers:U22A2055); ","https://ieeexplore.ieee.org/stamp/stamp.jsp?arnumber=10677484","Digital twin (DT);fault diagnosis;hot spot capture;interturn short-circuit;power transformer","Circuit faults;Oil insulation;Windings;Temperature sensors;Oils;Power transformer insulation;Temperature measurement","","10","","29","IEEE","11 Sep 2024","2024","","IEEE","IEEE Journals"
"ITSC Fault Diagnosis of Digital Twin-Driven Transformer Based on Micromagnetic Field","B. Wang; J. Feng; S. Lu; B. Zhang","College of Information Science and Engineering, Northeastern University, Shenyang, China; College of Information Science and Engineering, Northeastern University, Shenyang, China; College of Information Science and Engineering, Northeastern University, Shenyang, China; College of Information Science and Engineering, Northeastern University, Shenyang, China",IEEE Sensors Journal,"3 Sep 2025","2025","25","17","32804","32812","Interturn short-circuit (ITSC) faults represent a critical threat to the operational reliability of power transformers, often developing rapidly and eluding early detection. Existing diagnostic methods face challenges in fault localization due to limited observability, low sensitivity to internal disturbances, and high background interference. This article presents a sensor-integrated digital twin (DT) framework for real-time ITSC fault localization, driven by micromagnetic field analysis. A finite element-based DT model is constructed to simulate the spatial distribution of leakage magnetic flux under various ITSC scenarios. Magnetic field signals are acquired from an optimized array of Hall-effect sensors deployed along the transformer winding surface. To bridge the gap between observed magnetic responses and internal fault evolution, a spatiotemporal data fusion and inversion strategy is developed. A regularized and gradient-informed 2-D particle swarm optimization (PSO) algorithm is employed to estimate fault parameters by minimizing magnetic field mismatch under physical constraints, enabling accurate localization across fault positions and severities. Experimental validation demonstrates that the proposed DT-assisted method significantly improves the localization accuracy and responsiveness of sensor-based fault diagnostics. This approach provides a practical pathway for deploying real-time, noninvasive monitoring systems in transformer health management.","1558-1748","","10.1109/JSEN.2025.3590429","National Natural Science Foundation of China(grant numbers:U22A2055); ","https://ieeexplore.ieee.org/stamp/stamp.jsp?arnumber=11096031","Digital twin (DT);fault inversion;interturn short circuit (ITSC);micromagnetic field;particle swarm optimization (PSO)","Circuit faults;Sensors;Magnetic sensors;Magnetic fields;Windings;Micromagnetics;Power transformers;Location awareness;Accuracy;Magnetic field measurement","","1","","27","IEEE","24 Jul 2025","1 Sept.1, 2025","","IEEE","IEEE Journals"
"AI-Enabled Digital Twin Solutions: Deep Learning for Advanced Healthcare Decision Making","G. Sood; A. Kumari; A. Prabhu; A. K. Sahoo; S. Revathy; N. Sharma","Chitkara Centre for Research and Development, Chitkara University, Himachal Pradesh, India; Department of CS & IT, ARKA JAIN University, Jamshedpur, Jharkhand, India; Department of Computer Science and IT, Jain (Deemed to be University), Bangalore, Karnataka, India; Centre for Artificial Intelligence and Machine Learning, Siksha 'O' Anusandhan (Deemed to be University), Bhubaneswar, Odisha, India; Department of Information Technology, Sathyabama Institute of Science and Technology, Chennai, India; Centre of Research Impact and Outcome, Chitkara University, Rajpura, Punjab, India",2025 International Conference on Decision Aid Sciences and Applications (DASA),"6 May 2026","2025","","","921","928","The creation of virtual copies of people, Artificial Intelligence (AI) can be used to make Digital Twins that can be used to keep an eye on patients all the time and make sure they are getting the care they need. Using these digital twins allows health assessments to be done in real time, which gives doctors and nurses real-time information about how their patients are doing. We propose PAID-Twin, which stands for Personalized AI-Driven Digital Twin for Patient Monitoring, as a way to fix the problems that are currently present in monitoring systems. This system uses hybrid deep learning architectures to make it more reliable and adaptable.Some of the problems with typical patient monitoring systems are that they can’t analyze real-time data very well, they have high rates of false positive alerts, and they aren't very flexible when a patient’s condition changes quickly. PAID-Twin uses hybrid CNN-RNN models to get around these problems. This makes monitoring far more accurate, cuts down on the number of false positives, and lets you make models that are customized to each condition. PAID-Twin is a way to promote the next generation of digital healthcare that can grow. This method makes it feasible to provide quick care and interventions that are based on accuracy.","","979-8-3315-8859-5","10.1109/DASA68193.2025.11499067","","https://ieeexplore.ieee.org/stamp/stamp.jsp?arnumber=11499067","Digital Twins;Artificial Intelligence;Personalized Patient Monitoring;Deep Learning;Hybrid CNN-RNN;PAID-Twin","Synthetic aperture sonar;Sonar;Radio broadcasting;Frequency modulation;Feedback;Circuits;MIMICs;Millimeter wave integrated circuits;Monolithic integrated circuits;Internet of Things","","","","44","IEEE","6 May 2026","1-2 Dec. 2025","1-2 Dec. 2025","IEEE","IEEE Conferences"
"Enhancing Healthcare With WBAN and Digital Twins: A Machine Learning Approach for Predictive Health Monitoring","R. Mahapatra; D. Sethi; K. Mishra","Manipal Institute of Technology Bengaluru, Manipal Academy of Higher Education, Manipal, India; Manipal Institute of Technology Bengaluru, Manipal Academy of Higher Education, Manipal, India; Manipal Institute of Technology Bengaluru, Manipal Academy of Higher Education, Manipal, India",IEEE Access,"4 Jul 2025","2025","13","","113305","113317","The vital signs and medical condition telemetry from remote areas, such as the death rate, are urgent for hospital isolation. By recognizing and forecasting the causes of similar diseases, Wireless Body Area Networks (WBAN), made up of powerful wearable Sensor Nodes (SNs) located across the human body, generate a huge surge in data backed by other SNs. The collected data undergoes processing and is then sent to a remote medical server over the Internet. Machine learning (ML) has reinvented many paradigms, especially in healthcare, where it is a key resource in WBAN. A new advancement in this field is the integration of digital twins—virtual representations of the physical body. These digital twins can continuously simulate and predict health outcomes based on real-time WBAN data, enabling proactive healthcare interventions. This paper assessed several ML models based on their ability to process WBAN data, such as glucose, blood pressure, and body temperature, among others obtained from WBAN. These parameters feed into the digital twins, further refining the predictive and diagnostic capabilities of the models. The ML algorithms used include Logistic Regression (LR), Support Vector Classifier (SVC), K-Nearest Neighbours (KNN), Naive Bayes (NB), Decision Tree (DT), Random Forest (RF), Gradient Boosting (GB), Neural Network (NN), AdaBoost (AB), Bagging (Ba), Extra Trees (ET), and XGBoost (XGB). Each model was evaluated based on accuracy, precision, recall, F1 score, ROC AUC score, and cross-validation accuracy. The RF model scored highest across all measurements, with accuracy (97%), precision (98%), recall (97%), F1 score (98%), ROC AUC score (97%), and cross-validation accuracy (97%). XGB and SVC also performed strongly, with GB, Ba, ET, and AB ranking high in efficiency, with consistent scores in the mid-90s. Integrating digital twins with these models offers an innovative framework to improve healthcare efficiency, allowing for real-time simulation and more accurate forecasting of patient outcomes.","2169-3536","","10.1109/ACCESS.2025.3584103","","https://ieeexplore.ieee.org/stamp/stamp.jsp?arnumber=11058976","Remote patient monitoring;healthcare;deep learning;IoT;WBSN","Wireless communication;Body area networks;Accuracy;Monitoring;Medical services;Machine learning algorithms;Support vector machines;Machine learning;Wireless sensor networks;Energy efficiency","","10","","31","CCBYNCND","30 Jun 2025","2025","","IEEE","IEEE Journals"
"Inverse Kinematics Embedded Network for Robust Patient Anatomy Avatar Reconstruction From Multimodal Data","T. Zhou; M. Chen; G. Cao; J. Hu; H. Liu","School of Artificial Intelligence, University of Chinese Academy of Sciences, Beijing, China; Department of Biomedical Engineering, City University of Hong Kong, Hong Kong; School of Artificial Intelligence, University of Chinese Academy of Sciences, Beijing, China; State Key Laboratory of Multimodal Artificial Intelligence Systems, Institute of Automation, Chinese Academy of Sciences, Beijing, China; State Key Laboratory of Multimodal Artificial Intelligence Systems, Institute of Automation, Chinese Academy of Sciences, Beijing, China",IEEE Robotics and Automation Letters,"28 Feb 2024","2024","9","4","3395","3402","Patient modelling has a wide range of applications in medicine and healthcare, such as clinical teaching, surgery navigation and automatic robotized scanning. While patients are typically covered or occluded in medical scenes, directly regressing human meshes from single RGB images is challenging. To this end, we design a deep learning-based patient anatomy reconstruction network from RGB-D images with three key modules: 1) the attention-based multimodal fusion module, 2) the analytical inverse kinematics module and 3) the anatomical layer module. In our pipeline, the color and depth modality are fully fused by the multimodal attention module to obtain a cover-insensitive feature map. The estimated 3D keypoints, learned from the fused feature, are further converted to patient model parameters through the embedded analytical inverse kinematics module. To capture more detailed patient structures, we also present a parametric anatomy avatar by extending the Skinned Multi-Person Linear Model (SMPL) with internal bone and artery models. Final meshes are driven by the predicted parameters via the anatomical layer module, generating digital twins of patients. Experimental results on the Simultaneously-Collected Multimodal Lying Pose Dataset demonstrate that our approach surpasses state-of-the-art human mesh recovery methods and shows robustness to occlusions.","2377-3766","","10.1109/LRA.2024.3366418","InnoHK Program; ","https://ieeexplore.ieee.org/stamp/stamp.jsp?arnumber=10439623","Gesture;posture and facial expressions;deep learning for visual perception;modeling and simulating humans;RGB-D perception","Image reconstruction;Kinematics;Three-dimensional displays;Image color analysis;Biomedical imaging;Avatars;Solid modeling","","7","","31","IEEE","19 Feb 2024","April 2024","","IEEE","IEEE Journals"
"Adaptive Neural Network Optimization of Vehicle Start-Stop Systems Using Digital Twin Framework","G. Flutur; O. -P. Stan; G. Chindris; L. -C. Miclea","Department of Automation, Technical University of Cluj-Napoca, Cluj-Napoca, Romania; Department of Automation, Technical University of Cluj-Napoca, Cluj-Napoca, Romania; Department of Applied Electronics, Technical University of Cluj-Napoca, Cluj-Napoca, Romania; Department of Automation, Technical University of Cluj-Napoca, Cluj-Napoca, Romania",2026 IEEE 27th Latin American Test Symposium (LATS),"17 Apr 2026","2026","","","1","4","Building upon digital twin frameworks for battery monitoring, this paper introduces an adaptive neural network approach for optimizing vehicle start-stop systems. The proposed ML-enhanced framework integrates Long Short-Term Memory (LSTM) networks for State of Health (SOH) prediction with XGBoost-based optimization for start-stop decision making. By leveraging continuous feedback from the digital twin model, the system achieves adaptive learning capabilities that respond to individual driving patterns. Experimental results demonstrate significant improvements: SOH prediction accuracy improved to 1.82 % mean absolute error, while battery life extension reached $\mathbf{2 4. 2} \boldsymbol{\%}$. The system maintains emission reduction benefits above 92.3 % while adapting optimization thresholds based on realworld usage patterns. The edge-deployable solution requires less than 50 ms inference time, making it suitable for real-time automotive applications.","2373-0862","979-8-3195-4235-9","10.1109/LATS70329.2026.11480359","","https://ieeexplore.ieee.org/stamp/stamp.jsp?arnumber=11480359","digital twin;machine learning;LSTM;battery optimization;adaptive systems;start-stop;automotive;predictive maintenance","System-on-chip;Field programmable gate arrays;Microcontrollers;Microprocessors;Circuits;Application specific integrated circuits;Feedback;Integrated circuits;Internet of Things;Protocols","","1","","18","IEEE","17 Apr 2026","17-20 March 2026","17-20 March 2026","IEEE","IEEE Conferences"
"AI and Digital Twins Transforming Healthcare IoT","V. Sharma; K. Sharma; A. Kumar","Department of Information Technology, Delhi Technological University, Delhi, India; Department of Information Technology, Delhi Technological University, Delhi, India; Department of Computing, Goldsmiths University of London, United Kingdom","2024 14th International Conference on Cloud Computing, Data Science & Engineering (Confluence)","21 Mar 2024","2024","","","6","11","In this age of digital and smart healthcare, cutting-edge technologies are being used to improve operations, patient well-being, life expectancy, and healthcare costs. Digital Twins (DT) have the potential to significantly change these new technologies. DTs could revolutionise digital healthcare delivery with extraordinary creativity. A digital representation of a physical asset that is always its digital twin due to real-time data processing. This paper proposes and builds a DT-based intelligent healthcare system that is aware of its environment. This approach is a great advance for digital healthcare and could improve service delivery. Our most notable contribution is a machine learning-based electrocardiogram (ECG) classifier model for cardiac diagnostics and early problem detection. Our cardiac models predict some situations with exceptional accuracy when applied to different ways. These findings highlight the potential for Digital Twins in healthcare to create intelligent, comprehensive, and scalable Health-Systems that improve patient-physician communication. Our ECG classifier also sets a precedent for using Artificial Intelligence (AI) and Machine Learning (ML) to continually monitor wide range of human body data and identify outliers. ECG data processing has improved significantly using neural network-based algorithms over classic machine learning methods. In conclusion, our work integrates digital twins with cutting-edge AI and machine learning to revolutionise healthcare. Future healthcare will be predictive and improve lives.","2766-421X","979-8-3503-4483-7","10.1109/Confluence60223.2024.10463366","","https://ieeexplore.ieee.org/stamp/stamp.jsp?arnumber=10463366","Digital Twin;Healthcare;Internet of Things (IoT);Artificial Intelligence (AI)","Costs;Medical services;Machine learning;Electrocardiography;Data processing;Real-time systems;Digital twins","","14","","24","IEEE","21 Mar 2024","18-19 Jan. 2024","18-19 Jan. 2024","IEEE","IEEE Conferences"
"Digital Twin Based Identification of Passive Parameters of Three-phase Boost Rectifier using a GRU Neural Network","G. Di Nezio; M. Di Benedetto; G. Ghione; V. Randazzo; L. Solero","Department of Civil, Computer Science and Aeronautical Technologies Engineering, Roma Tre University, Rome, Italy; Department of Mechanical, Industrial and Electronic Engineering, Roma Tre University, Rome, Italy; Department of Electronics and Telecommunications, Politecnico di Torino, Turin, Italy; Department of Electronics and Telecommunications, Politecnico di Torino, Turin, Italy; Department of Civil, Computer Science and Aeronautical Technologies Engineering, Roma Tre University, Rome, Italy",2024 IEEE Energy Conversion Congress and Exposition (ECCE),"10 Feb 2025","2024","","","4431","4436","Condition and health monitoring in power electronics are becoming more and more important and are increasingly discussed in articles in the literature. To timely intervene in fault detection or remaining useful life (RUL) estimation for predictive maintenance operations, artificial intelligence (AI) and neural networks (NNs) can be useful also to estimate the health status of the components. In this paper a digital twin-based parameters identification method of an AC-DC converter is proposed using the Gated Recurrent Unit (GRU) NN. The dataset has been created without the need of any additional hardware, using only the sensors already present in the power conversion system to perform the control action. The training of the GRU NN has been performed in Matlab environment and the obtained results of the predicted parameters are presented to validate the proposed monitoring method. Furthermore, the closed form of the GRU NN has been implemented in the microprocessor present on the control board PED-Board through LabVIEW Real-Time graphical programming code. Finally, the experimental results of the parameters identification in real-time are presented.","2329-3748","979-8-3503-7606-7","10.1109/ECCE55643.2024.10860740","","https://ieeexplore.ieee.org/stamp/stamp.jsp?arnumber=10860740","Parameters Identification;AC-DC Converter;Neural Networks;Machine Learning;Gated Recurrent Unit (GRU)","Training;Visualization;Parameter estimation;Tropical cyclones;Microprocessors;Artificial neural networks;Real-time systems;Artificial intelligence;Monitoring;Testing","","2","","19","IEEE","10 Feb 2025","20-24 Oct. 2024","20-24 Oct. 2024","IEEE","IEEE Conferences"
"A Comprehensive Review on Digital Twin for Brain Health using Signal Fusion","K. Subbaraj; K. S. Kaushik Ananth; V. Keerthick","Sri Sivasubramaniya Nadar College of Engineering, Kalavakkam, Tamil Nadu, India; Sri Sivasubramaniya Nadar College of Engineering, Kalavakkam, Tamil Nadu, India; Sri Sivasubramaniya Nadar College of Engineering, Kalavakkam, Tamil Nadu, India",2026 Contemporary Computing Innovations Conference (CCIC),"30 Apr 2026","2026","","","1","5","Digital twins are becoming a game changing technology for personalized brain health, allowing for real time modeling, simulation, and prediction of neural and physiological states. Driven by the unprecedented growth of multimodal biosensing, in particular EEG, fNIRS, ECG, GSR, and SpO2, signal fusion has become central in building accurate and robust brain body digital twins. This survey provides a holistic and overall review of digital twin frameworks for brain health with a focus on multimodal fusion methods, deep learning architectures, missing modality solutions, and explainable AI. We analyze 40 representative studies across neuroimaging integration, physiological sensing, cognitive and clinical applications, and very recent advances of self supervised and transformer based models. The goal of this review is to organize the field through a clear taxonomy, highlight current trends, point out challenges and outline opportunities for next generation digital twins that use fused biosignals toward early diagnosis, personalized monitoring, and robust decision support in brain-healthcare.","","979-8-3195-2966-4","10.1109/CCIC68129.2026.11485990","","https://ieeexplore.ieee.org/stamp/stamp.jsp?arnumber=11485990","Digital Twin;fNIRS;EEG;ECG;GSR;SpO2","Activity recognition;Sensor systems;Human activity recognition;MIMICs;Millimeter wave integrated circuits;Monolithic integrated circuits;Internet of Things;Protocols;Videos;Communication systems","","","","40","IEEE","30 Apr 2026","6-7 Feb. 2026","6-7 Feb. 2026","IEEE","IEEE Conferences"
"Durability Life Prediction Technology of Port Hydraulic Structure Driven by the Fusion of Digital Twins and Deep Learning","C. Guo","Tianjin Research Institute for Water Transport Engineering, M.O.T., Tianjin, China","2021 International Conference on Computers, Information Processing and Advanced Education (CIPAE)","26 Nov 2021","2021","","","179","184","Digital twin has the characteristics of high- fidelity behavior simulation, and deep learning has powerful data mining capabilities. Our country's port and hydraulic building facilities are now the world's largest, most of which are concrete structures. However, there will be more freeze-thaw damage to concrete structures, and there is less research on the durability test methods of hydraulic structures, especially the life prediction of hydraulic structures after freeze-thaw damage repairs. Based on this, this article has launched a research on the durability life prediction technology of port hydraulic structures driven by the integration of digital twins and deep learning. Aiming at the difficult problem of predicting and maintaining the status of port hydraulic buildings in a harsh working environment, combined with the high-fidelity behavior simulation characteristics of digital twins and the powerful data mining capabilities of deep learning, this paper mainly studies the mutual driving of digital twins and deep learning. In this paper, multiple digital twins of the shearer are constructed based on multiple physical and spatial parameters. Through multiple visual displays and data analysis in the virtual space, the health status is predicted, and a port based on deep machine learning is established. The residual life prediction model of the key parts of hydraulic structures realizes real-time monitoring on the network; integrates the residual life and residual life value of the building parts driven by data, and integrates the status of the digital twin and the residual life of the parts and the port Durability assessment of hydraulic construction buildings. The research results show that although a little steel slag can significantly improve the heat resistance and compressive strength of concrete, when the content of steel slag exceeds a certain meaning, the heat resistance and compressive strength of concrete will change. When the steel slag content reaches 10%, the effect is best. When the steel slag content reaches 20%, the 28d concrete compressive strength and strength will not have a big impact.","","978-1-6654-2665-7","10.1109/CIPAE53742.2021.00051","","https://ieeexplore.ieee.org/stamp/stamp.jsp?arnumber=9610596","Digital Twin;Deep Learning;Port Hydraulic Structures;Durability Life Prediction Technology","Resistance;Deep learning;Ports (computers);Digital twin;Buildings;Slag;Concrete","","4","","14","IEEE","26 Nov 2021","25-27 May 2021","25-27 May 2021","IEEE","IEEE Conferences"
"A Battery Digital Twin Based on Neural Network for Testing SoC/SoH Algorithms","R. Di Fonso; P. Bharadwaj; R. Teodorescu; C. Cecati","DISIM, University of L'Aquila, L'Aquila, Italy; Department of Energy, Aalborg University, Aalborg, Denmark; Department of Energy, Aalborg University, Aalborg, Denmark; DISIM, University of L'Aquila, L'Aquila, Italy",2022 IEEE 20th International Power Electronics and Motion Control Conference (PEMC),"1 Dec 2022","2022","","","655","660","Lithium ion cells are the preferred solution for the growing world of mobile applications. To avoid working conditions that can accelerate irreversible degradation reactions, two parameters must always be known, namely State of Charge (SoC) and State of Health (SoH). Since SoC and SoH cannot be measured directly with sensors on cells, they must be derived from the observation of voltage and current at the accessible connections. The literature on algorithms for SoC-SoH estimation is very rich and new advanced ones are continuously developed. However, the testing of algorithms on real batteries is very time consuming due to the need of many charge-discharge cycles in order to observe aging effects. These operations can take months in the lab. In this paper we present a Battery Digital Twin (BDT) that outputs a realistic voltage signal as a function of SoC and SoH inputs. The voltage signals produced by the BDT can later be used to feed SoC/SoH estimation algorithms. The BDT is thus a simulator for fast testing of battery parameter estimation algorithms. This paper presents a BDT developed in the Matlab-Simulink-Simscape environment. The non-linear Open Circuit Voltage (OCV) generator as a function of SoC/SoH is based on a feed forward Neural Network (NN) trained with real data from a publicly available repository. The internal complex impedance can assume fixed circuit configurations derived from typical Nyquist plots or can be dynamically adjusted by other trained NN as non-linear function of SoC/SoH.","2473-0165","978-1-6654-9681-0","10.1109/PEMC51159.2022.9962872","","https://ieeexplore.ieee.org/stamp/stamp.jsp?arnumber=9962872","","Voltage measurement;Software packages;Estimation;Artificial neural networks;Aging;Digital twins;Feeds","","13","","14","IEEE","1 Dec 2022","25-28 Sept. 2022","25-28 Sept. 2022","IEEE","IEEE Conferences"
"Data Augmentation via Digital Twins to Develop Personalized Deep Learning Glucose Prediction Algorithms for Type 1 Diabetes in Poor Data Context","F. Prendin; A. Facchinetti; G. Cappon","Department of Information Engineering, University of Padova, Italy; Department of Information Engineering, University of Padova, Italy; Department of Information Engineering, University of Padova, Padova, Italy",IEEE Transactions on Biomedical Engineering,"29 Jun 2026","2026","73","7","2496","2506","Objective: Accurately predicting glucose levels is essential for effectively managing type 1 diabetes (T1D), a chronic condition in which the body cannot produce insulin. Although deep learning approaches have shown promise, their training requires extensive datasets that capture a wide range of physiological and behavioral variations. However, obtaining such datasets can be challenging and impractical, especially when their collection demands significant patient effort. To overcome this limitation, we propose a data augmentation strategy that leverages digital twins of individuals with T1D (DT-T1D) to generate personalized synthetic data mirroring real-world glucose-insulin dynamics. Methods: ReplayBG, an open-source tool for creating DT-T1D, was adapted to develop a two-steps strategy: first, generating DT-T1D from retrospective patient data; then, using DT-T1D with new inputs, to simulate synthetic, patient-specific data. The practical impact of this approach is demonstrated in a case study where personalized deep networks were developed to predict glucose levels. Models were trained on an open-source dataset from 12 patients, using either the original data or a combination of the original and synthetic data. Results: Integrating synthetic data into the training process consistently enhances model performance. Moreover, models trained on synthetic data combined with only a small fraction of the original dataset achieve results comparable to those obtained from the full, unaugmented dataset. Conclusion: Leveraging DT-T1D to generate personalized synthetic data mitigates data scarcity and enhances deep learning model performance for accurate glucose prediction. Significance: This work highlights the potential of digital twin-driven data augmentation to tackle data scarcity and develop robust, personalized predictive models for T1D management.","1558-2531","","10.1109/TBME.2025.3635264","Italian Ministry of Education, Universities and Research; Project “A noninvasive tattoobased continuous GLUCOse Monitoring electronic system FOR Type-1 diabetes individuals; PRIN: Progetti di Rilevante Interesse Nazionale(grant numbers:2020X7XX2P); ","https://ieeexplore.ieee.org/stamp/stamp.jsp?arnumber=11264302","Artificial intelligence;simulation;physiological model;continuous glucose monitoring;digital twin;glucose prediction","Glucose;Insulin;Data augmentation;Data models;Synthetic data;Absorption;Deep learning;Plasmas;Digital twins;Diabetes","Humans;Diabetes Mellitus, Type 1;Deep Learning;Prediction Algorithms;Blood Glucose;Predictive Learning Models;Data Analytics;Female;Precision Medicine;Blood Glucose Self-Monitoring;Male","1","","49","CCBY","21 Nov 2025","July 2026","","IEEE","IEEE Journals"
"8 AI in Wearable Devices to Monitor Health Status","",,AI Applications in Industry,"","2026","","","213","254","AI Applications in Industry offers a comprehensive and forward-looking exploration of how artificial intelligence is reshaping the global industrial landscape. From manufacturing and energy systems to healthcare, logistics, construction, and smart cities, this book examines the transformative power of AI in driving efficiency, safety, sustainability, and innovation across sectors. Written in a clear and authoritative style, the book bridges cutting-edge research with real-world implementation. It presents a structured overview of the key technologies—including machine learning, deep neural networks, generative AI, digital twins, computer vision, robotics, edge–cloud computing, and autonomous systems—and demonstrates how these capabilities are being deployed to solve complex industrial challenges. Through case studies, architecture diagrams, and actionable frameworks, readers gain insights into how AI optimizes production lines, enhances quality assurance, enables predictive maintenance, strengthens supply-chain resilience, and accelerates the transition toward Industry 5.0 and 6.0 paradigms. This book also addresses the broader implications of AI adoption: governance, ethical considerations, cybersecurity, workforce transformation, ESG compliance, and the integration of human-centered design. With perspectives spanning engineering, policy, and strategic management, it equips industry leaders, engineers, researchers, policymakers, and students with a holistic understanding of AI’s impact on modern industry. Key features include: • A sector-by-sector analysis of AI implementations in manufacturing, energy, agriculture, healthcare, construction, transportation, and smart city systems • Deep dives into enabling technologies such as digital twins, IoT sensors, robotics, edge AI, generative design, and autonomous systems • Practical methodologies for deploying AI solutions with measurable ROI and sustainability outcomes • Case studies from leading industries and national digital-transformation initiatives • Frameworks for responsible, secure, and human-centric AI adoption • Emerging trends, challenges, and future directions toward a more resilient, intelligent, and sustainable industrial ecosystem. AI Applications in Industry is an essential reference for anyone seeking to understand or lead the next wave of digital and industrial transformation. Whether you are an engineer, academic, manager, or innovator, this book provides the insights and tools needed to harness AI’s full potential in shaping tomorrow’s industries.","","9788743812128","","","https://ieeexplore.ieee.org/xpl/ebooks/bookPdfWithBanner.jsp?fileName=11614301.pdf&bkn=11614265&pdfType=chapter","","","","","","","","20 Jul 2026","","","River Publishers","River eBook Chapters"
"Digital Twin-Assisted Fault Diagnosis in Fuel Cells with an Enhanced CNN-Transformer Architecture*","Y. Zhong; F. Pei; X. Yan; W. Zheng; Z. Wang; Z. Zhou; Y. Peng","School of Automation and Intelligent Sensing, Shanghai Jiao Tong University, Shanghai, China; Shanghai Motor Vehicle Inspection, Certification Tech Innovation Center Co., Ltd., Shanghai, China; China Huadian Electric Power Research Institute Co., Ltd., Hangzhou, China; China Huadian Electric Power Research Institute Co., Ltd., Hangzhou, China; Wuhan Hydrogen and Fuel Cell Industry technology Research Institute co., ltd, Wuhan, China; Shanghai Hanze Zhixin New Energy Technology Co., Ltd., Shanghai, China; School of Automation and Intelligent Sensing, Shanghai Jiao Tong University, Shanghai, China",2025 IEEE 5th International Conference on Control Theory and Applications (ICoCTA),"21 Jan 2026","2025","","","1","5","Addressing the challenges in diagnosing membrane dehydration and hydrogen leakage faults under dynamic operating conditions in proton exchange membrane fuel cells, this study proposes a physics-informed digital twin framework integrating proton transport dynamics with multiphysics coupling mechanisms. The developed virtual prototype enables data augmentation across working conditions for both normal and faulty states, effectively mitigating the scarcity of real-world fault samples. The hybrid CNN-Transformer architecture achieves coordinated spatiotemporal feature extraction through optimized integration of temporal causal convolution, frequency-domain attention mechanisms, and cross-variable interaction modules. Experimental validation demonstrates significant advantages in fault classification accuracy compared to conventional CNN-LSTM approaches while maintaining real-time diagnostic capabilities. Research reveals synergistic effects between voltage fluctuations and anode humidity variations as critical indicators for membrane dehydration, along with coupled characteristics of pressure transients and voltage decay governing hydrogen leakage identification. This methodology provides an interpretable and deployable solution for fuel cell system health monitoring.","","979-8-3315-1529-4","10.1109/ICoCTA66834.2025.11337621","National Nature Science Foundation of China(grant numbers:62072308); ","https://ieeexplore.ieee.org/stamp/stamp.jsp?arnumber=11337621","Hydrogen fuel cells;fault diagnosis;CNN-Transformer","Fault diagnosis;Protons;Accuracy;Hydrogen;Fuel cells;Computer architecture;Feature extraction;Real-time systems;Digital twins;Transient analysis","","","","12","IEEE","21 Jan 2026","19-21 Sept. 2025","19-21 Sept. 2025","IEEE","IEEE Conferences"
"Iterative Updating of Digital Twins Using Convolutional Neural Networks: A Framework for Robust Structural Behavior Prediction","Z. Zhiyanpour; Z. Zhang; D. K. Harris","Dept. of Civil and Environmental Eng., University of Virginia, Charlottesville, USA; Dept. of Civil and Environmental Eng., University of Virginia, Charlottesville, USA; Dept. of Civil and Environmental Eng., University of Virginia, Charlottesville, USA",2025 IEEE International Conference on AI and Data Analytics (ICAD),"20 Aug 2025","2025","","","1","8","This study introduces a novel iterative updating strategy powered by convolutional neural networks (CNNs) within a digital twin framework for informing structural behavior of infrastructure assets. A two-dimensional (2D) cantilever plate is employed as a benchmark case study for the updating strategy within a digital twin framework. Two distinct surrogate models are the main components of the digital twin framework, which form the basis of this work. The first model is formulated as finite element analysis surrogate, and the training dataset is prepared based on traditional finite element analysis. The second model predicts 2D deformation based on real-world surface images, serving as the ground truth, which is trained on pairs of deformed and reference images of surfaces with speckle patterns. This ground truth deformation data bridges the gap between experimental observations (physical twin) and virtual modeling (digital twin). The core novelty of this study lies in the iterative updating process and the introduction of four specialized CNNs, referred to as “calculators,” designed to refine the inputs for the first surrogate model using the ground truth displacement from the second surrogate model. Each calculator addresses a specific task: 1. Predicting loading in the y direction, given geometry, boundary conditions, loading in the x direction, and ground truth displacement. 2. Predicting loading in the x direction, given geometry, boundary conditions, loading in the y direction, and ground truth displacement. 3. Predicting geometry, given boundary conditions, loading, and ground truth displacement. 4. Predicting boundary conditions, given geometry, loading, and ground truth displacement. These calculators operate simultaneously in an iterative framework, using initial estimates of geometry, boundary conditions, and loading as inputs. Their outputs refine the inputs for subsequent iterations, with the process continuing until convergence. The final refined inputs are used by the first model, and their predictions are compared with the ground truth displacement from the second surrogate model to validate the digital twin. The results demonstrate that this novel approach integrating specialized calculators in an iterative updating process contributes to the robustness and accuracy of digital twins. The proposed updating strategy can pave the way for more reliable structural analysis and predictive modeling through digital twin frameworks, inform efficient infrastructure operation and management, and further contribute to the application and development of digital twin and structural health monitoring techniques.","","979-8-3315-2472-2","10.1109/ICAD65464.2025.11114070","","https://ieeexplore.ieee.org/stamp/stamp.jsp?arnumber=11114070","Updating Strategy;Digital Twin;Convolutional Neural networks;Structural Behavior Prediction;System Identification;Finite Element Analysis Surrogate","Geometry;Calculators;Loading;Predictive models;Boundary conditions;Digital twins;Finite element analysis;Iterative methods;Convolutional neural networks;Load modeling","","1","","16","IEEE","20 Aug 2025","24-24 June 2025","24-24 June 2025","IEEE","IEEE Conferences"
"Hands-Free Human–Robot Interaction Using Multimodal Gestures and Deep Learning in Wearable Mixed Reality","K. -B. Park; S. H. Choi; J. Y. Lee; Y. Ghasemi; M. Mohammed; H. Jeong","Department of Industrial Engineering, Chonnam National University, Gwangju, South Korea; Department of Industrial Engineering, Chonnam National University, Gwangju, South Korea; Department of Industrial Engineering, Chonnam National University, Gwangju, South Korea; Department of Mechanical and Industrial Engineering, University of Illinois at Chicago, Chicago, IL, USA; Department of Mechanical and Industrial Engineering, University of Illinois at Chicago, Chicago, IL, USA; Department of Mechanical and Industrial Engineering, University of Illinois at Chicago, Chicago, IL, USA",IEEE Access,"14 Apr 2021","2021","9","","55448","55464","This study proposes a novel hands-free interaction method using multimodal gestures such as eye gazing and head gestures and deep learning for human-robot interaction (HRI) in mixed reality (MR) environments. Since human operators hold some objects for conducting tasks, there are many constrained situations where they cannot use their hands for HRI interactions. To provide more effective and intuitive task assistance, the proposed hands-free method supports coarse-to-fine interactions. Eye gazing-based interaction is used for coarse interactions such as searching and previewing of target objects, and head gesture interactions are used for fine interactions such as selection and 3D manipulation. In addition, deep learning-based object detection is applied to estimate the initial positioning of physical objects to be manipulated by the robot. The result of object detection is then combined with 3D spatial mapping in the MR environment for supporting accurate initial object positioning. Furthermore, virtual object-based indirect manipulation is proposed to support more intuitive and efficient control of the robot, compared with traditional direct manipulation (e.g., joint-based and end effector-based manipulations). In particular, a digital twin, the synchronized virtual robot of the real robot, is used to provide a preview and simulation of the real robot to manipulate it more effectively and accurately. Two case studies were conducted to confirm the originality and advantages of the proposed hands-free HRI: (1) performance evaluation of initial object positioning and (2) comparative analysis with traditional direct robot manipulations. The deep learning-based initial positioning reduces much effort for robot manipulation using eye gazing and head gestures. The object-based indirect manipulation also supports more effective HRI than previous direct interaction methods.","2169-3536","","10.1109/ACCESS.2021.3071364","Republic of Korea’s Ministry of Science and ICT (MSIT) through the High-Potential Individuals Global Training Program supervised by the Institute of Information and Communications Technology Planning and Evaluation (IITP)(grant numbers:2020-0-01532); National Research Foundation of Korea (NRF) funded by the Ministry of Education through the Basic Science Research Program(grant numbers:2019R1I1A3A01059082); ","https://ieeexplore.ieee.org/stamp/stamp.jsp?arnumber=9395580","Deep learning;eye gazing;hands-free interaction;head gestures;human–robot interaction;mixed reality;object detection","Robots;Task analysis;Three-dimensional displays;Virtual reality;Service robots;Object detection;Deep learning","","100","","48","CCBYNCND","6 Apr 2021","2021","","IEEE","IEEE Journals"
"Digital Twin and Agentic AI Frameworks for Spine Anomaly Detection: A Survey of Deep Learning Approaches and Healthcare Applications","C. Manasa; H. K. B T; D. D","Bangalore Institute of Technology; Dept. of CSE, Bangalore Institute of Technology, Bengaluru, India; Atria Centre for AI and Decentralized Technologies, Atria University, Bengaluru, India","2025 3rd International Conference on IoT, Communication and Automation Technology (ICICAT)","9 Mar 2026","2025","","","1","6","Spine problems are among the primary causes of disability worldwide, needing timely and precise anomaly identification. Deep Learning (DL) approaches, notably convolutional neural networks, have performed well in MRI-based spine abnormality detection, although they have limitations in generalisation, explainability, and edge deployment. Meanwhile, Digital Twin (DT) technology provides the potential for dynamic, patient-specific modeling, and Agentic AI introduces autonomous reasoning and adaptive personalization into healthcare pipelines. This survey consolidates recent work on DL-based spine anomaly detection, healthcare-focused digital twins, and agentic AI in clinical workflows. We identify methodological strengths, limitations, and open research gaps from 10+ recent studies and map them to potential solutions using agentic AI-powered digital twins. The survey concludes with an implementation roadmap for real-time, edge-enabled, and privacy-preserving deployment in clinical environments.","","979-8-3315-5902-1","10.1109/ICICAT68430.2025.11414706","","https://ieeexplore.ieee.org/stamp/stamp.jsp?arnumber=11414706","Spine Anomaly Detection;Digital Twin;Agentic AI;Deep Learning;Medical Imaging;Edge Inference","Agentic AI;Deep learning;Surveys;Training;Hospitals;Image edge detection;Real-time systems;Digital twins;Anomaly detection;Monitoring","","","","14","IEEE","9 Mar 2026","5-6 Dec. 2025","5-6 Dec. 2025","IEEE","IEEE Conferences"
"Enhancing Patient Outcomes in Spine Surgery: The Role of AI in Implant Design and Postoperative Care","L. Ghai; S. Ladwan; K. Bhute; P. Chaudhari; V. Bobade; U. Pacharaney","Faculty of Engineering and Technology (DMIHER), Sawangi (M), Artificial Intelligence and Machine Learning, Wardha, Maharashtra, India; Faculty of Engineering and Technology (DMIHER), Sawangi (M), Artificial Intelligence and Machine Learning, Wardha, Maharashtra, India; Faculty of Engineering and Technology (DMIHER), Sawangi (M), Artificial Intelligence and Machine Learning, Wardha, Maharashtra, India; Faculty of Engineering and Technology (DMIHER), Sawangi (M), Artificial Intelligence and Machine Learning, Wardha, Maharashtra, India; Faculty of Engineering and Technology (DMIHER), Sawangi (M), Artificial Intelligence and Machine Learning, Wardha, Maharashtra, India; Faculty of Engineering and Technology (DMIHER), Sawangi (M), Artificial Intelligence and Machine Learning, Wardha, Maharashtra, India","2025 3rd DMIHER International Conference on Artificial Intelligence in Healthcare, Education and Industry (IDICAIHEI)","23 Feb 2026","2025","","","1","7","Artificial Intelligence (AI) Artificial intelligence is quickly changing the face of spine care and providing innovative solutions to designing implants and postoperative management. As the spinal disorder becomes complicated, the conventional methods tend to be ineffective in terms of precision, specificity, and early intervention. Machine learning, deep learning, and predictive analytics, called augmented intelligence (AI), allow extremely customised implant design by considering patient-specific anatomical and bio-mechanical differences, and thus the use of AI results in better surgical outcomes and lower revision rates. Continuous monitoring and prediction-based risk modelling enable AI to be utilised in postoperative care to diagnose early complications, analyse radiographs with automation and optimise rehabilitation regimens. This review summarises the progress and the way forward of AI in spine care concerning technological progress, clinical integration strategies and mechanisms of the translational research process to clinical practice. Data privacy, model transparency, and regulatory and clinical validation issues are analysed critically, along with the limitations that may restrict mainstream use. Moreover, the future directions of AI and robotics, digital twin, augmented reality (AR), supervised surgery, and federated learning are discussed as approaches to multi-centre infrastructures. By filling these gaps, AI can transform precision spine surgery and postoperative care so that, in the end, patients are safer, healthcare costs are lower, and the quality of life is better.","","979-8-3315-6862-7","10.1109/IDICAIHEI65991.2025.11378608","","https://ieeexplore.ieee.org/stamp/stamp.jsp?arnumber=11378608","","Data privacy;Analytical models;Costs;Surgery;Implants;Medical services;Data models;Digital twins;Artificial intelligence;Robots","","","","17","IEEE","23 Feb 2026","28-29 Nov. 2025","28-29 Nov. 2025","IEEE","IEEE Conferences"
"An Architecture Based on Digital Twins for Smart Power Distribution System","G. Zhang; C. Huo; L. Zheng; X. Li","Beijing Smart Chip Microelectronics Technology Company Limited, Beijing, China; Beijing Smart Chip Microelectronics Technology Company Limited, Beijing, China; Beijing Smart Chip Microelectronics Technology Company Limited, Beijing, China; Beijing Smart Chip Microelectronics Technology Company Limited, Beijing, China",2020 3rd International Conference on Artificial Intelligence and Big Data (ICAIBD),"9 Jul 2020","2020","","","29","33","Constructing an effective architecture based on digital twins using advanced artificial intelligent technologies remains a key challenge in smart power distribution system. Despite recent advances in important domains such as device health maintenance and manufacturing process, the conventional architecture does not offer a satisfactory solution for rapidly providing data models, a set of analytics or algorithms, and knowledge. In this work, we employ ideas from distributed network based on digital twins and from recent advances that augment artificial intelligent with big data. Our architecture provides a paradigm that uses a distributed network makes computer programming, software, and data spread out across more than one terminal, but communicate complex messages through terminal nodes, and are dependent upon each other, obviating the pressure from master station. We demonstrate the usefulness of digital twins that are used to track the performance of devices such as transformer during normal operation to detect possible defects and fix them before they result in failure. We also conclude that using digital twin technology will understand, predict, and optimize performance in order to achieve improved business outcomes, and apply machine learning and knowledge to predict the future.","","978-1-7281-9741-8","10.1109/ICAIBD49809.2020.9137461","","https://ieeexplore.ieee.org/stamp/stamp.jsp?arnumber=9137461","smart power distribution system;predictive maintenance;digital twin;machine learning;big data","Performance evaluation;Digital twin;Software algorithms;Power distribution;Computer architecture;Machine learning;Big Data","","21","","12","IEEE","9 Jul 2020","28-31 May 2020","28-31 May 2020","IEEE","IEEE Conferences"
"Simulating the Future: AI-Powered Digital Twins for Intelligent eMobility and Software-Defined Vehicles","K. G; S. Devakatte; U. Kumar; D. Muthukumar; J. M. A. Sebastian; J. P. Wagh","CTO's Office, Tata Elxsi, Chennai, India; CTO's Office, Tata Elxsi, Pune, India; CTO's Office, Tata Elxsi, Pune, India; CTO's Office, Tata Elxsi, Bengaluru, India; CTO's Office, Tata Elxsi, Chennai, India; CTO's Office, Tata Elxsi, Chennai, India",2025 IEEE International Transportation Electrification Conference (ITEC-India),"24 Mar 2026","2025","","","1","4","This paper reviews advanced digital twin architecture for next-generation electric mobility and software-defined vehicles (SDVs). We organize the discussion around six core digital twin applications: (1) Battery Twin for smart charging and state-of-health (SoH) estimation, (2) Range Twin for driving-range prediction and terrain-aware modeling, (3) Tyre Twin for predictive maintenance using in-vehicle sensor data, (4) OTA Twin for secure virtualized over-the-air software update testing, (5) Signal and Feature Twin for real-time monitoring of sensor signals and software functions, and (6) Vehicle Twin for holistic system fault diagnosis and performance optimization. For each category, we highlight AI/ML techniques (e.g. LSTM, transformers, GANs) and cloud/edge integration that enable accurate prediction and monitoring. Recent studies - including IEEE, ACM, and arXiv sources - are cited to illustrate state-of-the-art methods in AI-driven digital twins for automotive applications. This comprehensive review provides a roadmap for integrating digital twins into intelligent eMobility platforms and SDV architectures.","","979-8-3315-5400-2","10.1109/ITEC-India67626.2025.11439242","","https://ieeexplore.ieee.org/stamp/stamp.jsp?arnumber=11439242","Digital Twin;Software-Defined Vehicle (SDV);Connected Vehicles;AI;Predictive Maintenance;Smart EV Charging;Tyre Wear Monitoring","Cloud computing;Reviews;Predictive models;Transformers;Tires;Software;Real-time systems;Digital twins;Monitoring;Predictive maintenance","","","","10","IEEE","24 Mar 2026","16-19 Sept. 2025","16-19 Sept. 2025","IEEE","IEEE Conferences"
"Machine Learning–Enabled Digital Twins for Diagnostic and Therapeutic Purposes","N. Shah; J. Nagar; K. Desai; N. Bhatt; N. Bhatt; H. Mewada","Department of Artificial Intelligence And Machine Learning, Chandubhai S. Patel Institute of Technology, Charotar University of Science and Technology, Changa, Gujarat, India; Department of Artificial Intelligence And Machine Learning, Chandubhai S. Patel Institute of Technology, Charotar University of Science and Technology, Changa, Gujarat, India; Department of Artificial Intelligence And Machine Learning, Chandubhai S. Patel Institute of Technology, Charotar University of Science and Technology, Changa, Gujarat, India; Department of Artificial Intelligence And Machine Learning, Chandubhai S. Patel Institute of Technology, Charotar University of Science and Technology, Changa, Gujarat, India; Department of Computer Engineering, Chandubhai S. Patel Institute of Technology, Charotar University of Science and Technology, Changa, Gujarat, India; Department of Electrical Engineering, Prince Mohammad Bin Fahd University, Al Khobar, Kingdom of Saudi Arabia",Artificial Intelligence-Enabled Blockchain Technology and Digital Twin for Smart Hospitals,"","2024","","","77","97","Summary <p>Digital twins offer virtual representations of patients by integrating diverse data modalities to enable personalized diagnostics and treatments. This chapter explores augmenting patient digital twins with machine learning for enhanced clinical decision support. Beginning with the fundamental concepts around digital twin technology and machine learning techniques, the discussion ranges to the discussion of state‐of‐the‐art digital twins and machine learning models used in the field of diagnostic and therapeutic. Fusing high‐fidelity digital profiling with complex pattern recognition using machine neural networks establishes a powerful platform for data‐driven precision medicine. This synergistic approach allows for gaining a comprehensive understanding of individual patients for granular risk assessment. Personalized digital twins equipped with machine learning additionally enable the recommendation of optimal therapeutic interventions tailored to the specific needs of each patient. Combining multipartite patient simulations with artificial intelligence offers the next paradigm for preventative and participatory medicine centered around the individual. The immense promise along with challenges and opportunities are covered to provide a holistic perspective on this emerging interdisciplinary technology converging human medicine, virtual modeling, and artificial intelligence.</p>","","9781394287413","10.1002/9781394287420.ch5","","https://ieeexplore.ieee.org/xpl/ebooks/bookPdfWithBanner.jsp?fileName=10952084.pdf&bkn=10950209&pdfType=chapter","","Digital twins;Machine learning;Industries;Deep learning;Data models;Medical diagnostic imaging;Artificial intelligence;Predictive models;Precision medicine;Biological system modeling","","1","","","","8 Apr 2025","","","Wiley","Wiley AI eBook Chapters"
"Towards Ethical Health Claim Verification: Blockchain and Digital Twin Systems for Rhinoplasty Surgery in Smart Cities","C. E. R. Alba; J. M. M. Díaz; A. H. Macías; A. N. Rascón; M. Vardaki","Depto. de Innovación Basada en la Información y el Conocimiento, CUCEI, Universidad de Guadalajara, Guadalajara, Mexico; Smart Cities Innovation Center, CUCEA, University of Guadalajara, Guadalajara, Mexico; Depto. Metalurgía e Integridad Estructural, Centro de Investigación en Materiales Avanzados S.C-CIMAV, Chihuahua, Mexico; Centro de Investigación Médico Estomatológica Universidad Autónoma de Chihuahua, Chihuahua, Mexico; Institute of Chemical Biology National Hellenic Research Foundation, Athens, Greece",2025 IEEE International Smart Cities Conference (ISC2),"23 Dec 2025","2025","","","1","6","In Mexico, fraudulent claims in private healthcare insurance-particularly involving elective nasal aesthetic surgeries like rhinoplasty disguised as medically necessary procedures—remain a persistent challenge. This paper presents an integrated smart healthcare framework that combines deep learning, digital twins, and blockchain technology to prevent such fraud. A digital twin of the patient's nose is generated using high-resolution pre-, intra-, and post-operative photographs. These models capture precise morphometric features and surgical changes over time. The data is secured via blockchain, ensuring tamper-proof storage of facial geometry, biometric identifiers, and medical metadata. By leveraging LSTM neural networks, the system learns healing patterns and predicts expected anatomical transformations, allowing insurance providers to distinguish legitimate functional interventions from unauthorized aesthetic procedures. Biometric landmarks and image metadata are cryptographically hashed and stored to preserve data integrity and identity authentication. This method enables forensic-level auditing of health claims, increases transparency, and reduces administrative overhead. Aligned with the principles of resilient and sustainable smart communities, this framework contributes to ethical health reimbursement, data sovereignty, and trust restoration in Latin America's healthcare systems.","2687-8860","979-8-3315-5773-7","10.1109/ISC266238.2025.11293270","","https://ieeexplore.ieee.org/stamp/stamp.jsp?arnumber=11293270","Smart Healthcare;Digital Twin;Blockchain;Rhinoplasty Claims;Biometric Verification","Biometrics;Smart cities;Surgery;Insurance;Nose;Medical services;Metadata;Digital twins;Blockchains;Biomedical imaging","","","","11","IEEE","23 Dec 2025","6-9 Oct. 2025","6-9 Oct. 2025","IEEE","IEEE Conferences"
"Towards the Development of Virtual Heart Technology for Creating Digital Twins of Cardiac Electrophysiology","M. A. Gsell; L. Azzolin; K. K. Gillette; A. Neic; T. Schrotter; F. Thaler; G. Plank","Gottfried Schatz Research Center: Biophysics, Medical University of Graz, Graz, Austria; NumeriCor GmbH, Graz, Austria; Gottfried Schatz Research Center: Biophysics, Medical University of Graz, Graz, Austria; NumeriCor GmbH, Graz, Austria; Gottfried Schatz Research Center: Biophysics, Medical University of Graz, Graz, Austria; Gottfried Schatz Research Center: Biophysics, Medical University of Graz, Graz, Austria; Gottfried Schatz Research Center: Biophysics, Medical University of Graz, Graz, Austria",2023 Computing in Cardiology (CinC),"26 Dec 2023","2023","50","","1","4","Introduction: Virtual heart technologies (VHTs) promise to offer an detailed view on cardiac electrophysiology (EP). However, only very few VHTs simulating EP of four-chamber hearts have been reported so far and widespread use is limited due to labor intense workflows and the difficulty of ascertaining a close match between simulations and observations. This motivates the development of efficient workflows for both critical stages of creating a digital twin of cardiac EP: i) the generation of patient-specific anatomical models, and ii) the calibration of EP models to match clinical observations. Methods: A workflow for the generation of anatomically accurate models of the heart, with emphasis on the atria.from imaging data was developed. This includes, automated creation of multi-label segmentations using a convolutional neural network (CNN), a meshing step, annotation of tissue regions, and assignment of fibers. To speed up functional twinning, a prototype to run close to real-time EP simulations that can be used to find a good initial guess for model calibration methods that fit physiologically more accurate mono- or bidomain EP models to clinical data has been designed. Results: A semi-automated workflow to create atrial models at scale was developed, implemented and applied to a first clinical data set. A GUI based tool to plan and run whole heart EP simulations was prototyped.","2325-887X","979-8-3503-8252-5","10.22489/CinC.2023.094","Austrian Research Promotion Agency (FFG)(grant numbers:FO999891133); ","https://ieeexplore.ieee.org/stamp/stamp.jsp?arnumber=10364123","","Heart;Computational modeling;Prototypes;Optical fiber networks;Data models;Real-time systems;Physiology","","1","","13","","26 Dec 2023","1-4 Oct. 2023","1-4 Oct. 2023","IEEE","IEEE Conferences"
"Key Technologies for Power Equipment Fault Prediction and Health Management Coupled with Artificial Intelligence and Digital Twins","J. Guo; L. Yang; L. Liu; K. Wang; S. Cao","State Grid Xinjiang Information and Telecommunication Company, Urumqi, Xinjiang, China; State Grid Xinjiang Information and Telecommunication Company, Urumqi, Xinjiang, China; State Grid Xinjiang Information and Telecommunication Company, Urumqi, Xinjiang, China; State Grid Xinjiang Information and Telecommunication Company, Urumqi, Xinjiang, China; State Grid Xinjiang Information and Telecommunication Company, Urumqi, Xinjiang, China","2026 1st International Conference on AI, Data Science, Cyber Security and Smart Manufacturing for Sustainable Development (ICADCS)","8 Jul 2026","2026","","","1080","1086","With the increasing demands for intelligent power systems, existing operation and maintenance methods face challenges in terms of prediction accuracy and adaptability. This paper proposes a framework that deeply integrates artificial intelligence and digital twins. A high-quality training dataset is constructed through multi-source heterogeneous information fusion and generative data augmentation; a multi-physics coupled digital twin is established, and unscented Kalman filtering and neural networks are used to achieve dynamic model updates; a dual-channel deep learning model is designed, integrating physical simulation states and measured data features; finally, an integrated “prediction-decision” health management closed loop based on health indices and reinforcement learning is built. This method achieves an average F 1 score of 0.908 for seven typical fault types, a maximum early warning time of 136.5 hours, and a false alarm rate stable at 3.1% or lower. Furthermore, after 30 days of transfer learning on new equipment, the F 1 score improves to 0.924, achieving accurate, reliable, and adaptive equipment fault prediction and health management.","","979-8-3315-5090-5","10.1109/ICADCS70036.2026.11583577","","https://ieeexplore.ieee.org/stamp/stamp.jsp?arnumber=11583577","Fault Prediction;Digital Twin;Multi-source Information Fusion;Dual-channel Deep Learning","Modeling;Timing;Digital twins;Equations;Joining processes;Printing;Training;Occupational health;Technology;Indexes","","","","16","IEEE","8 Jul 2026","23-24 May 2026","23-24 May 2026","IEEE","IEEE Conferences"
"Edge-Intelligent Wearable Respiratory Monitoring using Hypergraph Learning and Neuromorphic Signal Processing","P. Poornimadevi; J. J; S.Mohan; Rajeshwari.M; R. V; M. A","Department of Bio Medical Engineering, AVS Engineering College, Salem, Tamil Nadu, India; Department of Bio Medical Engineering, AVS Engineering College, Salem, Tamil Nadu, India; Department of Bio Medical Engineering, AVS Engineering College, Salem, Tamil Nadu, India; Department of Bio Medical Engineering, AVS Engineering College, Salem, Tamil Nadu, India; Department of Bio Medical Engineering, AVS Engineering College, Salem, Tamil Nadu, India; Department of Bio Medical Engineering, AVS Engineering College, Salem, Tamil Nadu, India",2026 9th International Conference on Computing Methodologies and Communication (ICCMC),"29 Jul 2026","2026","","","227","233","The use of ambulatory respiratory monitoring in real-time is necessary to monitor breathing anomalies early and provide continuous healthcare assistance. The paper is a research on a new wearable respiratory analysis system that combines multimodal sensor fusion, neuromorphic signal conditioning, topological feature extraction, and hypergraph neural networks. Another one facilitates edge-based processing with a sparse Transformer architecture, and predictive analytics with a digital twin framework. The proposed model had a classification accuracy of 98.7%, precision of 98.3% and recall of 98.5% which is better than using conventional techniques. This system also exhibited low latency of 32 ms and low energy usage of less than 100 mW, which makes it suitable to use in the case of constant monitoring. Federated learning also enhanced individualized precision by a margin of 3.2%. The effectiveness of the system, its strength, and scalability in ambulatory settings are proven through experimentation. A combination of a sophisticated AI algorithm and wearable devices is a trustworthy way to monitor the respiration rates and identify abnormalities in time.","","979-8-3315-4719-6","10.1109/ICCMC69250.2026.11624943","","https://ieeexplore.ieee.org/stamp/stamp.jsp?arnumber=11624943","Respiratory monitoring in the form of wearables;sensor fusion;neuromorphic filtering;hypergraph neural networks;sparse Transformer;digital twin;federated learning;real-time healthcare;anomaly detection","Modeling;Wearable devices;Monitoring;Timing;Real-time systems;Federated learning;Image sensors;Accuracy;Manuals;Medical services","","","","15","IEEE","29 Jul 2026","8-10 July 2026","8-10 July 2026","IEEE","IEEE Conferences"
"Vibration signal-based fault prediction using few-shot learning in the digital twin ecosystem","A. Kumar; T. Mane; M. S. Kulkarni; A. Tewari","Department of Mechanical Engineering, Indian Institute of Technology Bombay, Mumbai, India; Department of Mechanical Engineering, Indian Institute of Technology Bombay, Mumbai, India; Department of Mechanical Engineering, Indian Institute of Technology Bombay, Mumbai, India; Department of Mechanical Engineering, Indian Institute of Technology Bombay, Mumbai, India",5th International Conference on Artificial Intelligence and Advanced Manufacturing (AIAM 2023),"16 Jan 2024","2023","2023","","1","6","The current era is the era of digital transformation. Various concepts such as Cyber-Physical Systems, digital twins, etc. are proposed to implement this transformation. A digital twin is a virtual replica that can monitor and predict the state of any asset or process enabling the use of various cutting-edge technologies. A digital twin has a variety of applications. Maintenance is one area where digital twins are actively used for predictive maintenance. To work efficiently a real time data collection mechanism is required. Also, it may not always feasible to capture and train large data sets for Machine learning models due to the cost and other limitations associated with it. In this paper, a digital twin is created using OPCUA server. Digital Twin captures the data from the IoT sensors with the help of various protocols. This data is intelligently analyzed with various machine learning algorithms built into the digital twin to monitor health status. Few-shot learning, an algorithm in which a machine learning model can learn with a limited amount of data and perform reasonably accurately is used. For this study, a rotary asset is explored for fault prediction. The vibration signals are converted into 2D images which are then trained on CNN models using the Siamese Neural Networks method. The performed analysis proven to be very effective in various fault classifications. The knowledge gained through few-shot learning remains with digital twins to monitor similar kinds of newly added assets without any much training.","","978-1-83953-983-1","10.1049/icp.2023.2906","","https://ieeexplore.ieee.org/stamp/stamp.jsp?arnumber=10400731","","","","","","","","16 Jan 2024","20-21 Oct. 2023","20-21 Oct. 2023","IET","IET Conferences"
"2 Health Digital Twins: A New Era in Healthcare","",,"HealthTech Horizons: Charting the Future of Smart Healthcare Innovations, Deepfake and Metaverse","","2026","","","9","26","HealthTech Horizons provides a concise yet comprehensive view of how cutting-edge technologies are transforming healthcare. Covering AI and machine learning in diagnostics, deep learning architectures (CNNs, RNNs, GANs) for genomics and imaging, synthetic data augmentation, and optimization algorithms (MRMR, EHO, HHWO) for complex biomedical datasets, this book bridges research with real-world applications. It also examines the disruptive rise of deepfake technologies and the metaverse in telemedicine, surgical training, and immersive patient care, while addressing the ethical and computational challenges of integrating these tools responsibly. Designed for researchers, clinicians, and innovators, HealthTech Horizons is both a technical reference and a roadmap for the next era of smart, ethical, and intelligent healthcare systems. The digital revolution in healthcare is no longer on the horizon—it’s here. HealthTech Horizons dives deep into the convergence of biomedical science and advanced computational techniques, offering a research-driven perspective on how technology is redefining modern medicine. This book explores: • Artificial intelligence and machine learning in diagnostics, treatment planning, and personalized medicine. • Deep learning architectures (CNNs, RNNs, GANs) applied to genomics, medical imaging, and biomarker discovery. • Synthetic data augmentation and generative adversarial networks (GANs) for enhancing predictive accuracy. • Feature selection and optimization algorithms (e.g., MRMR, EHO, HHWO) for high-dimensional biomedical datasets. • Deepfake technologies and their dual role in healthcare innovations and security threats. • Metaverse applications in telemedicine, surgical simulation, and immersive patient care. • Ethical and computational challenges in deploying AI responsibly in clinical practice. Bridging research and practice, this book is an indispensable resource for data scientists, bioinformaticians, clinicians, and healthcare innovators seeking to understand—and shape—the next frontier of smart healthcare systems. HealthTech Horizons is not just about the future; it is a roadmap for leveraging algorithms, data, and virtual ecosystems to create resilient, ethical, and intelligent healthcare solutions.","","9788743809906","","","https://ieeexplore.ieee.org/xpl/ebooks/bookPdfWithBanner.jsp?fileName=11554510.pdf&bkn=11554128&pdfType=chapter","","","","","","","","9 Jun 2026","","","River Publishers","River eBook Chapters"
"Farm Digital Twin and Deep Learning-Based Crop Health Detection Using Multi-Index Vegetation Signals From Sentinel-2 Satellite Imagery","S. Raman; A. Sakhalkar; P. Debnath","Department of Computing and Technologies, School of Computing College of Engineering and Technology SRM Institute of Science and Technology, Kattankulathur, India; Department of Computing and Technologies, School of Computing College of Engineering and Technology SRM Institute of Science and Technology, Kattankulathur, India; Department of Computing and Technologies, School of Computing College of Engineering and Technology SRM Institute of Science and Technology, Kattankulathur, India","2026 International Conference on System, Computation, Automation and Networking (ICSCAN)","7 Jul 2026","2026","","","1","6","The sustainability of agricultural systems is heavily dependent on the detection of crop stress or disease in a timely manner. This paper proposes an integrated remote sensing and machine learning-based solution for real-time crop health monitoring using Google Earth Engine, machine learning models, and vegetation indices. Satellite images are used in real time to calculate vegetation indices such as the Normalized Difference Vegetation Index (NDVI), Enhanced Vegetation Index (EVI), Fraction of Photosynthetically Active Radiation (FPAR), and Soil Vegetation Index (SVI) using Sentinel-2 satellite images.. The regions of stress are detected using a statistical anomaly detection method with the help of Z-score normalization. Later, machine learning models are used to differentiate the regions of healthy and diseased crops. A web interface is designed to allow the user to input the location and observation dates, enabling the user to predict the health of the crops. As shown by experimental evaluation, a strong correlation exists between vegetation index anomalies and crop stress patterns, resulting in high classification accuracy in various agricultural regions. The proposed system facilitates the scalability of real-time agricultural monitoring, thereby supporting sustainable agricultural practices in conformity with global food security and climate resilience strategies.","","979-8-3195-4817-7","10.1109/ICSCAN66520.2026.11588351","","https://ieeexplore.ieee.org/stamp/stamp.jsp?arnumber=11588351","NDVI;EVI;FPAR;SVI;Google Earth Engine;Remote Sensing;Machine Learning;Precision Agriculture","Crops;Vegetation;Machine learning;Indexes;Indexing;Modeling;Normalized difference vegetation index;Occupational health;Satellites;Enhanced vegetation index","","","","15","IEEE","7 Jul 2026","12-13 June 2026","12-13 June 2026","IEEE","IEEE Conferences"
"Digital Twin-Assisted Large Language Model for Early Cardiac Disease Detection","H. R. Gantla; H. B; G. B. Matcha; K. R. Rao; V. Nagamalla; K. B. Shah","Department of CSE, Vignan Institute of Technology and Science, Hyderabad, Telangana, India; Department of CSE-Data Science, KG Reddy College of Engineering and Technology, Hyderabad, Telangana, India; Department of CSE, Sir C.R. Reddy College of Engineering, Eluru, Andhra Pradesh, India; Department of AI&ML, School of Engineering & Technology, Sanjivani University, Kopargaon, Maharastra, India; Department of AI&DS, School of Engineering & Technology, Sanjivani University, Kopargaon, Maharastra, India; Department of CSE, Nepal Engineering College, Changunarayan, Bhaktapur, Nepal",2026 7th International Conference On Computational Vision and Bio Inspired Computing (ICCVBIC),"18 Sep 2026","2026","","","143","150","Current deep learning and transformer-based cardiac disease diagnostic models face challenges with prediction reliability, inference speed, calibration precision, interpretability, and early risk detection, making early and accurate cardiac disease identification crucial for minimizing mortality and timely clinical intervention. To overcome these challenges, this study introduces TwinCardioLLM is a Digital Twin-Assisted Large Language Model framework that combines patient-specific Digital Twin simulation with Large Language Model reasoning to enhance the early detection of cardiac diseases and clinical decision making on the Heart Failure Clinical Records Dataset (UCI). The proposed framework is practically demonstrated and tested in the PyTorch simulation environment, in which the digital twin continuously simulates the condition of the patients and the LLM continuously produces understandable clinical knowledge for diagnosis. The performance of TwinCardioLLM was compared with ClinicalBERT, BioBERT, and TabTransformer using Balanced Accuracy, Prediction Latency, Brier Score, Early Detection Time, Clinical Decision Time, and LLM Explanation Quality Score. The experimental results validate TwinCardioLLM with a Balanced Accuracy of 98.84%, which is $4.91 \%, 3.72 \%$, and 2.57% higher than ClinicalBERT, BioBERT, and TabTransformer, respectively. It further reduced Prediction Latency by 46.88%, 40.00%, and 31.03%, lowered the Brier Score by 54.55%, 45.45%, and 33.33%, accelerated Early Detection Time by 48.15%, 41.67%, and 32.14%, shortened Clinical Decision Time by 44.83%, 38.10%, and 28.57%, and improved the LLM Explanation Quality Score by $\mathbf{1 7. 3 9 \%}$, $\mathbf{1 3. 1 0 \%}$, and $\mathbf{8. 4 3 \%}$, respectively. The results confirm the ability of TwinCardioLLM to offer an accurate, interpretable and clinically efficient decision-support system, which underscores the system's promise for future incorporation into intelligent healthcare systems for proactive cardiac disease diagnosis and tailored patient management.","","979-8-3195-0975-8","10.1109/ICCVBIC71195.2026.11689108","","https://ieeexplore.ieee.org/stamp/stamp.jsp?arnumber=11689108","Cardiac Disease;Diagnostic;Digital Twin;Large Language Model;TwinCardioLLM;PyTorch","Modeling;Digital twins;Diseases;Large language models;Timing;Accuracy;Signal detection;Medical diagnosis;Medical services;Cardiac disease","","","","22","IEEE","18 Sep 2026","6-8 Aug. 2026","6-8 Aug. 2026","IEEE","IEEE Conferences"
"AI-Enabled Digital Twins in Cancer Care: A Framework for Personalized Treatment and Predictive Modeling","C. Sushma; L. N. Krishna; V. S. Rekha; V. Chintamaneni; J. S. Kumar; V. Vivekanandhan","Dept. of CSE (AIML), Geethanjali College of Engineering and Technology, Hyderabad, Telangana, India; Dept. of CSE, Malla Reddy University, Secunderabad, Telangana, India; Dept. of EEE, CVR College of Engineering, Hyderabad, Telangana, India; Dept. of ECE, Malla Reddy Engineering College for Women, Hyderabad, Telangana, India; Dept. of ECE, Malla Reddy (MR) Deemed to be University, Secunderabad, Telangana, India; Dept. of CSE-AIML, Malla Reddy College of Engineering, Secunderabad, Telangana, India",2026 9th International Conference on Trends in Electronics and Informatics (ICOEI),"3 Jun 2026","2026","","","1370","1375","Digital twins have the potential to revolutionize the healthcare sector and enable personalized medicine, particularly in cancer treatment. Using AI-enabled data synthesis and real-time supervision, this paper proposes a novel model of Cancer Patient Digital Twins (CPDT) to enhance cancer prediction analytics, therapy modification, clinical determination, and therapeutic outcomes. The CPDT framework combines state-of-the-art technologies such as deep learning, federated learning, complex biological simulations, and quantum-enabled computing to simulate cancer patients as dynamic systems. The framework generates a stream of insights that can result in more precise and tailored healthcare interventions based on the extraction and multi-modal data consolidation through artificial intelligence. By allowing clinicians to model treatment outcomes, evaluate risks, and offer patients evidence-based, customized options, this advances the objectives of precision oncology. Additionally, this approach provides flexibility in a range of clinical settings by enabling the tracking of diagnostic and predictive models at multiple biological levels. Despite its revolutionary potential, the CPDT method faces many obstacles, including computer use, ethical concerns, and data protection. To solve these problems, long-term experimental durability, adequate clinical validation, and cross-professional collaboration between AI researchers, doctors, and legislators are all essential. The CPDT framework may be at the core of artificial intelligence-based digital health solutions as they grow and prove to be a successful way to improve cancer care outcomes. The primary goal is to fulfill the potential of CPDT technologies to provide the best and most patient-centered cancer treatments, which is why it is essential to advance these technologies and foster cooperation.","","979-8-3315-7588-5","10.1109/ICOEI68323.2026.11541872","","https://ieeexplore.ieee.org/stamp/stamp.jsp?arnumber=11541872","AI;Digital Twins;Personalized Oncology;Multimodal Integration;Clinical Data;Cancer Patient Digital Twin","Modeling;Cancer;Digital twins;Artificial intelligence;Printing;Breast cancer;Oncology;Accuracy;Aluminum;Training","","","","18","IEEE","3 Jun 2026","21-23 April 2026","21-23 April 2026","IEEE","IEEE Conferences"
"Digital Twins for Brain Tumor Detection using MRI Images by Deep Learning","K. Terala; C. C. N; A. Nelikanti; D. V. Juneja; M. Khaja Shaik; P. C. Shaker Reddy","Department of CSE (AIML), Geethanjali College of Engineering and Technology, Telangana, India; Department of Information Science and Engineering, The National Institute of Engineering, Mysuru, Karnataka, India; Computer Science and Engineering Vignana Bharathi Institute of Technology, Telangana, India; Department of Computer Science, Pimpri Chinchwad College of Engineering, Pune, Maharashtra, India; Department of AIML, St Ann's College of Engineering and Technology, Chirala, AP, India; School of Computer Science and Artificial Intelligence, SR University, Warangal, Telangana, India",2024 4th International Conference on Advancement in Electronics & Communication Engineering (AECE),"13 Mar 2025","2024","","","1248","1253","The aberrant growth and proliferation of brain tumors causes them to have one of the highest fatality rates among all cancers, despite the rarity of the disease. When aberrant muscles buildup in the brain, a tumor forms. There is a wide variety of aberrant tissue types, but most of the time they grow normally and then die off without bothering anyone. There are a few other names for digital twins: digital-mirror, mapping, and duplicate. Each of these words describes the similar thing; they are interchangeable. It is a method for moving data across other domains, whether that data is digital or physical. The goal of image processing is to accomplish some task by adding or removing data from a picture. An example of a neural network is a convolutional neural network, which takes picture signals as input and outputs either the full image or a choice of its modules. This study details a method for diagnosing brain malignancies using magnetic resonance imaging (MRI) scans by employing digital twins and sophisticated machine learning techniques. Using digital devices connected to the IoT, MRI images are stored in a central cloud. After that, we access the cloud storage to get the input images and any other health-related data. Features are selected using the Particle Swarm Optimization method. Image classification of brain tumors is accomplished by means of deep-learning(DL) strategies such as CNN. When it comes to investigating MRI-images for the aim of detecting brain-tumors (BT), the CNN algorithm shows significantly better accuracy.","","979-8-3503-6472-9","10.1109/AECE62803.2024.10911341","","https://ieeexplore.ieee.org/stamp/stamp.jsp?arnumber=10911341","Healthcare 4.0;deep learning;brain tumour;IoT;MRI","Deep learning;Cloud computing;Magnetic resonance imaging;Brain tumors;Personal digital devices;Muscles;Real-time systems;Digital twins;Convolutional neural networks;Particle swarm optimization","","3","","18","IEEE","13 Mar 2025","22-23 Nov. 2024","22-23 Nov. 2024","IEEE","IEEE Conferences"
"Digital Twin Technology for Structural Health Monitoring of Railway Bridge: A Systematic Literature Review","V. A. Nora; S. H. Supangkat; F. Hidayat","School of Electrical Engineering and Informatics, Ministry of Transportation of the Republic of Indonesia Bandung Institute of Technology, Bandung, Indonesia; School of Electrical Engineering and Informatics, Bandung Institute of Technology, Bandung, Indonesia; School of Electrical Engineering and Informatics, Bandung Institute of Technology, Bandung, Indonesia",2025 International Conference on ICT for Smart Society (ICISS),"24 Feb 2026","2025","","","1","7","This systematic literature review investigates the implementation and evolution of digital twin technology for structural health monitoring (SHM) of railway bridges by analyzing 32 peer-reviewed studies published between 2021 and 2025. Six research questions guide the review, covering digital twin definitions, damage types, sensor technologies, machine learning approaches, evaluation methodologies, and implementation challenges. The findings reveal a transition from first-generation reactive monitoring systems to thirdgeneration predictive platforms that integrate real-time sensor data with advanced machine learning algorithms for continuous assessment and maintenance optimization. Structural deformation (31.3%), surface damage (25.0%), and material fatigue (18.8%) emerge as the most frequently addressed damage types, with accelerometers as the dominant sensing technology (27.0%) and vibration as the most measured parameter (88.0%), followed by strain (76.0%). Machine learning methods include convolutional neural networks (CNN) for vibration-based damage detection, long short-term memory (LSTM) networks for time-series analysis, autoencoders for anomaly detection, and transformer-based models for visual assessment. Evaluation methodologies range from controlled laboratory testing to field validation, with the latter showing a 67% improvement in early damage detection compared to traditional inspection methods. Major challenges remain in data standardization (78% of studies), computational efficiency (65%), and system integration (59%), highlighting the need for coordinated, industry-wide strategies to enable large-scale adoption.","","979-8-3315-6791-0","10.1109/ICISS66954.2025.11389661","","https://ieeexplore.ieee.org/stamp/stamp.jsp?arnumber=11389661","Digital twin;railway bridges;structural health monitoring;machine learning;iot;sensors;predictive maintenance","Vibrations;Visualization;Structural panels;Machine learning;Vibration measurement;Digital twins;Convolutional neural networks;Monitoring;Long short term memory;Systematic literature review","","","","31","IEEE","24 Feb 2026","3-4 Sept. 2025","3-4 Sept. 2025","IEEE","IEEE Conferences"
"TwinCardioNet: Digital Twin-Assisted AIoT Framework for Early Cardiac Disease Detection","H. R. Gantla; R. Seelaboyina; H. B; K. R. Rao; R. Gugulothu; V. Nagamalla","Department of CSE, Vignan Institute of Technology and Science, Hyderabad, Telangana, India; Department of CSE, Geethanjali College of Engineering and Technology, Hyderabad, Telangana, India; Department of CSE-Data Science, KG Reddy College of Engineering and Technology, Hyderabad, Telangana, India; Department of AI&ML, School of Engineering &Technology, Sanjivani University, Kopargaon, Maharastra, India; Department of CSE - AI&ML, Sreenidhi Institute of Science and Technology, Yamnampet, Hyderabad, India; Department of AI&DS, School of Engineering &Technology, Sanjivani University, Kopargaon, Maharastra, India",2026 International Conference on Modern Sustainable Systems (CMSS),"18 Sep 2026","2026","","","843","850","In an Internet of Medical Things (IoMT) context, early and accurate cardiac disease detection is crucial for minimizing mortality and timely clinical interventions, but current AI-driven diagnostic systems suffer from a high inference latency, delayed decision-making, poor adaptability and synchronization with patient-specific physiological changes. To overcome these challenges, this study introduces TwinCardioNet, a Digital Twin-Assisted Artificial Intelligence of Things (AIoT) framework that combines a real-time digital twin and deep learning-based cardiac diagnosis for continuous patient monitoring and intelligent decision support. The proposed framework was tested with Chapman-Shaoxing 12-Lead ECG Dataset, and the simulation environment was tested using MATLAB Simulink, which models the actual IoMT communication, digital twin synchronization and clinical data flow. The various performance metrics considered for TwinCardioNet include Diagnostic Accuracy, Early Detection Time, System Reliability, Inference Time and Digital Twin Update Delay, each of which was compared to ResNet-50, DenseNet-121, and the Vision Transformer (ViT). The experimental results show that the diagnostic accuracy of TwinCardioNet is 99.12%, which increases by 3.46%, 2.48%, and $\mathbf{1. 6 7 \%}$ compared to ResNet-50, DenseNet-121, and ViT, respectively. The proposed framework also reduced early detection time by 34.78%, 27.78%, and 19.05%; improved system reliability by 6.74%, 4.81%, and 3.23%; decreased inference time by 43.75%, 35.29%, and 24.14%; and minimized digital twin update delay by 47.37%, 36.36%, and 25.00%, respectively. These results show that TwinCardioNet is an intelligent healthcare solution with very high accuracy, reliability and latency, suitable for next-generation cardiac monitoring and early diagnosis of cardiac diseases with IoMT.","","979-8-3315-4583-3","10.1109/CMSS69636.2026.11688755","","https://ieeexplore.ieee.org/stamp/stamp.jsp?arnumber=11688755","IoMT;Artificial Intelligence;Diagnostic Systems;Chapman-Shaoxing;MATLAB;Digital Twin","Digital twins;Modeling;Timing;Medical services;Synchronization;Accuracy;Electrocardiography;Delays;Signal detection;Real-time systems","","","","22","IEEE","18 Sep 2026","12-14 Aug. 2026","12-14 Aug. 2026","IEEE","IEEE Conferences"
"Integrating IoBNT and AI-Enabled Digital Twins in E-Health and Biotechnology","M. B. Jamshidi; D. Thai Hoang; D. N. Nguyen; D. Niyato; M. E. Warkiani","School of Electrical and Data Engineering, University of Technology, Sydney, Australia; School of Electrical and Data Engineering, University of Technology, Sydney, Australia; School of Electrical and Data Engineering, University of Technology, Sydney, Australia; College of Computing and Data Science, Nanyang Technological University, Singapore; School of Biomedical Engineering, University of Technology, Sydney, Australia",2025 IEEE Globecom Workshops (GC Wkshps),"7 Jul 2026","2025","","","1286","1291","Rapid digitalization in e-health and biotechnology is transforming the way biological and medical data are measured, processed, and secured. These breakthroughs are driven by cutting-edge technologies that leverage distributed computing to provide scalability, enhanced security, and precise data acquisition. However, the efficient management of micro and nanoscale biological data remains a significant challenge, particularly due to the complexities involved in extracting, transmitting, and processing this data across scalable Internet of Things (IoT) infrastructure. To tackle these challenges, this paper introduces a novel and highly efficient Digital Twin (DT) framework that integrates bio-network technologies, specifically the Internet of Bio-Nano Things (IoBNT), along with decentralized deep learning algorithms, including Federated Learning (FL) and Convolutional Neural Networks (CNN). The proposed framework employs CNNs for robust pattern recognition, FL to reduce bandwidth requirements and enhance data privacy, and IoBNT devices to ensure precise data acquisition with minimal error. Our approach has demonstrated an outstanding AI-Enabled DT framework with an accuracy of 98.21% across 33 bacterial categories, showcasing the framework’s potential for scalable, secure, and efficient biological data analysis. This work paves the way for practical, high-performance data-driven DTs in e-health and biotechnological applications, which hold the potential to redefine how data is leveraged for advancing medical innovation.","2166-0077","979-8-3315-6741-5","10.1109/GCWkshps68340.2025.11590963","","https://ieeexplore.ieee.org/stamp/stamp.jsp?arnumber=11590963","CNN;digital twins;digital health;distributed computing;e-health;federated learning;Internet of Bio-Nano Things;IoT","Modeling;Convolutional neural networks;Training;Internet of Things;Electronic healthcare;Privacy;Biotechnology;Printing;Convergence;Equations","","","","15","IEEE","7 Jul 2026","8-12 Dec. 2025","8-12 Dec. 2025","IEEE","IEEE Conferences"
"Motor Health State Prediction Based on Temperature Signals Driven by Digital Twins","J. Ma; W. Yang; A. Sitahong; Y. Huang","Xinjiang Institute of Engineering, Urumqi, China; Xintec Silicon-Based New Material Co.,Ltd, Changji, China; Xinjiang University, Urumqi, China; Xinjiang Institute of Engineering, Urumqi, China",2026 IEEE 3rd International Conference on Big Data Science and Engineering (ICBDSE),"10 Aug 2026","2026","","","1","10","In open pit coal mines, the efficient operation of the motors has a significant impact on the effectiveness of the entire production line. Accurate motor state prediction is essential for the early identification of possible motor failures and proactive maintenance plan management. In this study, a brand-new digital twin-driven multi-state prediction framework is proposed. The framework employs digital twin technology based on edge-cloud networks, combined with deep learning models, to provide a feasible solution for motor condition prediction. The motor's digital twin model is created using the physical space's multi-physical parameters, and its consistency with the physical model is then confirmed.To forecast the state of the motor from the standpoint of single-parameter and multi-parameter fusion, an attention mechanism-based multi-convolution-gated recurrent neural network (MCNN-SEGRU) is developed. The validity and feasibility of this method were verified based on the case of motor condition monitoring in open-pit coal mines.","","979-8-3315-5243-5","10.1109/ICBDSE70225.2026.11635731","","https://ieeexplore.ieee.org/stamp/stamp.jsp?arnumber=11635731","Digital twin;Data-driven;edge-cloud network;Channel attention;State prediction","Modeling;Motors;Digital twins;Equations;Timing;Temperature;Printing;Tagging;Limiting;Occupational health","","","","20","IEEE","10 Aug 2026","12-14 June 2026","12-14 June 2026","IEEE","IEEE Conferences"
"HDL: Hybrid Deep Learning for the Synthesis of Myocardial Velocity Maps in Digital Twins for Cardiac Analysis","X. Xing; J. D. Ser; Y. Wu; Y. Li; J. Xia; L. Xu; D. Firmin; P. Gatehouse; G. Yang","National Heart and Lung Institute, Imperial College London, London, U.K.; Department of Communications Engineering, University of the Basque Country UPV/EHU, Bilbao, Spain; National Heart and Lung Institute, Imperial College London, London, U.K.; School of Automation Sciences and Electrical Engineering, Beihang University, Beijing, China; Department of Radiology, Shenzhen Second People’s Hospital, Shenzhen, China; Department of Radiology and Beijing Anzhen Hospital, Capital Medical University, Beijing, China; National Heart and Lung Institute, Imperial College London, London, U.K.; National Heart and Lung Institute, Imperial College London, London, U.K.; National Heart and Lung Institute, Imperial College London, London, U.K.",IEEE Journal of Biomedical and Health Informatics,"5 Oct 2023","2023","27","10","5134","5142","Synthetic digital twins based on medical data accelerate the acquisition, labelling and decision making procedure in digital healthcare. A core part of digital healthcare twins is model-based data synthesis, which permits the generation of realistic medical signals without requiring to cope with the modelling complexity of anatomical and biochemical phenomena producing them in reality. Unfortunately, algorithms for cardiac data synthesis have been so far scarcely studied in the literature. An important imaging modality in the cardiac examination is three-directional CINE multi-slice myocardial velocity mapping (3Dir MVM), which provides a quantitative assessment of cardiac motion in three orthogonal directions of the left ventricle. The long acquisition time and complex acquisition produce make it more urgent to produce synthetic digital twins of this imaging modality. In this study, we propose a hybrid deep learning (HDL) network, especially for synthetic 3Dir MVM data. Our algorithm is featured by a hybrid UNet and a Generative Adversarial Network with a foreground-background generation scheme. The experimental results show that from temporally down-sampled magnitude CINE images (six times), our proposed algorithm can still successfully synthesise high temporal resolution 3Dir MVM CMR data (PSNR=42.32) with precise left ventricle segmentation (DICE=0.92). These performance scores indicate that our proposed HDL algorithm can be implemented in real-world digital twins for myocardial velocity mapping data simulation. To the best of our knowledge, this work is the first one investigating digital twins of the 3Dir MVM CMR, which has shown great potential for improving the efficiency of clinical studies via synthesised cardiac data.","2168-2208","","10.1109/JBHI.2022.3158897","European Research Council Innovative Medicines Initiative(grant numbers:DRAGON,H2020-JTI-IMI2 101005122); AI for Health Imaging Award(grant numbers:CHAIMELEON,H2020-SC1-FA-DTS-2019-1 952172); British Heart Foundation(grant numbers:TG/18/5/34111,PG/16/78/32402); MRC(grant numbers:MC/PC/21013); U.K. Research and Innovation Future Leaders Fellowship(grant numbers:MR/V023799/1); Department of Education of the Basque Government; MATHMODE(grant numbers:IT1294-19); Project of Shenzhen International Cooperation Foundation(grant numbers:GJHZ20180926165402083); ","https://ieeexplore.ieee.org/stamp/stamp.jsp?arnumber=9735339","Cardiac imaging;CINE MRI;digital twins;image synthesis;myocardial velocity mapping","Digital twin;Myocardium;Data models;Hardware design languages;Spatial resolution;Interpolation;Deep learning","Humans;Magnetic Resonance Imaging, Cine;Deep Learning;Heart;Heart Ventricles;Blood Flow Velocity;Magnetic Resonance Imaging","35","","27","IEEE","15 Mar 2022","Oct. 2023","","IEEE","IEEE Journals"
"Hierarchically Scaled Vision Transformer (HSViT) With Digital Twinned Non-Invasive Neurotherapy to Detect Brain Tumor","P. Chauhan; M. Lunagaria; D. Kumar Verma","Department of Computer Engineering, Marwadi University, Rajkot, Gujarat, India; Department of Computer Engineering, Marwadi University, Rajkot, Gujarat, India; Department of Computer Engineering, Marwadi University, Rajkot, Gujarat, India",IEEE Transactions on Consumer Electronics,"19 Dec 2025","2025","71","4","11026","11033","Reliable brain tumor analysis from limited MRI data requires lightweight models that provides both accurate classification and clinically useful localization. Conventional Convolutional Neural Networks (CNNs) and Vision Transformers (ViTs) struggle in low-data medical settings and are typically limited to single-task classification. We present Hierarchically Scaled Vision Transformer (HSViT), a lightweight transformer for brain MRI that integrates a PreEncoder for edge enhancement, Cross-Layer Attention Refinement (CLAR), a Progressive Token Filter, and a Tumor Context Module (TCM) for efficient tumor classification and localization. HSViT jointly outputs tumor class labels and Region of Interest (ROI) maps, offering diagnostic accuracy with spatial localization. These outputs can also support patient specific digital twin pipelines for non-invasive neurotherapy planning with Transcranial Magnetic Stimulation (TMS) and Transcranial Focused Ultrasound Stimulation (tFUS). On the FigShare dataset, HSViT achieves 97.83% accuracy with precision 99.11%, recall 98.66%, and F1-score 98.88%, with class-wise F1 of 98.47% (Glioma), 98.14% (Meningioma), and 99.13% (Pituitary). Ablation results shows that CLAR improves cross-layer cue stability, the Progressive Token Filter suppresses non informative regions, and TCM sharpens lesion boundaries. The lightweight footprint and token efficiency makes HSViT practical for deployment on resource constrained platforms. Code, training configurations, deterministic environment files, and pre-trained weights are available at: https://github.com/ChauhanPratik/HSViT","1558-4127","","10.1109/TCE.2025.3624311","","https://ieeexplore.ieee.org/stamp/stamp.jsp?arnumber=11214432","Brain tumor detection;hierarchical vision transformer;token filtering;multi-task learning;attention refinement","Tumors;Transformers;Magnetic resonance imaging;Pipelines;Brain modeling;Location awareness;Filtering;Computer vision;Brain tumors;Convolutional neural networks","","3","","47","IEEE","22 Oct 2025","Nov. 2025","","IEEE","IEEE Journals"
"Toward Secure and Standardized AI Frameworks in Metaverse-Enabled Cognitive Digital Twins for Healthcare","J. Yang; A. A. Khan; X. Yang; X. Xu; M. Abdel-Salam; D. Hu; C. -Z. T. Xie; P. L. Yee","Center of Research for Cyber Security and Network (CSNET), Faculty of Computer Science and Information Technology, Universiti Malaya, Kuala Lumpur, Malaysia; Department of Computer Science, Bahria University Karachi Campus, Karachi, Pakistan; School of Telecommunications Engineering, Xidian University, Xi’an, China; School of Computer Science and Engineering, Northeastern University, Shenyang, China; Faculty of Computer and Information Science, Mansoura University, Mansoura, Egypt; College of Medicine and Biological Information Engineering, Northeastern University, Shenyang, Liaoning, China; Guangdong Provincial Key Laboratory of Intelligent Transportation System, School of Intelligent Systems Engineering, Sun Yat-sen University, Guangzhou, China; Center of Research for Cyber Security and Network (CSNET), Faculty of Computer Science and Information Technology, Universiti Malaya, Kuala Lumpur, Malaysia",IEEE Communications Standards Magazine,"27 Aug 2026","2026","10","3","289","296","A new generation of consumer electronics known as the “metaverse” leverages the ideas, scope, and protocols of the internet to provide a stable, decentralized virtual environment that is particularly helpful in the medical area. This technical advancement includes the fusion of cutting-edge digital technologies such as blockchain, 3D modeling, augmented and virtual reality-enabled wearable sensors, the consumer Internet of Things, and Autonomous Artificial Intelligence (AAI). The metaverse has given rise to a variety of study paradigms in several domains. Its advancement increases the flexibility of virtual therapy, immersive health education and training, cognitive trials, and other sessionrelated activities in the healthcare industry. This paper explores the effects of digital gaming therapy on the current state of health diagnosis and treatment within this investigation. After identifying these aspects, this paper proposes an innovative and secure architecture, called Meta-EGamofy, to overcome significant issues in cognitive healthcare. We offer a design solution for diagnosing phobias, conducting therapy, and providing treatment through the Sandbox platform by using an immersive game-based therapy method. Extending the definition of the digital twin in meta-EGamofy allows for system management, real-time monitoring, and cognitive health assessments, all while supporting the preservation of the consultant-patient relationship. We prioritize consortium-distributed networkenabled wearable sensor resource optimization in the development of this immersive healthcare solution. Therefore, autonomous artificial intelligence is crucial, especially when it comes to the use of artificial neural networks. In addition, meta-EGamofy may examine customized risk factors, such as vital signs, behaviors, and firsthand observations, supporting consultants in carrying out more thorough evaluations.","2471-2833","","10.1109/MCOMSTD.2025.3629149","","https://ieeexplore.ieee.org/stamp/stamp.jsp?arnumber=11269107","","Metaverse;Medical services;Medical treatment;Digital twins;Wearable devices;Training;Security;Optimization;Mental health;Artificial neural networks","","2","","15","IEEE","26 Nov 2025","Sept. 2026","","IEEE","IEEE Magazines"
"AI-Integrated Digital Twins for IoT-Based Structural Health Monitoring: Emerging Trends and Future Research Directions","V. Kumar; M. Bhatia","Department of Computer Applications, National Institute of Technology, Kurukshetra, India; Department of Computer Applications, National Institute of Technology, Kurukshetra, India",IEEE Internet of Things Journal,"","2026","PP","99","1","1","Artificial Intelligence (AI)-integrated Digital Twins (DTs) are advancing Internet of Things (IoT)-enabled Structural Health Monitoring (SHM) through intelligent sensing, cyber–physical integration, real-time assessment, and predictive infrastructure management. However, the research landscape, thematic evolution, and emerging IoT-driven technologies in AI-enabled DTs for SHM remain insufficiently characterized. A scientometric analysis of 2,930 Scopus-indexed publications, comprising English-language journal articles published between 2018 and 2026 in Computer Science, is presented in the current study. BERTopic, publication and citation analysis, Keyword Cooccurrence Networks (KCN), Country Collaboration Networks (CCN), and Document Co-citation Analysis (DCA) are integrated to examine intellectual structures, collaboration patterns, and technological evolution. Four major research domains are identified: DT Architectures and Intelligent Integration (DTAII), Smart Structural Monitoring and Sensing Systems (SMSS), AI-Enabled Structural Intelligence and Damage Analytics (ASIDA), and Predictive Intelligence and Asset Management (PIAM). Research growth accelerates after 2021, with SMSS emerging as the most mature domain and ASIDA showing rapid expansion driven by deep learning, edge intelligence, and IoT-enabled analytics. Emerging themes include Explainable AI, Physics-Informed Neural Networks, Edge AI, blockchain-enabled DTs, federated DTs, and autonomous predictive maintenance. The findings highlight key research challenges and future directions toward scalable, interoperable, secure, and intelligent IoT-enabled DT frameworks for next-generation SHM.","2327-4662","","10.1109/JIOT.2026.3731192","","https://ieeexplore.ieee.org/stamp/stamp.jsp?arnumber=11682930","Artificial intelligence;Digital twins;Internet of Things (IoT);Structural health monitoring;Predictive maintenance;Smart infrastructure","Artificial intelligence;Internet of Things;Modeling;Technology;Monitoring;Digital twins;Collaboration;Reviews;Joining processes;Asset management","","","","","IEEE","7 Sep 2026","","","IEEE","IEEE Early Access Articles"
"Deep Digital Twin Services for Personalized MPX Treatment","C. I. -O. Gabriel; R. Kumar; K. Prasad","Department of CSE, SRM University -AP, Andhra Pradesh, India; Department of CSE, SRM University -AP, Andhra Pradesh, India; Department of CSE, SRM University -AP, Andhra Pradesh, India",2025 17th International Conference on COMmunication Systems and NETworks (COMSNETS),"20 Feb 2025","2025","","","54","59","With the advent of smart healthcare services, rapid and automated diagnosis from images of skin lesions is critical to combat fast-spreading viruses such as monkeypox (Mpox or MPX) and significantly improve public health. The recent cases in Thailand reporting a suspected first case on August 21, 2024, and Sweden on August 14, 2024, among others, highlight the pandemic threat of Mpox. This study presents the Deep Digital Twin Services for Personalized Treatment (D2T-PT) model, which combines transfer learning and Digital Twin (DT) technology to improve the accuracy of Mpox detection and real-time monitoring, supported by the Squeeze-and-Excitation Block (SEB) attention mechanism, which opens up new horizons for personalized healthcare. Convolutional Neural Network (CNN) models were tested on the Monkeypox Skin Lesion Dataset (MSLD), with the advanced adaptive NasNetMobile model achieving excellent results: 100% recall, 98% ROC score, 97.78% accuracy with precision of 95%. This robust model enables physicians to make early and accurate Mpox diagnoses and monitor patient response to treatment in real-time, ultimately helping to contain the spread of the virus.","2155-2509","979-8-3315-3119-5","10.1109/COMSNETS63942.2025.10885677","","https://ieeexplore.ieee.org/stamp/stamp.jsp?arnumber=10885677","Attention mechanism;deep learning;digital twin;Mpox;transfer learning","Adaptation models;Accuracy;Transfer learning;Skin;Real-time systems;Digital twins;Lesions;Convolutional neural networks;Public healthcare;Viruses (medical)","","","","16","IEEE","20 Feb 2025","6-10 Jan. 2025","6-10 Jan. 2025","IEEE","IEEE Conferences"
"An Intelligent IoT–Digital Twin Approach for Structural Health Monitoring and Prediction","A. Alqahtani; A. Alomran; M. Bhatia","Department of Computer Science, Prince Sattam bin Abdulaziz University, Alkharj, Saudi Arabia; Department of Information Technology, College of Computer and Information Sciences, Imam Mohammad Ibn Saud Islamic University (IMSIU), Saudi Arabia; Department of Computer Applications, National Institute of Technology Kurukshetra, India",IEEE Internet of Things Journal,"","2026","PP","99","1","1","Urban infrastructure is increasingly exposed to structural degradation caused by aging assets, escalating operational demands, and adverse environmental conditions, necessitating intelligent and real-time monitoring solutions. This paper proposes a Digital Twin-enabled Early Warning System (DT-EWS) for automated damage detection and collapse risk mitigation. The proposed framework continuously synchronizes multimodal visual and IoT sensor data with a Digital Twin to provide an updated representation of structural conditions. A hybrid Convolutional Neural Network–Vision Transformer (CNN–ViT) architecture jointly exploits local damage characteristics and global structural context for accurate damage detection, localization, and severity assessment. The extracted features are further utilized for spatio-temporal risk analysis and timely warning generation. Experimental evaluation on benchmark structural inspection datasets demonstrates an overall damage detection accuracy of 95.96% and a mean Intersection-over-Union (mIoU) of 90.5%. The proposed DT-EWS further achieves a Robustness Index of 0.72 under noisy and incomplete sensing conditions while maintaining an average inference latency of 124 ms, demonstrating its effectiveness for reliable, real-time infrastructure monitoring and proactive maintenance.","2327-4662","","10.1109/JIOT.2026.3728822","","https://ieeexplore.ieee.org/stamp/stamp.jsp?arnumber=11673184","Digital Twin;Early Warning System;Structural Health Monitoring","Monitoring;Modeling;Internet of Things;Convolutional neural networks;Synchronization;Inspection;Image sensors;Signal detection;Timing;Real-time systems","","","","","IEEE","31 Aug 2026","","","IEEE","IEEE Early Access Articles"
"IoT-Enabled Condition Monitoring of Power Transformers in Distribution Networks","A. R. Singh; A. Nandhakumar; A. D. Das; C. P. Raj; A. M; S. Rinesh","Department of Electronics and Computer Applications, School of Physics and Electronic Engineering, Hanjiang Normal University, Hubei, China; Department of Biomedical Engineering, Dhaanish Ahmed Institute of Technology, Coimbatore; Department Of Mechanical Engineering, Karpagam Academy Of Higher Education, Coimbatore, Tamilnadu, India; Electronics and Communication Engineering, Cambridge Institute of Technology,KR, Bengaluru; Department of Mechanical Engineering, Saveetha School of Engineering, Saveetha Institute of Medical and Technical Sciences (SIMATS), Thandalam, India; Department of Computer Science and Engineering, V.S.B. College of Engineering Technical Campus, Coimbatore, Tamil Nadu",2026 International Conference on Electric Power and Renewable Energy (EPREC),"6 Mar 2026","2026","","","1","5","Power transformers are critical assets in distribution networks, where reliable operation ensures uninterrupted power delivery. Condition monitoring through IoT technologies offers continuous data-driven insights into their health. However, existing methods face challenges such as limited real- time accuracy, high maintenance costs, and inefficiencies in early fault detection. To address these issues, this study introduces a Digital Twin-Enhanced IoT Monitoring (DTIM) framework, which integrates digital twin models with IoT sensor data streams for predictive diagnostics. The framework enables real-time simulation of transformer behavior, facilitating early anomaly detection, performance optimization, and proactive maintenance. The proposed method enhances reliability, reduces downtime, and supports intelligent decision-making in distribution networks. Experimental analysis reveals improved fault prediction accuracy and cost-effectiveness compared to traditional monitoring techniques, ensuring sustainable operation of transformers.","","979-8-3315-7204-4","10.1109/EPREC66546.2026.11412027","","https://ieeexplore.ieee.org/stamp/stamp.jsp?arnumber=11412027","IoT;Power Transformers;Digital Twin;Predictive Diagnostics;Condition Monitoring;Distribution Networks","Condition monitoring;Accuracy;Renewable energy;Distribution networks;Real-time systems;Power system reliability;Maintenance;Digital twins;Power transformers;Monitoring","","","","15","IEEE","6 Mar 2026","2-4 Jan. 2026","2-4 Jan. 2026","IEEE","IEEE Conferences"
"Conceptual Molecular Communication Solution for Developing Digital Twin to Enable Precision Medicine Implementation","U. K. Chude-Okonkwo","Institute for Intelligent Systems, University of Johannesburg, Auckland Park, South Africa",2021 15th International Conference on Signal Processing and Communication Systems (ICSPCS),"30 Dec 2021","2021","","","1","10","In this paper, a molecular communication inspired solution to the development of patients’ digital twin models to enable the implementation of precision medicine (PM) is proposed. The proposed solution considers the modeling and analysis of the intercellular communication network of body cells as a complementary in silico approach to enable a timely and patient-specific PM procedure. Fundamental submissions that motivate the idea of the proposed model are presented. Further, based on the ideas behind two global projects, the computational whole-cell model and human cell atlas, a graph-theoretic model that is an abstraction of an organism’s cell-to-cell network is developed. The graph network can represent the digital twin model of a patient. By characterizing and analyzing the graph network, the application of the digital twin model is explored. Simple illustrative examples and the ensuing graphical results are used to explore the gains of the proposed digital twin modelling approach.","","978-1-6654-3699-1","10.1109/ICSPCS53099.2021.9660222","National Research Foundation; ","https://ieeexplore.ieee.org/stamp/stamp.jsp?arnumber=9660222","molecular communication;precision medicine;graph-theory;whole-cell model;human cell atlas","Analytical models;Computational modeling;Digital twin;Biological system modeling;Precision medicine;Systems modeling;Signal processing","","7","","35","IEEE","30 Dec 2021","13-15 Dec. 2021","13-15 Dec. 2021","IEEE","IEEE Conferences"
"Designing a Digital Twin Approach Using Time–Frequency-Space Modulation Graph Fourier Transform Network for Aeroengine Health Indicators","W. Cui; R. Wang; T. Sun; K. Zhan","Key Laboratory of Intelligent Control and Optimization for Industrial Equipment of Ministry of Education, Dalian University of Technology, Dalian, China; School of Aeronautics and Astronautics, Dalian University of Technology, Dalian, China; Key Laboratory of Intelligent Control and Optimization for Industrial Equipment of Ministry of Education, Dalian University of Technology, Dalian, China; AECC Guiyang Engine Research Institute, Guiyang, China",IEEE Transactions on Instrumentation and Measurement,"4 Aug 2025","2025","74","","1","15","The accurate prediction of control, status, and performance parameters is crucial for the safe and reliable operation of aircraft engines. Leveraging digital technology to construct digital twin (DT) models that predict the real-world activities of physical entities can provide timely operational alerts or preventive maintenance recommendations, thereby offering technical support for prognostics health management of aircraft engines. This article proposes a time–frequency-space modulation graph Fourier transform network (TFSGFTN) to construct DT models for aircraft engines. First, in the time-domain space, TFSGFTN utilizes a transformer to extract temporal features by encoding the sensor time series. Subsequently, the encoded data are analyzed through Fourier transform and converted into the frequency domain. Additionally, a novel graph attention network (GAT) is developed in the frequency-domain space to capture the spatial features of signals. Finally, the time–frequency-space modulation model is used to construct the mirrored DT of the aircraft engine, which is capable of accurately predicting trends in control, status, and performance indicators of the engine to ensure its healthy operation. The effectiveness of the model has been validated using publicly available datasets as well as real engine datasets from a certain institute, significantly improving prognostics health management, thereby reducing engine downtime and maintenance costs.","1557-9662","","10.1109/TIM.2025.3590842","Young Elite Scientist Sponsorship Program of China Association for Science and Technology(grant numbers:YESS20240994AE); Major Science and Technology Special Project of Guizhou Province(grant numbers:[2025]001); Independent Innovation Special Fund Project of China Aero-Engine Corporation(grant numbers:ZZCX-2024-006); ","https://ieeexplore.ieee.org/stamp/stamp.jsp?arnumber=11087384","Deep learning;digital twins (DTs);health management;performance prediction","Aircraft propulsion;Digital twins;Atmospheric modeling;Engines;Mathematical models;Transformers;Monitoring;Data models;Time series analysis;Predictive models","","3","","41","IEEE","21 Jul 2025","2025","","IEEE","IEEE Journals"
"An Attention-Based ResNet Architecture for Acute Hemorrhage Detection and Classification: Toward a Health 4.0 Digital Twin Study","A. Hussain; M. U. Yaseen; M. Imran; M. Waqar; A. Akhunzada; M. Al-Ja’afreh; A. E. Saddik","Department of Computer Science, COMSATS University Islamabad (CUI), Islamabad, Pakistan; Department of Computer Science, COMSATS University Islamabad (CUI), Islamabad, Pakistan; Department of Computer Science, COMSATS University Islamabad (CUI), Islamabad, Pakistan; Department of Computer Science, COMSATS University Islamabad (CUI), Islamabad, Pakistan; College of Computing and Information Technology, University of Doha for Science and Technology, Doha, Qatar; School of Electrical Engineering and Computer Sciences, University of Ottawa, Ottawa, ON, Canada; School of Electrical Engineering and Computer Sciences, University of Ottawa, Ottawa, ON, Canada",IEEE Access,"9 Dec 2022","2022","10","","126712","126727","Due to the advancement of digital twin (DT) technology, Health 4.0 applications have become reality and starting to take roots. In this article, we focus on intracranial hemorrhage (ICH) which is a life-threatening emergency that needs immediate diagnosis and treatment. ICH is caused by bleeding inside the skull or brain. Radiologists typically examine computed tomography (CT) scans of the patients to determine the ICH and its subtype. But the manual assessment of the CT scan is a complex and time-consuming task. The existing pre-trained convolutional neural network (CNN) models are state-of-the-art for ICH classification. However, they employ poor feature extraction techniques which hinder overall model performance. Furthermore, they suffer from the curse of dimensionality and use redundant and noisy features. The problem of imbalanced data is also crucial for achieving model generalization. This paper proposes a hybrid attention-based ResNet architecture for ICH detection and classification. An attention mechanism allows the model to focus on a specific region and extract relevant features. Principal component analysis (PCA) is used for dimensionality reduction and redundant feature removal whereas deep convolutional generative adversarial network (DCGAN) is used for resolving the class imbalance problem. The proposed model is evaluated using the dataset assembled during the Radiologist Society of North America (RSNA) ICH detection challenge 2019. The results show that our proposed model outperforms existing state-of-the-art models in terms of accuracy and F1-score. ICH classification achieved accuracies of 99.2%, 97.1%, 96.7%, 96.7% and 96.1%, for detecting epidural hemorrhage (EH), intraparenchymal hemorrhage (IH), intraventricular hemorrhage (IVH), subdural hemorrhage (SH), and subarachnoid hemorrhage (SAH) subtypes respectively. The F1-score of 96.1% for EH subtype is also best when compared with the benchmark models.","2169-3536","","10.1109/ACCESS.2022.3225671","","https://ieeexplore.ieee.org/stamp/stamp.jsp?arnumber=9966583","Computed tomography;data augmentation;deep convolutional generative adversarial network;deep learning;digital twin;health 4.0;intracranial hemorrhage;principal component analysis;ResNet-152V2","Computed tomography;Hemorrhaging;Feature extraction;Brain modeling;Deep learning;Principal component analysis;Machine learning","","26","","48","CCBY","30 Nov 2022","2022","","IEEE","IEEE Journals"
"Research on Health Status Assessment of Distribution Equipment Based on Partial Discharge Multi-Parameter Sensing and Digital Twin Collaboration","H. Dai; F. Bai; X. Chen","Shenzhen Power Supply Bureau Co., Ltd., Shenzhen, Guangdong, China; Shenzhen Power Supply Bureau Co., Ltd., Shenzhen, Guangdong, China; Shenzhen Power Supply Bureau Co., Ltd., Shenzhen, Guangdong, China","2025 9th International Conference on Electrical, Mechanical and Computer Engineering (ICEMCE)","14 Apr 2026","2025","","","941","948","This paper presents a health status assessment method for distribution equipment that integrates partial discharge (PD) signals with digital twin technology. The time-frequency features of PD signals are extracted using wavelet transform, and a deep neural network (DNN) is employed to predict the health status of the equipment. To further improve data processing efficiency, Principal Component Analysis (PCA) is applied for multi-parameter data fusion, enhancing the accuracy and stability of the assessment model. To address the challenges of dynamic operating conditions, reinforcement learning is used to optimize the dynamic feedback mechanism, enabling the system to adapt in complex environments. Experimental results demonstrate that the proposed method effectively captures the degradation trend and fault early warning of the equipment, significantly improving the accuracy and responsiveness of health management. This research provides an efficient and precise solution for intelligent operation and maintenance (O&M) of distribution equipment, advancing the development of equipment health assessment and fault diagnosis technologies.","","979-8-3315-9395-7","10.1109/ICEMCE68156.2025.11466877","","https://ieeexplore.ieee.org/stamp/stamp.jsp?arnumber=11466877","Partial Discharge;Digital Twin;Deep Neural Network;Principal Component Analysis;Reinforcement Learning","Feeds;Feedback;Circuits;Internet of Things;High frequency;Location awareness;Communication systems;Protocols;Internet;Product lifecycle management","","","","11","IEEE","14 Apr 2026","17-19 Oct. 2025","17-19 Oct. 2025","IEEE","IEEE Conferences"
"Smart Digital Twin Ecosystem Powered by RETFound for Lung Cancer Diagnosis and Monitoring","G. Nancy; R. Venkatesan; K. Ramalakshmi","Division of AIML, Karunya Institute of Technology and Sciences, Coimbatore, India; Division of CSE, Karunya Institute of Technology and Sciences, Coimbatore, India; Department of CSE(All Spl.), Alliance University, Bangalore",2025 5th Asian Conference on Innovation in Technology (ASIANCON),"16 Dec 2025","2025","","","1","9","The advancement of medical foundation models such as RETFound, a repurposed vision transformer pre-trained on large-scale radiological data, opens new avenues for precision oncology. This study proposes a novel Smart Digital Twin Ecosystem (SDTE) that integrates RETFound with a multi-modal patient-specific digital twin to enable personalized diagnosis, real-time monitoring, and therapeutic planning for lung cancer. The architecture combines high-resolution thoracic CT scans, histopathology, genomic variants of EGFR, ALK, KRAS, and longitudinal clinical records to dynamically simulate tumor evolution and patient response. RETFound was fine-tuned on an internal lung cancer dataset comprising 8,420 annotated CT studies from LIDC-IDRI and 2,135 histopathology samples from TCGA-LUAD and TCGA-LUSC. The proposed system achieved an average accuracy of 98.16%, Sensitivity of 97.92%, Specificity of 97.53%, Recall of 90.23% and F1-score 0.95. The model achieved a Dice Similarity Coefficient (DSC) of 0.894 for 3D tumor segmentation, an AUC-ROC of 0.976 for malignancy classification, and a Pearson correlation of 0.832 between predicted tumor volume trajectories and actual longitudinal growth patterns. The Digital Twin Layer incorporates a spatiotemporal attention module fused with RETFound embeddings and genomics-informed Graph Convolution Networks (GCNs) to simulate individualized tumor progression under multiple treatment regimens. The SDTE supports clinical decision-making by generating counterfactual treatment outcomes, allowing oncologists to compare radiotherapy vs. immunotherapy scenarios in silico. The proposed results validate the synergistic potential of RETFound and digital twin technology in reshaping lung cancer care through continuous, predictive, and personalized insights.","","979-8-3503-5699-1","10.1109/ASIANCON66527.2025.11280666","","https://ieeexplore.ieee.org/stamp/stamp.jsp?arnumber=11280666","RETFound;Digital Twin;Lung Cancer;Vision Transformer;Deep Learning","Histopathology;Foundation models;Ecosystems;Lung cancer;Genomics;Transformers;Digital twins;Trajectory;Bioinformatics;Tumors","","","","43","IEEE","16 Dec 2025","22-23 Aug. 2025","22-23 Aug. 2025","IEEE","IEEE Conferences"
"Transfer Adaptive Digital Twin for Cross-Domain State-of-Health Estimation of Li-Ion Batteries","N. Ghosh; A. Garg; A. Johannes Warnecke; D. Kumar; L. Gao","Centre for Automotive Research and Tribology (CART), Indian Institute of Technology Delhi, New Delhi, India; School of Mechanical Science and Engineering, Huazhong University of Science and Technology, Wuhan, Hubei, China; E-Lab, HELLA GmBh and Company KGaA, Lippstadt, Germany; Centre for Automotive Research and Tribology (CART), Indian Institute of Technology Delhi, New Delhi, India; School of Mechanical Science and Engineering, Huazhong University of Science and Technology, Wuhan, Hubei, China",IEEE Transactions on Transportation Electrification,"28 May 2025","2025","11","3","8236","8247","The conventional digital twin (DT) for state-of-health (SoH) estimation of lithium-ion batteries (LiBs) relies on end-of-cycle estimation to observe battery capacity or is testing-intensive in the case of internal resistance (IR). These health indicators (HIs) are often nongeneralized even under similar operating conditions. This results in data distribution discrepancy that renders the model unsuitable for real-onboard SoH estimation. Therefore, this article demonstrates the implementation of Industrial Internet-of-Things (IIoT)-based DT through Microsoft Azure services based on the convolutional neural network (CNN) with an improved domain adaption method of transfer learning (TL). To facilitate a more comprehensive understanding of real-driving scenarios, this article incorporates a meticulous selection of three driving routes and demonstrates real-time data acquisition by integrating three application programming interfaces (APIs), namely, Google Directions, Google Elevation, and OpenWeatherMap. Finally, the SoH is obtained using the real data in the reference electric vehicle (EV) model that closely emulates the real-time driving behavior using the HI extracted from readily available measurements from the LiB pack. Through hardware implementation for diverse validation scenarios, the proposed model updates extemporaneously and obtains results with errors less than 1.983% for all cases, thereby offering valuable insights toward its significance in battery health prognostics for industrial applications.","2332-7782","","10.1109/TTE.2025.3538624","","https://ieeexplore.ieee.org/stamp/stamp.jsp?arnumber=10870307","Digital twin (DT);Industrial Internet of Things (IIoT);machine learning (ML);state of health (SoH);transfer learning (TL)","Batteries;Estimation;Testing;Digital twins;Aging;Resistance;Degradation;Data models;Training;Industrial Internet of Things","","13","","20","IEEE","4 Feb 2025","June 2025","","IEEE","IEEE Journals"
"Digital Twin Based Bearing Fault Diagnosis with Convergent Attention","Q. Fang; Y. Zhang; T. Ma; J. Jin; M. Wang; Y. Duan","School of Information Science and Engineering, Wuhan University of Science and Technology, Wuhan, China; School of Information Science and Engineering, Wuhan University of Science and Technology, Wuhan, China; Manufacturing Division, Chery Automobile Co, Wuhu, China; HUST-Wuxi Research Institute, Huazhong University of Science and Technology, Wuxi, China; School of Artificial Intelligence and Automation, Huazhong University of Science and Technology, Wuhan, China; School of Information Science and Engineering, Wuhan University of Science and Technology, Wuhan, China",2024 China Automation Congress (CAC),"13 Feb 2025","2024","","","4996","5001","Rolling bearings are crucial in various rotating machinery, playing a key role in maintaining safety and reliability in industrial operations. Deep learning-based fault diagnosis approaches typically depend on training datasets containing samples for all possible fault scenarios, which may not be readily accessible in certain industrial settings. To overcome this limitation, this paper proposes a visual perception model for diagnosing bearing faults using aggregated attention and digital twins. Initially, a digital twin model of the bearing is developed to simulate its vibration characteristics and produce vibration data representing different health conditions. Second, the vibration signals of the bearing are transformed into time-frequency diagrams, allowing the model to automatically learn important features, as well as local and global features, across different time and frequency scales through the aggregation of attention. These features are then input into the network for classification. Finally, after reducing the distribution gap between virtual and real data within the feature space, real data is then utilized to validate the effectiveness of the training model based on virtual data. Experimental results show that the digital twin-based approach provides high accuracy in diagnosing bearing faults and can effectively simulate and identify various fault types.","2688-0938","979-8-3503-6860-4","10.1109/CAC63892.2024.10864938","","https://ieeexplore.ieee.org/stamp/stamp.jsp?arnumber=10864938","Rolling Bearing;Digital Twin;Aggregated Attention;Visual Perception;Time-frequency Map","Fault diagnosis;Vibrations;Training;Time-frequency analysis;Accuracy;Rolling bearings;Data models;Digital twins;Safety;Visual perception","","","","12","IEEE","13 Feb 2025","1-3 Nov. 2024","1-3 Nov. 2024","IEEE","IEEE Conferences"
"A Strabismus Detection System Based on Digital Twin","G. Xiong; X. Wang","Guangdong Construction Polytechnic, Guangzhou, China; Guangdong Construction Polytechnic, Guangzhou, China","2024 IEEE 2nd International Conference on Sensors, Electronics and Computer Engineering (ICSECE)","29 Oct 2024","2024","","","521","525","Strabismus is a disease caused by extraocular muscles, which not only has serious consequences on vision, but also has a serious impact on patients' psychology, work and employment, quality of life, and other aspects. With the development of deep learning and artificial intelligence, modern computational image processing technology has been further improved, especially in areas such as image denoising, edge detection, image segmentation, target recognition, feature extraction, etc., making computer-aided intelligent strabismus diagnosis technology increasingly attracting the attention of researchers. However, the research in the field of intelligent strabismus diagnosis is not yet mature. This article constructs twin data based on the eye images of strabismus patients, references typical strabismus sign detection data and image libraries, and then uses the improved Faster R-CNN algorithm to implement an intelligent strabismus detection system based on “digital twins”, providing a certain reference for the in-depth research of intelligent strabismus detection and diagnosis.","","979-8-3503-7364-6","10.1109/ICSECE61636.2024.10729487","","https://ieeexplore.ieee.org/stamp/stamp.jsp?arnumber=10729487","Digital twin;Strabismus detection;Faster R-CNN","Image segmentation;Target recognition;Image edge detection;Psychology;Muscles;Sensor systems;Libraries;Digital twins;Sensors;Image denoising","","","","13","IEEE","29 Oct 2024","29-31 Aug. 2024","29-31 Aug. 2024","IEEE","IEEE Conferences"
"An Explainable Framework with Digital Twin Integration for Brain Tumor Prediction","A. S.S.; V. Vivek; Deepesh","Artificial Intelligence and Data Science Alliance School of Advanced Computing, Alliance University, Bengaluru, India; Artificial Intelligence and Data Science Alliance School of Advanced Computing, Alliance University, Bengaluru, India; Artificial Intelligence and Data Science Alliance School of Advanced Computing, Alliance University, Bengaluru, India",2026 International Conference on Data Science and Business Systems (ICDSBS),"10 Aug 2026","2026","3","","1","6","Brain tumors are among the most deadly neurological cancers that require proper and timely prediction for the best outcome. Although deep learning models have shown impressive accuracy (above 95%) in detecting brain tumors from MRI scans, there are fundamental barriers to the adoption of deep learning models in the clinic: lack of interpretability of the model that hinders clinician trust, insufficient training data due to privacy constraints, and lack of personalized patient-specific prediction. This research proposes XAI-DT, a novel framework which synergically integrates Explainable Artificial Intelligence (XAI) and Digital Twin (DT) technologies in order to tackle these challenges simultaneously. A composite XAI implementation of LIME, SHAP and Grad-CAM allows for comprehensive clinical interpretability via visual saliency maps with a fidelity score of 0.94. Patient-specific digital twins, using a physics-informed Reduced Order Model and neural network-based surrogate, are used to integrate multi-modal MRI data for personalized tumor growth simulation and treatment planning with a prediction Dice of 0.926. The framework further achieves a segmentation Dice coefficient of 0.958 and classification accuracy of 99.12% across glioma, meningioma and pituitary tumor classes. XAI-DT presents a principled end-to-end framework that brings together clinical interpretability and personalized prediction for brain tumor diagnosis, laying a solid foundation for responsible and trustworthy AI deployment in healthcare.","","979-8-3195-3511-5","10.1109/ICDSBS69077.2026.11634645","","https://ieeexplore.ieee.org/stamp/stamp.jsp?arnumber=11634645","Explainable AI;Digital Twin;Brain Tumor Prediction;Privacy-Preserving Machine Learning;Medical Imaging","Modeling;Tumors;Digital twins;Explainable AI;Brain tumors;Magnetic resonance imaging;Artificial intelligence;Printing;Dies;Generative adversarial networks","","","","20","IEEE","10 Aug 2026","5-6 May 2026","5-6 May 2026","IEEE","IEEE Conferences"
"Explainable Data-Driven Digital Twins for Predicting Battery States in Electric Vehicles","J. Nkechinyere Njoku; C. Ifeanyi Nwakanma; D. -S. Kim","IT Convergence Engineering, Kumoh National Institute of Technology, Gumi, Gyeongsangbuk-do, South Korea; ICT Convergence Research Center, Kumoh National Institute of Technology, Gumi, Gyeongsangbuk-do, South Korea; IT Convergence Engineering, Kumoh National Institute of Technology, Gumi, Gyeongsangbuk-do, South Korea",IEEE Access,"18 Jun 2024","2024","12","","83480","83501","Advancements in battery management systems (BMS) involve using digital twins to optimize battery performance in electric vehicles. The state of charge and health estimations are essential for battery efficiency and longevity. Digital twins allow for precise predictions of the state of charge and state of health by simulating battery behavior under different conditions. Using artificial intelligence (AI) in digital twins improves predictive capabilities, as demonstrated through studies employing deep neural networks (DNN) and long short-term memory networks (LSTM). However, incorporating AI presents challenges due to the opaque nature of the models, necessitating the need for explainable artificial intelligence (XAI) and trustworthy digital twin models. This study pioneered XAI methods such as SHapley Additive exPlanations, Local Interpretable Model-agnostic Explanations, and linear regression-based surrogate models to explain the predictions of DNNs and LSTMs in digital twin-supported BMSs. The results reveal that the DNN and LSTM digital twin models are more reliable for state-of-health and state-of-charge estimation due to higher  $R^{2}$  scores, lower mean residuals, and better XAI results.","2169-3536","","10.1109/ACCESS.2024.3413075","Innovative Human Resource Development for Local Intellectualization Program through the Institute for Information and Communications Technology Planning; Korean Government [Ministry of Science and Information and Communication Technology (ICT)](grant numbers:IITP-2024-2020-0-01612, (50%)); Priority Research Centers Program through the National Research Foundation, South Korea; Ministry of Education, Science and Technology(grant numbers:2018R1A6A1A03024003, (50%)); ","https://ieeexplore.ieee.org/stamp/stamp.jsp?arnumber=10555281","Battery management systems;digital twins;artificial intelligence;XAI;explainable artificial intelligence;machine learning","Batteries;Estimation;Artificial intelligence;Predictive models;Digital twins;Electric vehicles;Long short term memory;Battery management systems;Explainable AI;Machine learning","","45","","47","CCBYNCND","12 Jun 2024","2024","","IEEE","IEEE Journals"
"Unmanned Aerial Vehicle Inspection and Status Assessment Technology for Transmission Lines Based on Digital Twins","W. Zeng; Y. Cai; J. You","State Grid Huludao Power Supply Company, Huludao, China; State Grid Huludao Power Supply Company, Huludao, China; State Grid Huludao Power Supply Company, Huludao, China",2025 International Conference on Energy Technology and Electrical Engineering (ETEE),"14 Oct 2025","2025","","","335","338","With the continuous improvement of the intelligence level of the power grid, traditional manual inspection methods are no longer able to meet the high requirements for real-time and precision in modern transmission line operation and maintenance. Therefore, this article proposes a transmission line inspection and status assessment technology system that integrates digital twin and drone technology. This system is based on multi-source perception, constructing a three-dimensional digital mapping model of transmission lines, realizing real-time interconnection of virtual and real data, and combining with improved YOLOv5-Mv3 deep learning algorithm to achieve automatic recognition and state quantification evaluation of fault images. The system architecture includes a physical entity layer, a perceptual transport layer, a digital twin modeling layer, and a visual decision layer, forming a “perception cognition decision” closed-loop mechanism. The experiment was conducted on a 220kV line, and the verification results showed that the average accuracy of system defect recognition reached 86.2%, the deviation between health assessment and manual scoring did not exceed ± 0.09, the inspection cycle was shortened by 65%, and the operation and maintenance efficiency and intelligence level were significantly improved. This system has good engineering practicality and provides effective support for the digital transformation of the power grid.","","979-8-3315-0141-9","10.1109/ETEE66180.2025.11193024","","https://ieeexplore.ieee.org/stamp/stamp.jsp?arnumber=11193024","Digital twin;Unmanned aerial vehicle inspection;Transmission line;Deep learning;YOLOv5","Deep learning;Solid modeling;Power transmission lines;Inspection;Autonomous aerial vehicles;Real-time systems;Power grids;Digital twins;Maintenance;Drones","","1","","10","IEEE","14 Oct 2025","15-17 Aug. 2025","15-17 Aug. 2025","IEEE","IEEE Conferences"
"Cloud‐Based Digital Twinning for Structural Health Monitoring Using Deep Learning","K. Renugadevi; T. Jayasankar; J. A. Selvi","Department of ECE, Government College of Engineering, Thanjavur, Tamil Nadu, India; Department of ECE, University College of Engineering, BIT Campus, Anna University, Tiruchirappalli, Tamil Nadu, India; Department of ECE, Kings College of Engineering, Pudukkottai, Tamil Nadu, India",Artificial Intelligence-Enabled Blockchain Technology and Digital Twin for Smart Hospitals,"","2024","","","309","325","Summary <p>This study explores the revolutionary potential of cloud‐based digital twinning in combination with deep learning methodologies within the context of structural health monitoring (SHM) applications. “Digital twinning” is the practice of creating digital representations of physical assets in order to track, analyze, and improve their operation within the framework of the IoT paradigm. To enhance the efficacy and precision of SHM systems, we broaden the scope of SHM to include the use of cloud computing and advanced deep learning techniques. Cloud computing infrastructure was used to do this. Machine learning techniques like convolutional neural networks (CNNs) and recurrent neural networks (RNNs) are applied in a cloud setting to extract useful insights from streams of sensor data. These algorithms are trained using historical data and real‐time sensor inputs to detect anomalies, diagnose structural problems, and forecast future failure modes. By constantly updating and improving their models based on sensor data, digital twins may provide structural assets proactive maintenance, early fault discovery, and predictive analytics. Stakeholders including engineers, maintenance workers, and asset owners may work together more efficiently, share data more easily, and access information remotely with the help of cloud‐based deployment. One anticipated outcome of this study is an intelligent SHM system that is scalable and cost‐effective and uses cloud‐based digital twinning and deep learning to reduce risk and manage assets proactively. In order to make a positive impact on the development of SHM technologies and to make critical infrastructure systems more resilient and sustainable, this project is being carried out. Cloud computing and advanced analytics allow us to do this.</p>","","9781394287413","10.1002/9781394287420.ch16","","https://ieeexplore.ieee.org/xpl/ebooks/bookPdfWithBanner.jsp?fileName=10953174.pdf&bkn=10950209&pdfType=chapter","","Cloud computing;Digital twins;Monitoring;Real-time systems;Deep learning;Internet of Things;Wireless sensor networks;Optimization;Maintenance;Smart buildings","","","","","","8 Apr 2025","","","Wiley","Wiley AI eBook Chapters"
"Federated Learning-Driven Consumer-Centric Digital Twins for Secure and Intelligent Healthcare 5.0 Systems","S. Vashisht; S. Rani","Chitkara University Institute of Engineering and Technology, Chitkara University, Rajpura, Punjab, India; Chitkara University Institute of Engineering and Technology, Chitkara University, Rajpura, Punjab, India",IEEE Transactions on Consumer Electronics,"8 Jun 2026","2026","72","2","4153","4162","The Internet of Medical Things (IoMT) and Consumer-Centric Digital Twins (CCDTs) are transforming modern healthcare by enabling personalized, intelligent, and secure medical services. Digital Twins act as real-time virtual replicas of medical devices and patients, supporting continuous monitoring, predictive analysis, and informed clinical decision-making. But using CCDTs makes it harder to protect privacy, make sure that different IoMT networks can work together, and securely share data between them. This research offers a Federated Learning (FL)-driven CCDT architecture that combines Personalised Federated Averaging (Per-FedAvg) and Graph Neural Networks (GNNs) to make anomaly detection stronger and protect privacy. The approach uses transformer-based contextual learning and Bayesian optimisation to make feature extraction and model generalisation better. The IoT-23 and ToN-IoT datasets are used for experimental evaluation to show how successful the suggested framework is. 99.3% accuracy, 99.5% precision, 99.1% recall, and a 99.0% F1-score are attained by the model. These outcomes demonstrate reduced communication overhead and increased energy efficiency, indicating that they are appropriate for IoMT environments with limited resources. The results show that the suggested architecture is a scalable and safe solution for Healthcare 5.0. It makes predictive diagnostics, adaptive automation, and real-time consumer-driven healthcare information possible.","1558-4127","","10.1109/TCE.2026.3674985","","https://ieeexplore.ieee.org/stamp/stamp.jsp?arnumber=11436022","Healthcare;Internet of Things;consumer electronics;federated learning;semi-supervised learning","Medical services;Digital twins;Synchronization;Adaptation models;Data models;Optimization;Computational modeling;Artificial intelligence;Real-time systems;Data privacy","","","","23","IEEE","17 Mar 2026","May 2026","","IEEE","IEEE Journals"
"AI-Enabled Digital Twin Framework for Real-Time Structural Health Monitoring and Damage Prediction in Smart Civil Infrastructure","N. P. M; R. M. Raju","Department of Civil Engineering, Baselios Mathews II College of Engineering Sasthamkotta, Kollam, Kerala; Department of Civil Engineering, Baselios Mathews II College of Engineering Sasthamkotta, Kollam, Kerala","2026 9th International Conference on Circuit, Power & Computing Technologies (ICCPCT)","21 Aug 2026","2026","","","1909","1916","With the growing complexity and aging of civil infrastructure, they must be monitored by an intelligent system and predictive maintenance solutions must be provided for the safety and reliability of the structures. The proposed architecture in this paper is founded on the idea of using the concept of AI to enable real-time monitoring and prediction of damage in smart civil infrastructure using the Digital Twin. The proposed framework integrates the three aspects of the IoT-based sensor network, cloud-edge computing and deep learning models and ties them to a dynamic Digital Twin to continuously monitor the circumstances of the structure and identify anomalies. Using a combination of AI algorithms, real-time data from accelerometers, strain gauges and vibration sensors is analysed to identify damage, predict cracks and evaluate structural performance. The Digital Twin connects physical and virtual infrastructure models to enable perpetual visualization and predictive analytics in order to plan maintenance proactively. The framework improves the accuracy of monitoring, lowers inspection costs and increases the resilience of infrastructure to structural failures. The proposed system can be effectively implemented to manage intelligent and sustainable infrastructure for bridges, buildings, tunnels and smart city infrastructure.","","979-8-3315-5198-8","10.1109/ICCPCT70290.2026.11654926","","https://ieeexplore.ieee.org/stamp/stamp.jsp?arnumber=11654926","Digital Twin;Structural Health Monitoring;Artificial Intelligence;Smart Infrastructure;Damage Prediction;and IoT Sensors","Artificial intelligence;Digital twins;Modeling;Real-time systems;Image sensors;Monitoring;Timing;Internet of Things;Long short term memory;Convolutional neural networks","","","","10","IEEE","21 Aug 2026","6-7 Aug. 2026","6-7 Aug. 2026","IEEE","IEEE Conferences"
"Data-Driven Digital Twin for Degradation-Aware Condition Monitoring and Health Assessment of Photovoltaic Cyber Physical Energy System","A. Kumar; N. Kumar; J. -W. Park","School of Electrical and Electronic Engineering, Yonsei University, Seoul, South Korea; Department of Electrical Engineering, Indian Institute of Technology (IIT) Jodhpur, Jodhpur, India; School of Electrical and Electronic Engineering, Yonsei University, Seoul, South Korea",IEEE Transactions on Industrial Cyber-Physical Systems,"","2026","PP","99","1","9","Condition monitoring and degradation diagnosis of power electronic converters (PECs) in grid-connected photovoltaic (PV) systems remain critical challenges for ensuring long-term reliability in industrial Cyber-Physical System (ICPS). This paper presents a Data-Driven Digital Twin (DD-DT) framework for component-level health monitoring of a two-stage single-phase grid-connected solar PV inverter. The proposed framework integrates a Physics-Constrained Attention-based Convolutional Neural Network (PC-ACNN) with sliding-window least-squares parameter estimation to track time-varying inductance, capacitance, equivalent series resistance, and switch on-state resistance directly from sensor/measurements, requiring only component-type and sensor access, without requiring a complete analytical circuit model. An experimentally generated dataset spanning 25 degradation scenarios is used for training and validation. The framework is evaluated across four representative component degradation cases, achieving mean average error (MAE) ≤ 1.70%, mean average percentage error (MAPE) ≤ 2.47%, and Pearson correlation coefficient ρ ≥ 0.987, demonstrating strong generalization capability and establishing a reliable foundation for condition monitoring and degradation aware health assessment operation in industrial cyber-physical PV energy systems.","2832-7004","","10.1109/TICPS.2026.3733857","","https://ieeexplore.ieee.org/stamp/stamp.jsp?arnumber=11690835","AI driven Digital Twin;Component degradation;Data-Driven Digital Twin (DD-DT);parameter estimation;power electronics converter (PEC);solar photovoltaics","Degradation;Modeling;Timing;Inductors;Digital twins;Permission;Weighted sum model;Training;Voltage;Capacitors","","","","","IEEE","14 Sep 2026","","","IEEE","IEEE Early Access Articles"
"Smart Solution Using Digital Twin and IoT for Diabetic Retinopathy","Y. Chahal; R. Tokas; K. Sharma","Information Technology, Delhi Technological University, Delhi, India; Information Technology, Delhi Technological University, Delhi, India; Information Technology, Delhi Technological University, Delhi, India",2023 14th International Conference on Computing Communication and Networking Technologies (ICCCNT),"23 Nov 2023","2023","","","1","6","Advancement in technologies like big data, Internet of Things (IoT) and cloud computing has led to the Digital Twin (DT) being prominently used from idea to practice in numerous industrial fields as a precision simulation model. Substantial simulation models have been suggested for Digital Twin in numerous fields in the past 12 years. In the domain of IoT and healthcare, researchers are keen to find smart automated IoT-based solutions for Healthcare systems. So far, numerous works highlight the problem of DT in healthcare systems through theoretical frameworks. However, application-based solutions and validations are hardly provided. In this paper, we propose the Digital Twin in smart healthcare systems for Diabetic Retinopathy and a framework for the same to enhance healthcare procedures and improve the health of patients. For the first time, we developed a Diabetic Retinopathy identifier and classifier Digital Twin to detect and diagnose damaged retina due to diabetes with the help of Deep Learning and IoT. We used EfficientNet for Transfer Learning leading to a good accuracy score being predicted. The results accumulated towards the end have proven that fusion of healthcare and Digital Twin might result in better processing of healthcare tactics by putting patients and healthcare experts in conjunction in a rational, extensive, and expandable medical ecosphere. Additionally, executing this Digital Twin offers the foundation for making the use of DL, IoT and AI with various human shape metrics for ceaseless tracking, anomaly detection as well as ideating treatments.","2473-7674","979-8-3503-3509-5","10.1109/ICCCNT56998.2023.10307620","","https://ieeexplore.ieee.org/stamp/stamp.jsp?arnumber=10307620","Digital Twin;CNN;Diabetic Retinopathy;IoT;Smart Healthcare","Measurement;Diabetic retinopathy;Computational modeling;Transfer learning;Smart healthcare;Medical services;Retina","","4","","32","IEEE","23 Nov 2023","6-8 July 2023","6-8 July 2023","IEEE","IEEE Conferences"
"A Multi-Layer architecture for Human Digital Twin","F. Franco; L. Lamazzi; L. Bedogni","Department of Physics, Informatics and Mathematics, University of Modena and Reggio Emilia, Italy; Department of Physics, Informatics and Mathematics, University of Modena and Reggio Emilia, Italy; Department of Physics, Informatics and Mathematics, University of Modena and Reggio Emilia, Italy",2025 IEEE International Conference on Pervasive Computing and Communications Workshops and other Affiliated Events (PerCom Workshops),"19 Jun 2025","2025","","","122","127","The concept of the digital twin, initially applied in industry, has recently made significant advances in healthcare, giving rise to the Human Digital Twin (HDT). This emerging technology has the potential to transform healthcare by creating virtual replicas of individuals, enabling real-time monitoring and simulation of their physiological states. HDTs integrate data from wearable sensors and other IoT devices, harnessing the power of artificial intelligence to support highly personalized healthcare services. These digital counterparts allow healthcare providers to make more informed decisions, predict health outcomes, and tailor treatments to individual needs. The development of HDTs paves the way for preventative care, chronic disease management, and continuous health monitoring representing a paradigm shift towards more proactive and patient-centered healthcare. In this paper, we propose a multi-layer architecture for Digital Twin systems that enables the seamless integration of Machine Learning (ML) and Deep Learning (DL) models. The architecture is designed to dynamically adapt to the available data sources, selecting and requesting the most appropriate model for execution based on the specific context. Our solution consists of three layers: A smartphone application that acts as a context-aware data collection platform, gathering inputs from a diverse array of sensors and querying cloud services to retrieve the most suitable ML model for the collected data. A cloud layer that serves as a repository for ML and DL models, responsible for identifying and delivering the optimal model based on the real-time sensor data and context. A fog layer, where a local node is used for data offloading, executing resource-intensive algorithms, and supporting long-term storage. This architecture achieves a balance between performance, scalability, and user privacy, providing an efficient framework for digital twin applications in personalized healthcare.","2766-8576","979-8-3315-3553-7","10.1109/PerComWorkshops65533.2025.00052","","https://ieeexplore.ieee.org/stamp/stamp.jsp?arnumber=11038694","digital twin;healthcare;mobile devices;wearable devices","Privacy;Medical services;Computer architecture;Data models;Real-time systems;Digital twins;Human activity recognition;Wearable devices;Context modeling;Sensor arrays","","1","","19","IEEE","19 Jun 2025","17-21 March 2025","17-21 March 2025","IEEE","IEEE Conferences"
"Comparative Study of PSO and WOA in Estimation of Health Indices of Buck Converter","V. Vyas; A. R. Gautam; S. K. Thanvi","Electrical and Electronics Engineering, Birla Institute of Technology and Science, India; Electrical and Electronics Engineering, Birla Institute of Technology and Science, India; Electrical and Electronics Engineering, Birla Institute of Technology and Science, India",2026 IEEE 6th International Conference on Sustainable Energy and Future Electric Transportation (SEFET),"16 Sep 2026","2026","","","1","6","This paper presents a comparative study of the particle swarm optimization algorithm (PSO) and the whale optimization algorithm (WOA) to estimate the degradation sensitive health indicators of the DC-DC buck converter. DC-DC converters play a vital role in modern power electronic systems. However, key components such as inductor, capacitor, transformer, coupled inductor and many more, degrade over time owing to aging and prolonged operation under high current/voltage stress during a fault or overloading conditions; this adversely affects the system dynamics and overall stability of the system. To monitor these health indicators, the concept of a digital twin is employed. A digital twin is a high-fidelity mathematical representation of the physical system that mimics its behavior and performance. In this work, the mathematical model of the buck converter is developed using the Backward Euler method, and its health indicators are estimated using PSO and WOA algorithm. This comparative study highlights the superior accuracy and convergence of WOA in comparison to PSO in developing a digital twin.","","979-8-3315-8117-6","10.1109/SEFET69291.2026.11687718","","https://ieeexplore.ieee.org/stamp/stamp.jsp?arnumber=11687718","Buck converter;digital twin;PSO algorithm;WOA algorithm","Digital twins;Modeling;Arrays;Whales;Equations;Estimation;Algorithms;Occupational health;Buck converters;Converters","","","","12","IEEE","16 Sep 2026","8-11 July 2026","8-11 July 2026","IEEE","IEEE Conferences"
"Digital Twin Framework for Spine Surgery Considering Respiratory Motions: Methodology and Proof-of-Concept Validation","A. Ghorbanian; B. Beigzadeh","Biomechatronics and Cognitive Engineering Research Laboratory, School of Mechanical Engineering, Iran University of Science and Technology, Tehran, Iran; Biomechatronics and Cognitive Engineering Research Laboratory, School of Mechanical Engineering, Iran University of Science and Technology, Tehran, Iran",IEEE Access,"14 Apr 2026","2026","14","","55549","55563","Advancements in digital technologies are revolutionizing modern medicine, particularly robotic-assisted surgery, by enabling the development of the human digital twin—a dynamic virtual model of a patient. This study proposes a proof-of-concept framework for such a digital twin, specifically designed to enhance accuracy in minimally invasive spinal surgery by accounting for respiratory motion. Patient-specific three-dimensional anatomical models were reconstructed from CT scans using a pre-trained nnU-Net for segmentation. A simulated surgical environment was developed using a stereo vision system to track marker movements on a participant’s back, representing respiratory-induced motion. Due to laboratory constraints, a synthetic ventilator pressure signal was generated. These motion data were used to train a multilayer perceptron (MLP) to estimate marker displacements from the pressure input. The estimations were incorporated into a simplified kinematic model to create a dynamic four-dimensional (3D + time) representation of the spine and thorax. Experimental results on a single participant demonstrated that the system could track spinal motion, with the neural network achieving a root mean square error (RMSE) of 10-20% in predicting normalized displacements. The integrated model was visualized in an interactive environment using the Visualization Toolkit (VTK). This research represents a preliminary step toward intraoperative digital twins, providing a foundational platform for future development towards intelligent, patient-specific surgical assistance. The study explicitly acknowledges limitations, including the use of synthetic data and a simplified biomechanical model, which must be addressed in future work for clinical translation.","2169-3536","","10.1109/ACCESS.2026.3680959","","https://ieeexplore.ieee.org/stamp/stamp.jsp?arnumber=11474805","Digital twin;robotic surgery;spine surgery;respiratory motion;neural networks;kinematic modeling;4D model","Biomimetics;Circuits;Central Processing Unit;Feedback;MIMICs;Millimeter wave integrated circuits;Monolithic integrated circuits;Microprocessors;Pixel;Internet of Things","","","","32","CCBY","6 Apr 2026","2026","","IEEE","IEEE Journals"
"Dynamic Hierarchical Posterior Evolution for Bayesian Neural Network-Based Industrial Digital Twins under Non-Stationary Conditions","C. Li; L. Wang; L. Xu; Y. Liu; Y. Kong; X. Song","Henan University of Science and Technology, Luoyang, China; Luoyang Sunrui Wanji Titanium Industry Co., Ltd., Luoyang, China; Luoyang Sunrui Wanji Titanium Industry Co., Ltd., Luoyang, China; Henan University of Science and Technology, Luoyang, China; Huanghe University of Science and Technology, Zhengzhou, China; Henan University of Science and Technology, Luoyang, China",2026 6th International Symposium on Computer Technology and Information Science (ISCTIS),"29 Jun 2026","2026","","","392","400","Industrial digital twins must continuously ingest online data during long-term operation and revise the virtual-to-physical mapping under non-stationary factors such as operating-condition switching, equipment degradation, and observation bias. Conventional deterministic models cannot explicitly characterize predictive uncertainty, while existing Bayesian continual-learning methods still suffer from weak historical knowledge retention, limited physical-consistency constraints, and degraded uncertainty quality under drift. To address these issues, this paper proposes Dynamic Hierarchical Posterior Evolution (DHPE) for non-stationary industrial digital twins. In the representation layer, a hierarchical Gaussian-Inv-Gamma formulation with dynamic scale adjustment is introduced to maintain uncertainty health during online updating. In the evolution layer, complex posteriors are projected into Gaussian-mixture interface posteriors, and geometric Wasserstein distance is used to jointly incorporate historical posterior inheritance and physically anchored priors, thereby enabling smooth recursion under non-Gaussian conditions while preserving long-term physical consistency. A closed-loop mechanism integrating drift monitoring, state switching, and geometric feedback is further constructed to adaptively regulate inheritance strength, anchoring stiffness, and uncertainty width. Online experiments on titanium reduction furnace temperature prediction under three representative non-stationary scenarios show that DHPE delivers more stable error trajectories, more reasonable interval coverage, and more consistent probabilistic predictions, while maintaining strong posterior recovery capability and long-term robustness.","","979-8-3315-4711-0","10.1109/ISCTIS70043.2026.11571854","Research and Development; ","https://ieeexplore.ieee.org/stamp/stamp.jsp?arnumber=11571854","Industrial Digital Twin;Bayesian Neural Networks (BNN);online posterior evolution;physically anchored prior;Wasserstein distance;uncertainty quantification","Modeling;Uncertainty;Equations;Evolution (biology);Tagging;Digital twins;Printing;Neural networks;Timing;Bayes methods","","","","25","IEEE","29 Jun 2026","15-17 May 2026","15-17 May 2026","IEEE","IEEE Conferences"
"A Digital Twin Framework for Applications in Ophthalmology","M. –. E. Iliuță; E. Pop; M. –. A. Moisescu; T. –. C. Mitulescu","University POLITEHNICA of Bucharest Faculty of Automatic Control and Computers, Bucharest, Romania; University POLITEHNICA of Bucharest Faculty of Automatic Control and Computers, Bucharest, Romania; University POLITEHNICA of Bucharest Faculty of Automatic Control and Computers, Bucharest, Romania; University of Medicine and Pharmacy “Carol Davila”, Bucharest, Romania","2024 IEEE International Conference on Automation, Quality and Testing, Robotics (AQTR)","14 Jun 2024","2024","","","1","5","A Digital Twin represents a physical entity through simulation of it’s data, behavior, and communication within the physical environment. Digital Twin constitute a digital replica of the corresponding object or process, being able to provide their real-time assessment and monitoring. Digital Twin founds many industrial applications, but they are also increasingly used in healthcare, where they already have a relevant utility and impact.In healthcare systems, Digital Twins is considered as an important progress factor which revolutionizes the patient care providing mode. In this paper, a Digital Twin framework for healthcare application, focusing on ophthalmology is presented.Given the high level of complexity in creating a Digital Twin associated with the eye due to the optical properties of the visual system, a neural network has been trained to identify glaucoma based on a dataset. Glaucoma detection was performed by processing images and extracting the cup/disc ratio, which, at the time of pathology detection, has values ranging from 0.6-0.8.A prediction was realized using linear regression to assess the progression of the patient’s pathology over the next 5 years.","1844-7872","979-8-3503-6193-3","10.1109/AQTR61889.2024.10554084","","https://ieeexplore.ieee.org/stamp/stamp.jsp?arnumber=10554084","Digital Twin;healthcare;neural networks;glaucoma;ophthalmology applications","Glaucoma;Pathology;Visualization;Neural networks;Medical services;Visual systems;Digital twins","","1","","18","IEEE","14 Jun 2024","16-18 May 2024","16-18 May 2024","IEEE","IEEE Conferences"
"7 AI in Hospital Management, Patient Management, Diagnosis, and Treatment","",,AI Applications in Industry,"","2026","","","171","212","AI Applications in Industry offers a comprehensive and forward-looking exploration of how artificial intelligence is reshaping the global industrial landscape. From manufacturing and energy systems to healthcare, logistics, construction, and smart cities, this book examines the transformative power of AI in driving efficiency, safety, sustainability, and innovation across sectors. Written in a clear and authoritative style, the book bridges cutting-edge research with real-world implementation. It presents a structured overview of the key technologies—including machine learning, deep neural networks, generative AI, digital twins, computer vision, robotics, edge–cloud computing, and autonomous systems—and demonstrates how these capabilities are being deployed to solve complex industrial challenges. Through case studies, architecture diagrams, and actionable frameworks, readers gain insights into how AI optimizes production lines, enhances quality assurance, enables predictive maintenance, strengthens supply-chain resilience, and accelerates the transition toward Industry 5.0 and 6.0 paradigms. This book also addresses the broader implications of AI adoption: governance, ethical considerations, cybersecurity, workforce transformation, ESG compliance, and the integration of human-centered design. With perspectives spanning engineering, policy, and strategic management, it equips industry leaders, engineers, researchers, policymakers, and students with a holistic understanding of AI’s impact on modern industry. Key features include: • A sector-by-sector analysis of AI implementations in manufacturing, energy, agriculture, healthcare, construction, transportation, and smart city systems • Deep dives into enabling technologies such as digital twins, IoT sensors, robotics, edge AI, generative design, and autonomous systems • Practical methodologies for deploying AI solutions with measurable ROI and sustainability outcomes • Case studies from leading industries and national digital-transformation initiatives • Frameworks for responsible, secure, and human-centric AI adoption • Emerging trends, challenges, and future directions toward a more resilient, intelligent, and sustainable industrial ecosystem. AI Applications in Industry is an essential reference for anyone seeking to understand or lead the next wave of digital and industrial transformation. Whether you are an engineer, academic, manager, or innovator, this book provides the insights and tools needed to harness AI’s full potential in shaping tomorrow’s industries.","","9788743812128","","","https://ieeexplore.ieee.org/xpl/ebooks/bookPdfWithBanner.jsp?fileName=11614316.pdf&bkn=11614265&pdfType=chapter","","","","","","","","20 Jul 2026","","","River Publishers","River eBook Chapters"
"Identification of Psoriasis by Images Using Convolutional Neural Networks","V. S. Mustafina; M. V. Sukhov","South Ural State University, Chelyabinsk, Russia; South Ural State University, Chelyabinsk, Russia",2020 International Multi-Conference on Industrial Engineering and Modern Technologies (FarEastCon),"8 Dec 2020","2020","","","1","5","At present, the transition to personalized medicine is one of the main vectors of the development of medicine. The use of a neural network approach will allow you to determine the disease in the early stages, taking into account the collected medical statistics of the patient or the observations of the patient. This article describes the first step in creating a digital twin of a patient suffering from psoriasis. The application module helps to determine the presence or absence of a disease with a patient at the initial stage from a photograph.","","978-1-7281-6951-4","10.1109/FarEastCon50210.2020.9271632","","https://ieeexplore.ieee.org/stamp/stamp.jsp?arnumber=9271632","component;formatting;style;styling;insert","Diseases;Biological neural networks;Training;Skin;Neurons;Convolutional neural networks;Industrial engineering","","4","","3","IEEE","8 Dec 2020","6-9 Oct. 2020","6-9 Oct. 2020","IEEE","IEEE Conferences"
"A Multi-Protocol Digital Twin Framework for Intelligent Fault Diagnosis in Industrial IoT Using Hybrid Deep Learning and Low-Power Routing Techniques","M. Kadirvel; A. W. A. Lenin; J. R. Pagunuran; M. R. Katta; J. E. Krishnankutty; R. Arumuganainar","Department of Engineering and Technology, University of Technology and applied sciences, Shinas, Oman; Department of Engineering and Technology, University of Technology and applied sciences, Shinas, Oman; Department of Engineering and Technology, University of Technology and applied sciences, Shinas, Oman; Department of Supportive Requirements, University of Technology and applied sciences, Shinas, Oman; Department of Supportive Requirements, University of Technology and applied sciences, Shinas, Oman; Department of Engineering and Technology, University of Technology and applied sciences, Shinas, Oman",2026 International Conference on Machine Learning and Autonomous Systems (ICMLAS),"1 May 2026","2026","","","1747","1753","This paper suggests a way to find faults in IIoT setups using digital twins. The framework's use of both hybrid deep learning models and simplified communication protocols makes things more efficient, reliable, and able to forecast when maintenance is needed. The suggested system uses a multi-layer Digital Twin to keep physical industrial assets in sync all the time. It has a real-time health score of 92 and a minimal synchronization delay of $\mathbf{1 2 m s}$. We can find flaws with 96% accuracy and anticipate failures up to $\mathbf{1 8}$ hours in advance using hybrid CNN-LSTM and anomaly detection models. Important diagnostic indicators like vibration severity (20.21), heat index (60.09), and pressure deviation (9.83) make it possible to accurately check the condition of equipment. The framework's mix of RPL for energy-efficient routing in low-power and lossy networks, MQTT for publish-subscribe messaging, and CoAP for lightweight resource discovery makes it possible for machines to talk to each other on a large scale. In terms of experimental results, MQTT has the lowest latency (22 ms) and the highest throughput ($\mathbf{8 5 m s g} / \mathbf{s}$). RPL, on the other hand, uses the least energy (10 mW). The model's energy optimization cuts energy use by a total of 22%. This composite architecture makes it easier to find faults in IIoT systems, offers a predictive maintenance solution that is fast, reliable, and energy-efficient, and is perfect for real-time industrial operations.","","979-8-3315-7457-4","10.1109/ICMLAS67792.2026.11483683","","https://ieeexplore.ieee.org/stamp/stamp.jsp?arnumber=11483683","Digital Twin;Industrial IoT;Fault Diagnosis;Hybrid Deep Learning;MQTT;CoAP;RPL","Filtering;Circuits and systems;Filters;Communication systems;Industrial Internet of Things;Internet of Things;Protocols;Quality of service;Routing;Internet","","","","20","IEEE","1 May 2026","11-13 March 2026","11-13 March 2026","IEEE","IEEE Conferences"
"A Physics-Informed Digital Twin for Asphalt Pavement Health Monitoring in IoT Environments","A. Hazarika; D. M. Dilip; R. Rahman; A. Deka","Birla Institute of Technology & Science Pilani, Hyderabad, India; Birla Institute of Technology & Science Pilani, Dubai, UAE; Birla Institute of Technology & Science Pilani, Hyderabad, India; Assam Down Town University, Guwahati, India",2025 IEEE International Conference on Advanced Networks and Telecommunications Systems (ANTS),"16 Mar 2026","2025","","","1","6","Asphalt pavements are aging under rising traffic loads and increasingly extreme climates, yet most asset-management workflows remain reactive, relying on periodic surveys or empirical models that do not continuously reflect evolving material states. This paper presents a physics-informed neural network (PINN) framework for structural health monitoring of asphalt pavements subjected to extreme environmental stressors such as temperature, moisture, water-logging, rainfall, and UV exposure. A hybrid dataset is assembled by merging Long-Term Pavement Performance and TxDOT records with synthetically generated extreme-event scenarios and accelerated testing surrogates. The proposed PINN model augments data with mechanistic features and employs physics-based regularization to enforce monotonic and saturation behaviors. Trained and evaluated with scikit-learn and PyTorch, the model predicts remaining service life (RSL) with high fidelity (test R2 =0.92, RMSE = 1.5 years) that outperforms standard ANN and a mechanistic-empirical regression. Case studies show accurate RSL adjustment after a flood and sensitivity to heat and UV aging. The approach enables proactive, climate-aware pavement maintenance decision-making and demonstrates how AI-driven digital twins, when coupled with distributed sensing and edge computing can enable scalable, communication-aware solutions for infrastructure resilience in future 6G IoT networks.","2153-1684","979-8-3315-2681-8","10.1109/ANTS66931.2025.11430118","","https://ieeexplore.ieee.org/stamp/stamp.jsp?arnumber=11430118","Asphalt pavement;Internet-of-Things (IoT) Machine Learning;Remaining service life prediction;Structural Health Monitoring (SHM)","Knowledge engineering;Asphalt;Neural networks;Moisture;Machine learning;Predictive models;Aging;Data models;Digital twins;Monitoring","","","","12","IEEE","16 Mar 2026","15-18 Dec. 2025","15-18 Dec. 2025","IEEE","IEEE Conferences"
"End-To-End Digital Twin System for Cardiac Arrest Risk Detection: Design, Implementation, and Feasibility Evaluation","Z. Safari; E. A. Mohammed; B. H. Far","University of Calgary, Calgary, Canada; Wilfrid Laurier University, Waterloo, Canada; University of Calgary, Calgary, Canada",2026 IEEE International Conference on Information Reuse and Integration for Data Science (IRI),"9 Sep 2026","2026","","","401","406","Sudden cardiac arrest (SCA) remains a leading cause of mortality, accounting for millions of deaths annually worldwide. Yet, most deep learning models for ECG-based risk prediction operate through offline pipelines and are never integrated into continuously operating systems. While digital twin (DT) architectures offer a principled solution by maintaining synchronized virtual representations of patient state, fully operational end-to-end DT implementations integrating live telemetry, cloud-based AI inference, and dynamic twin state management remain largely absent from the literature. This paper presents the design, implementation, and feasibility evaluation of a complete end-to-end digital twin pipeline for near-real-time ECG-based cardiac arrest risk detection. The system integrates simulated ECG telemetry streaming, cloud-based storage, a containerized deep learning inference service, and Azure Digital Twins for continuous state updates, with a web-based dashboard for visualization and automated alerting. The primary contribution is a deployment-ready, cloud-native pipeline architecture that operationalizes automated data ingestion, asynchronous inference, and dynamic twin state updates within a unified modular framework. Under simulated telemetry conditions, the system achieves an end-to-end latency of approximately 20 seconds. The pre-trained deep learning model achieved strong offline performance (accuracy 88%, AUC 0.8851, F1-score 0.8334), and a six-patient pilot confirms stable pipeline execution and consistent alert generation. These results demonstrate the technical feasibility of integrating predictive DL models into an operational DT framework and provide a deployment-ready reference architecture for future real-time cardiac monitoring applications.","2835-5776","979-8-3315-8431-3","10.1109/IRI69576.2026.00081","","https://ieeexplore.ieee.org/stamp/stamp.jsp?arnumber=11676811","Digital Twin;Cardiac Arrest;Deep Learning;Healthcare AI;Risk Detection","Modeling;Digital twins;Electrocardiography;Printing;Pipelines;Telemetry;Timing;Visualization;Architecture;Cardiac arrest","","","","30","IEEE","9 Sep 2026","31 July-2 Aug. 2026","31 July-2 Aug. 2026","IEEE","IEEE Conferences"
"Revolutionizing Infrastructure Resilience: AI-Driven Approaches to Structural Health Monitoring","M. Z. Ahmed","Southern New Hampshire University, USA",2025 IEEE International Conference on Advanced Networks and Telecommunications Systems (ANTS),"16 Mar 2026","2025","","","1","4","Structural Health Monitoring (SHM) ensures the safety and longevity of civil infrastructure. Recent advancements in Artificial Intelligence (AI), particularly deep learning (DL), have transformed SHM by enabling automated, scalable solutions for damage detection and assessment. This paper presents a synthesis of AI-driven SHM methods—from vision-based surface damage detection and vibration analysis to physics-informed models and digital twins. We explore the integration of CNNs, RNNs, GANs, and transformers with non-destructive testing (NDT), UAV-based monitoring, and 3D reconstruction. Emphasis is placed on real-time defect localization, sensor fault mitigation, and data recovery in operational environments. Despite progress, challenges like data scarcity, environmental variability, and generalizability remain. We propose a roadmap using hybrid AI-physics models and autonomous SHM systems to enhance infrastructure resilience.","2153-1684","979-8-3315-2681-8","10.1109/ANTS66931.2025.11430023","","https://ieeexplore.ieee.org/stamp/stamp.jsp?arnumber=11430023","","Vibrations;Three-dimensional displays;Computational modeling;Transformers;Digital twins;Telecommunications;Artificial intelligence;Monitoring;Resilience;Testing","","","","21","IEEE","16 Mar 2026","15-18 Dec. 2025","15-18 Dec. 2025","IEEE","IEEE Conferences"
"Utilizing Digital Twin-Enhanced Spatio-Temporal CNN for Accurate Breast Cancer Tumor Detection and Migration Tracking","K. M; R. J; S. Ramar; S. S","Department of CSE, Bannari Amman Institute of Technology, Tamilnadu, India; Department of AI & DS, Christ the King Engineering College, Coimbatore, India; Optum, Minnetonka, MN, USA; Department of ECE, Bannari Amman Institute of Technology, Tamilnadu, India",2024 OITS International Conference on Information Technology (OCIT),"29 Apr 2025","2024","","","445","450","Accurate diagnosis and tracking of tumor migration within bodily cells is required for effective cancer treatment. This study presents a novel method for detecting and monitoring breast cancer tumor movement within body cells, utilizing video object segmentation methods and motion coherence analysis while leveraging the power of digital twins. The suggested methodology includes a spatio-temporal coherence framework, which employs pre-trained convolutional neural networks (CNNs) on a variety of unlabelled video input data to generate an in-depth digital twin of tumor behaviour. The technique accomplishes precise object mapping by incorporating digital twin technology, allowing multilateral scaling and enhancement of spatial and temporal datasets, finally enabling a faithful portrayal of the tumor's dynamic behavior. Furthermore, when paired with semi-supervised training, feature ensemble clustering methods improve the prediction of motion cues within the digital twin model, incorporating explicit end-to-end inconsistencies and resilience. This flexibility enables the digital twin to continuously learn from new patient data, resulting in increased accuracy and resilience. Experimental results show the STCNN algorithm's superiority in detecting breast cancer, supported by digital twin technology. Digital twin technology has the potential to advance cancer diagnosis and therapy monitoring by giving medical practitioners exact understanding into tumor migration patterns through the seamless integration of video object segmentation, motion coherence analysis, and digital twin technology. This study promotes innovation and individualized treatment for improved breast cancer management, and it expands the realm of digital twin applications in healthcare.","","979-8-3315-1040-4","10.1109/OCIT65031.2024.00084","","https://ieeexplore.ieee.org/stamp/stamp.jsp?arnumber=10973725","Breast cancer;Diagnosis;Digital twins;Motion coherence;Tracking;Treatment;Video object segmentation","Accuracy;Tracking;Cancer treatment;Object segmentation;Coherence;Breast cancer;Digital twins;Monitoring;Tumors;Resilience","","","","26","IEEE","29 Apr 2025","12-14 Dec. 2024","12-14 Dec. 2024","IEEE","IEEE Conferences"
"DT-ARTI: An IoMT-Empowered AI4Science Digital Twin for Adaptive Radiotherapy and Immunotherapy in Non-Small Cell Lung Cancer","H. Huang; X. Tao; Y. Lu; J. Chen; P. Zhong; Q. Zhong; S. Peng; Z. Lu; L. Chen; Y. Liu; Z. Gong","Department of Oncology, Ganzhou People’s Hospital, Ganzhou, China; Department of Respiratory and Critical Care Medicine, Jiangxi Institute of Respiratory Disease, The First Affiliated Hospital, Jiangxi Medical College, Nanyang University, Nanchang, Jiangxi, China; Department of Oncology, Ganzhou People’s Hospital, Ganzhou, China; Department of Oncology, The First Affiliated Hospital, Jiangxi Medical College, Nanyang University, Nanchang, China; Department of Oncology, The First Affiliated Hospital, Jiangxi Medical College, Nanyang University, Nanchang, China; Department of Oncology, Ganzhou People’s Hospital, Ganzhou, China; Department of Oncology, The First Affiliated Hospital, Jiangxi Medical College, Nanyang University, Nanchang, China; Department of Oncology, The First Affiliated Hospital, Jiangxi Medical College, Nanyang University, Nanchang, China; Department of Oncology, The First Affiliated Hospital, Jiangxi Medical College, Nanyang University, Nanchang, China; Department of Oncology, The First Affiliated Hospital, Jiangxi Medical College, Nanyang University, Nanchang, China; School of Life Sciences, State Key Laboratory of Metabolic Dysregulation, Prevention and Treatment of Esophageal Cancer, Zhengzhou University, Zhengzhou, Henan, China",IEEE Internet of Things Journal,"","2026","PP","99","1","1","Adaptive radiotherapy and immune checkpoint inhibition have made non-small cell lung cancer (NSCLC) care more dynamic. Most AI pipelines still analyze images, radiation information, molecular markers, and longitudinal patient-state observations in separate modules. This fragmentation makes it difficult to update a patient’s state during treatment or to quantify when a model should not be trusted. We present DT-ARTI, an Internet of Medical Things (IoMT)-empowered AI4Science (artificial intelligence for science) digital twin that connects multimodal IoMT data acquisition, biophysical system modeling, and uncertainty-aware knowledge discovery for NSCLC radiotherapy-immunotherapy research. The framework maps planning computed tomography (CT), dose-volume or fraction-level treatment information, molecular markers, and longitudinal clinical records compatible with IoMT ingestion into aligned multimodal tokens. These tokens drive a 3-D image-dose transformer, a temporal IoMT encoder, and a biophysical latent state-space model that tracks tumor burden, immune activity, and treatment-related toxicity. Two elements distinguish the approach: a radiation-immune consistency regularizer grounded in interpretable tumor-immune dynamics, and an uncertainty-gated update that limits the influence of unreliable longitudinal observations during counterfactual treatment evaluation. Retrospective experiments on real NSCLC imaging, radiogenomic, anti-PD-1 lung, and longitudinal treatment records show improved progression-free survival prediction, response classification, calibration, and sparse-sensing robustness compared with recent transformer and Cox-based baselines, with 95% bootstrap confidence intervals and paired tests reported for all primary metrics. The findings support DT-ARTI as a research-oriented modeling layer for future prospective validation in adaptive cancer-therapy studies.","2327-4662","","10.1109/JIOT.2026.3734369","","https://ieeexplore.ieee.org/stamp/stamp.jsp?arnumber=11693043","AI4Science;adaptive radiotherapy;digital twin;Internet of Medical Things;knowledge discovery;multimodal data acquisition;non-small cell lung cancer;system modeling","Modeling;Tumors;Uncertainty;Training;Internet of Things;Testing;Recording;Timing;Transformers;Lungs","","","","","IEEE","16 Sep 2026","","","IEEE","IEEE Early Access Articles"
"A Conceptual Framework for Neonatal Motor Activity Monitoring Using Digital Twin Technology and Computer Vision: A Preliminary Study","R. Nakashima; H. Matsumoto; T. T. Zin; Y. Kodama","Faculty of Engineering, University of Miyazaki, Miyazaki, Japan; Faculty of Engineering, University of Miyazaki, Miyazaki, Japan; Faculty of Engineering, University of Miyazaki, Miyazaki, Japan; Faculty of Medicine, University of Miyazaki, Miyazaki, Japan",2025 IEEE 14th Global Conference on Consumer Electronics (GCCE),"12 Dec 2025","2025","","","1320","1321","Continuous non-contact monitoring of neonatal motor activity in the neonatal intensive care unit (NICU) is crucial for early detection of neurological disorders and for guiding timely clinical interventions. We introduce an infrared-driven skeleton-estimation prototype designed for real-time operation that generates a live virtual ""digital twin"" of the infant’s posture to support clinician assessment. A deep-learning pose model was fine-tuned on a bespoke infrared key-point dataset, and three motion-quantification filters were evaluated: raw differencing (Method A), center-aligned suppression (Method B), and a newly proposed skeleton template-matching filter (Method C). Tests on a life-sized neonatal mannequin confirmed centimetric joint-localization accuracy, reliable detection of 50-pixel hand displacements, and reduction of simulated camera-shake artifacts to within five pixels. Building on these results, a follow-up evaluation on pre-term neonates showed that Method C suppressed static key-point noise by 78 % while preserving physiological motion. This combined mannequin and in-vivo evidence demonstrates the clinical feasibility of our infrared digital-twin framework and establishes a foundation for automated assessment of pre-term motor development.","2693-0854","979-8-3315-2416-6","10.1109/GCCE65946.2025.11275120","","https://ieeexplore.ieee.org/stamp/stamp.jsp?arnumber=11275120","Neonatal Monitoring;Digital Twin;Pose Estimation;Infrared Imaging;Activity Quantification","Filters;Three-dimensional displays;Pose estimation;Prototypes;Motors;Real-time systems;Skeleton;Digital twins;Reliability;Monitoring","","2","","3","IEEE","12 Dec 2025","23-26 Sept. 2025","23-26 Sept. 2025","IEEE","IEEE Conferences"
"Deep Learning-based Digital Twin for Human Activity Recognition","J. Su; Z. Liao; Q. Mao; Z. Sheng; A. X. Liu","The School of Software, Nanjing University of Information Science and Technology, Nanjing, China; The Hwamei College of Life and Health Sciences, Zhejiang Wanli University, Ningbo, China; The School of Computer, Nanjing University of Information Science and Technology, Nanjing, China; The Department of Engineering and Design, University of Sussex, Brighton, U.K; The Department of Computer Science and Engineering, Michigan State University, East Lansing, USA",2023 IEEE 29th International Conference on Parallel and Distributed Systems (ICPADS),"26 Mar 2024","2023","","","106","111","With the rapid development of the Internet of Things (IoT) related technologies, the application of digital twins (DT) in industry and healthcare becomes possible. Human activity recognition (HAR) is emerging as a hot research area with great potential in healthcare. Activity recognition systems combined with DT will make it easier to monitor human health conditions to improve the quality of life and happiness with individualized healthcare. In this paper, we design an effective HAR system, called HAR-Net, which uses WiFi time series data collected by sensors to train a deep learning network. Deep learning’s great learning ability is utilized to extract features of various human activities for activity recognition. We built the DT system with Unity, which is combined with the HAR system. In the DT system, real-world physical activities are mapped onto human models. The results of activity prediction can be evaluated in real-time in DT, and warnings can be issued quickly when dangerous activities occur. To make our human activity recognition system more adaptive, we propose a one-shot recognition method based on meta-learning. Specifically, we design a Bi-path basic network that extracts features in the time-domain and frequency-domain, and a meta-learning framework with a classification module and a WiFi metric module. Using datasets from different environments, we conducted various experiments on HAR-Net, and the results proved that our presented method was superior to the baseline network.","2690-5965","979-8-3503-3071-7","10.1109/ICPADS60453.2023.00024","","https://ieeexplore.ieee.org/stamp/stamp.jsp?arnumber=10476101","Digital Twin;Human Activity Recognition;WiFi;Meta-Learning;Healthcare","Metalearning;Adaptation models;Time series analysis;Medical services;Feature extraction;Digital twins;Human activity recognition","","1","","17","IEEE","26 Mar 2024","17-21 Dec. 2023","17-21 Dec. 2023","IEEE","IEEE Conferences"
"OcularWorldSim: A Visual World Model for Ophthalmic Microsurgery With Sim-to-Real Transfer Learning","H. Chen; L. Zhu; L. Lian; Y. Bai; Y. Liu","Department of Ophthalmology, The First Affiliated Hospital of Zhengzhou University, Zhengzhou, Henan, China; Department of Ophthalmology, The First Affiliated Hospital of Zhengzhou University, Zhengzhou, Henan, China; Department of Ophthalmology, The First Affiliated Hospital of Zhengzhou University, Zhengzhou, Henan, China; School of Environment, Education and Development, The University of Manchester, Manchester, U.K.; Department of Cardiology, The First Affiliated Hospital of Zhengzhou University, Zhengzhou, Henan, China",IEEE Access,"7 Jul 2026","2026","14","","99426","99439","Microsurgery involving the eye requires precise surgical techniques performed at micrometer accuracy, making it difficult to design a robotic or autonomous surgical system that will work effectively in the domain of ophthalmic microsurgery. Some advances have been made toward surgical robotics and the field of Artificial Intelligence has seen great success, however, the methods used in solving the “sim-to-real” problem, which deals with bridging the gap between the simulated training environment and clinical environment, have not made sufficient progress. In this paper, we present OcularWorldSim, a new visual world model framework for ophthalmic microsurgery that provides a means for effective “sim-to-real” learning using simulations and clinical data. The OcularWorldSim framework consists of three core innovations: 1) an Anatomically-Aware Spatiotemporal Diffusion Transformer (AA-SDiT), which learns a structurally organized representation of surgical dynamics while also maintaining the constraints of eye anatomy; 2) a Hierarchical Domain Adaptation Module (HDAM) which progressively aligns the simulated and actual surgical distributions at different levels of granularity; and 3) a Clinically-Guided Reinforcement Learning (CGRL) paradigm that incorporates expert surgical knowledge into the optimization process used for developing the policy. In the area of surgical phase recognition using CATARACTS, OcularWorldSim achieved an accuracy of 89.7% (5.8 percentage points higher than the previously best performing method) while achieving 82.4% mean Intersection-over-Union (mIoU) across CaDIS tasks (7.4 percentage points higher). Clinical validation of the predictions produced by the OcularWorldSim framework performed by three experienced ophthalmologists showed that its predictions were consistently rated as coherent and anatomically plausible, indicating a potential future application for the OcularWorldSim framework in computer-assisted intervention systems.","2169-3536","","10.1109/ACCESS.2026.3684562","National Natural Science Foundation of China(grant numbers:81600734,81600290); ","https://ieeexplore.ieee.org/stamp/stamp.jsp?arnumber=11482439","Deep learning;domain adaptation;ophthalmic microsurgery;reinforcement learning;sim-to-real transfer;surgical robotics;video prediction;world models","Feeds;Radio broadcasting;Motion pictures;Biomimetics;Contacts;Feedback;Circuits;Videos;Video equipment;Pixel","","","","62","CCBY","16 Apr 2026","2026","","IEEE","IEEE Journals"
"FBG-SenseGlove: A Digital Twin Data Glove for Underwater Gesture Recognition Using Deep Learning","C. Zhang; H. Zhou; H. Nong; X. Pan; X. Wei; Z. Ge; Y. Yu; Z. Zhang","School of Computer Electronic and Information, Guangxi University, Nanning, China; School of Computer Electronic and Information, Guangxi University, Nanning, China; School of Computer Electronic and Information, Guangxi University, Nanning, China; School of Computer Electronic and Information, Guangxi University, Nanning, China; School of Computer Electronic and Information, Guangxi University, Nanning, China; School of Computer Electronic and Information, Guangxi University, Nanning, China; College of Sciences, National University of Defense Technology, Changsha, China; School of Computer Electronic and Information, Guangxi University, Nanning, China",IEEE Sensors Journal,"5 Mar 2025","2025","25","5","8347","8354","Hand posture detection in underwater environments is a crucial method for human-computer interaction, widely applied in areas, such as diving rescue, underwater engineering, and marine scientific exploration. Vision-based gesture recognition systems are susceptible to ambient light and water turbidity, while other electrical sensing technologies often lack sufficient sensitivity and reliability under dynamic underwater conditions. To address these challenges, we designed a wearable data glove based on the fiber Bragg grating (FBG) technology, called the FBG-SenseGlove. We utilized food-grade silicone to achieve integrated encapsulation of the FBG sensors within the glove. In strain tests, the sensors exhibited a sensitivity of 1.2 pm/ $\mu \varepsilon $ . In bending tests of the glove, the linearity was 0.98961, the bending sensitivity was 1.8796 pm/°, and the maximum wavelength shift after bending reached 1.7 nm, demonstrating excellent stability and sensitivity. We also designed 16 common underwater communication gestures and six different complex usage scenarios, collecting datasets using the FBG-SenseGlove. A self-designed GRU-FusionNet deep learning network model was employed to extract, fuse, and classify the temporal features of the dataset. The results show that the validation set accuracy for gesture recognition in undisturbed normal scenarios was 99.48%, and the accuracy on the test sets in complex scenarios reached 98.98% after model transfer. Our FBG-SenseGlove, combined with deep learning algorithms, operates stably even in complex environments, providing theoretical validation and technical support for underwater gesture communication and specialized tasks in extreme conditions.","1558-1748","","10.1109/JSEN.2025.3532601","National Natural Science Foundation of China(grant numbers:62275269,61965003,61741504); Key Research and Development Program of Guangxi(grant numbers:GuiKeAB23075155); ","https://ieeexplore.ieee.org/stamp/stamp.jsp?arnumber=10856810","Deep leaning;fiber Bragg grating (FBG);gesture recognition;wearable sensors","Sensors;Fiber gratings;Optical fiber sensors;Data gloves;Optical fibers;Hands;Thumb;Gesture recognition;Sensitivity;Bending","","15","","32","IEEE","28 Jan 2025","1 March1, 2025","","IEEE","IEEE Journals"
"Explainable Datadriven Digital Twins for Predicting Battery States in Electric Vehicles Using Deep Learning Models","P. V. Reddy; D. Ganesh; N. Poojitha; P. S. Vishal; S. K. Karthik; S. Afreen","Mohan Babu University (Erstwhile Sree Vidyanikethan Engineering College(Autonomous), Tirupati, Andhra Pradesh, India; Mohan Babu University (Erstwhile Sree Vidyanikethan Engineering College(Autonomous), Tirupati, Andhra Pradesh, India; Dept of CSE, Mohan Babu University, Tirupati, Andhra Pradesh, India; Dept of CSE, Mohan Babu University, Tirupati, Andhra Pradesh, India; Dept of CSE, Mohan Babu University, Tirupati, Andhra Pradesh, India; Dept of CSE, Mohan Babu University, Tirupati, Andhra Pradesh, India",2026 4th International Conference on Intelligent Data Communication Technologies and Internet of Things (IDCIoT),"1 Apr 2026","2026","","","696","702","The most prominent understanding of reliability, safety and other, energy storage systems and in particular, electric vehicles and intelligent grids is Battery State of Health (SoH) and State of Charge (SoC) projections. The innovation of hybrid-form poses an opportunity of the serial application of the machine learning and deep learning model in the SOC and SOH estimations. It has been suggested to apply a Linear Regression, XGBoost, Recurrent Neural Networks (RNN), Bidirectional LSTM, and hybrid LSTM-GRU combination because it is hoped that as many of these temporal and nonlinear behavior impacts on battery behavior could be followed. K-Best feature selection is effective in the improvement of extrapolation of a model as the most significant parts of inputs are only stored. In contrast to the current concept of the unexplainability, the explainable AI approaches-SHAP and LIME- are used to explain the decisions of the model and the extent of the impact of the variables used. With real world experimentally weighted battery data, comparative superiority of our method over the traditional methods is exhibited in accuracy and interpretability. These novel capabilities of this paper comprise a hybrid model architecture and interpretable learning pipeline combined with predictive capability and interpretability. It is massive to sustain the innovations of smart battery management system in the future of this framework.","","979-8-3315-9654-5","10.1109/IDCIoT67589.2026.11455668","","https://ieeexplore.ieee.org/stamp/stamp.jsp?arnumber=11455668","State of health (SOH);State of charge (SOC);Battery management;LSTMGRU;Bi-LSTM;Xgboost;K-Best feature selection;SHAP;LIME;explairnable AI","Deep learning;Technological innovation;Heuristic algorithms;Linear regression;Battery management systems;Predictive models;Feature extraction;Batteries;Digital twins;State of charge","","","","15","IEEE","1 Apr 2026","4-6 Feb. 2026","4-6 Feb. 2026","IEEE","IEEE Conferences"
"Cyber Resilience in Healthcare Digital Twin on Lung Cancer","J. Zhang; L. Li; G. Lin; D. Fang; Y. Tai; J. Huang","School of Physics and Electronic Information, Yunnan Normal University, Kunming, China; School of Physics and Electronic Information, Yunnan Normal University, Kunming, China; School of Information Engineering, Sanming University, Sanming, China; School of Physics and Electronic Information, Yunnan Normal University, Kunming, China; School of Physics and Electronic Information, Yunnan Normal University, Kunming, China; Department of Cardiothoracic Surgery, Huashan Hospital, Fudan University, Shanghai, China",IEEE Access,"13 Nov 2020","2020","8","","201900","201913","As a key service of the future 6G network, healthcare digital twin is the virtual replica of a person, which employs Internet of Things (IoT) technologies and AI-powered models to predict the state of health and provide suggestions to a range of clinical questions. To support healthcare digital twins, the right cyber resilience technologies and policies must be applied and maintained to preserve cyber resilience. Vulnerability detection is a fundamental technology for cyber resilience in healthcare digital twins. Recently, deep learning (DL) has been applied to address the limitations of traditional machine learning in vulnerability detection. However, it is important to consider code context relationships and pay attention on the vulnerability related keywords for searching an IoT vulnerability in healthcare digital twins. Due to massive software and complexity of healthcare digital twin, a full automatic solution is really needed for assisting cyber resilience check in the real-world scenarios. This article presents a novel scheme for recognising potential vulnerable functions to support healthcare digital twins. We develop a new deep neural model to capture bi-directional context relationships among the risky code keywords. A number of well-designed experiments are carried out on a large ground truth, which consists of tens of thousands of vulnerable and non-vulnerable functions from IoT related software. The results show our new scheme outperforms the state-of-the-art DL-based methods for vulnerability detection.","2169-3536","","10.1109/ACCESS.2020.3034324","National Natural Science Foundation of China(grant numbers:62062069, 62062070, and 62005235); ","https://ieeexplore.ieee.org/stamp/stamp.jsp?arnumber=9241785","Internet of Things (IoT);healthcare;digital twin;cyber resilience;lung cancer","Digital twin;Internet of Things;Resilience;Lung cancer;Software;Security","","112","","59","CCBY","28 Oct 2020","2020","","IEEE","IEEE Journals"
"Unlocking Prospects of Digital Twin in Healthcare","N. Deka; A. Raut; S. Samantaray; P. Bhushan","Department of Prosthodontics, Kalinga Institute of Dental Sciences KIIT Deemed to be University, Bhubaneswar, India; Department of Prosthodontics, Kalinga Institute of Dental Sciences KIIT Deemed to be University, Bhubaneswar, India; Department of Humanities, School of Liberal Studies KIIT Deemed to be University, Bhubaneswar, India; Department of Prosthodontics, Kalinga Institute of Dental Sciences KIIT Deemed to be University, Bhubaneswar, India",2026 International Conference on Emerging Systems and Intelligent Computing (ESIC),"5 May 2026","2026","","","491","495","This article discusses the application of artificial intelligence and digital twin technology with a focus on its use in healthcare and individualized treatment planning. Deep AI methods like convolutional neural networks and hybrid mathematical models facilitate dynamic, predictive virtual patient modeling, allowing anatomical segmentation, landmark detection, and treatment simulation with improved accuracy and efficiency. Substantial advancements are observed in various domains of medical science with multimodal imaging and real-time data integration. The work also assesses new ideas like blockchain-secured data management and the metaverse, with implications for data security and operational efficiency. Technical, clinical, and regulatory challenges are critically discussed, with recommendations for standardized protocols, AI applications, and effective privacy measures. The paper intends to explore AI-augmented digital twin platforms synergizing individualized, predictive, and preventive patient management, while shaping their responsible and feasible use in the clinical environment.","","979-8-3315-5848-2","10.1109/ESIC68176.2026.11495875","","https://ieeexplore.ieee.org/stamp/stamp.jsp?arnumber=11495875","Digital twin;healthcare;smart pharma;virtual patient;metaverse","Contacts;MIMICs;Millimeter wave integrated circuits;Monolithic integrated circuits;Circuits and systems;Internet of Things;Protocols;Graphical user interfaces;Communication systems;Internet","","","","20","IEEE","5 May 2026","7-8 Feb. 2026","7-8 Feb. 2026","IEEE","IEEE Conferences"
"CardioTwin-XAI: A Consumer-Centric Digital Twin Framework for Predictive Risk Stratification and Personalized Management of Coronary Artery Disease in Healthcare 5.0","J. Yang; V. Govindarajan; M. Attique Khan; Z. Ahmed Shaikh; S. Alsenan; Y. Li; L. Yee Por; Z. Zhang; Q. Guo","Center of Research for Cyber Security and Network (CSNET), Faculty of Computer Science and Information Technology, Universiti Malaya, Kuala Lumpur, Malaysia; Expedia Group, Distribution and Supply Technology, Seattle, WA, USA; Centre of AI, Prince Mohammad bin Fahd University, Al Khobar, Saudi Arabia; Department of Computer Science and Information Technology, Benazir Bhutto Shaheed University Lyari, Karachi, Pakistan; Information Systems Department, College of Computer and Information Sciences, Princess Nourah bint Abdulrahman University, P.O. Box 84428, Riyadh, Saudi Arabia; College of Mechanical and Electrical Engineering, Shihezi University, Shihezi, China; Center of Research for Cyber Security and Network (CSNET), Faculty of Computer Science and Information Technology, Universiti Malaya, Kuala Lumpur, Malaysia; Fuwai Central China Cardiovascular Hospital, Central China Fuwai Hospital, Zhengzhou University, Zhengzhou, China; Fuwai Central China Cardiovascular Hospital, Central China Fuwai Hospital, Zhengzhou University, Zhengzhou, China",IEEE Transactions on Consumer Electronics,"28 Aug 2026","2026","72","3","6547","6557","Consumer-Centric Digital Twins (CCDT) are emerging as transformative enablers in Healthcare 5.0, offering real-time monitoring, predictive analytics, and patient-specific treatment optimization. This paper introduces CardioTwin-XAI, a novel AI-driven CCDT framework designed for early detection, risk prediction, and personalized management of Coronary Artery Disease (CAD) and related conditions such as atherosclerosis, myocardial infarction (MI), and heart failure (HF). The proposed system integrates IoT-enabled wearable sensors, continuous hemodynamic profiling, and federated multimodal learning to build a dynamic, patient-specific digital replica. The key innovation of CardioTwin-XAI is its unified integration of explainable AI (XAI) with privacy-preserving federated learning, wherein interpretable attribution mechanisms are embedded within distributed model updates, enabling transparent predictions without compromising data confidentiality across healthcare institutions. A hybrid transformer-GNN architecture captures complex spatiotemporal cardiovascular dynamics, while differential privacy and blockchain-based data sharing ensure regulatory compliance. Evaluation on multi-institutional datasets demonstrates 92.6% accuracy in CAD prediction, 31% improvement in treatment planning efficiency, and 40% reduction in unnecessary interventions. The proposed framework paves the way for scalable, secure, and explainable cardiovascular care in next-generation healthcare ecosystems.","1558-4127","","10.1109/TCE.2026.3660345","National Natural Science Foundation of China(grant numbers:82470344); National Key Research and Development Program of China(grant numbers:2022YFC3602400,2022YFC3602404); Princess Nourah bint Abdulrahman University Researchers Supporting Project; ","https://ieeexplore.ieee.org/stamp/stamp.jsp?arnumber=11370951","Consumer-centric digital twins;coronary artery disease;explainable AI;healthcare 5.0;personalized medicine","Medical services;Digital twins;Artificial intelligence;Explainable AI;Federated learning;Biomedical monitoring;Solid modeling;Predictive models;Monitoring;Sensors","","5","","30","IEEE","3 Feb 2026","Aug. 2026","","IEEE","IEEE Journals"
"A Battery Digital Twin From Laboratory Data Using Wavelet Analysis and Neural Networks","R. D. Fonso; R. Teodorescu; C. Cecati; P. Bharadwaj","Department of Information Engineering, Computer Science and Mathematics, University of L'Aquila, L'Aquila, Italy; Department of Energy Technology, Aalborg University, Aalborg, Denmark; Department of Information Engineering, Computer Science and Mathematics, University of L'Aquila, L'Aquila, Italy; Department of Electrical Engineering, Indian Institute of Technology, Gandhinagar, India",IEEE Transactions on Industrial Informatics,"4 Apr 2024","2024","20","4","6889","6899","Lithium-ion (Li-ion) batteries are the preferred choice for energy storage applications. Li-ion performances degrade with time and usage, leading to a decreased total charge capacity and to an increased internal resistance. In this article, the wavelet analysis is used to filter the voltage and current signals of the battery to estimate the internal complex impedance as a function of state of charge (SoC) and state of health (SoH). The collected data are then used to synthesize a battery digital twin (BDT). This BDT outputs a realistic voltage signal as a function of SoC and SoH inputs. The BDT is based on feedforward neural networks trained to simulate the complex internal impedance and the open-circuit voltage generator. The effectiveness of the proposed method is verified on the dataset from the prognostics data repository of NASA.","1941-0050","","10.1109/TII.2024.3355124","Italian Ministry of University and Research(grant numbers:2017MS9F49); SMART BATTERY project; Villum Foundation in 2021; Risorse del Programma Operativo Nazionale Ricerca e Innovazione 2014–2020(grant numbers:CCI 2014IT16M2OP005); ","https://ieeexplore.ieee.org/stamp/stamp.jsp?arnumber=10415299","Battery digital twin (BDT);data-driven modeling;impedance estimation;neural network (NN);wavelet analysis","Batteries;Wavelet analysis;Impedance;Time-frequency analysis;Continuous wavelet transforms;Discharges (electric);Data models","","44","","32","CCBYNCND","26 Jan 2024","April 2024","","IEEE","IEEE Journals"
"Neurosymbolic Digital Twin for Cardiovascular Disease Prediction and Personalized Modeling","M. Adnan; Y. Yi; N. A. Wani; S. Alsenan; M. A. Khan; M. S. Anwar","College of Information Engineering, Yangzhou University, Yangzhou, Jiangsu, China; College of Information Engineering, Yangzhou University, Yangzhou, Jiangsu, China; Department of Computer Applications, Manipal University Jaipur, Jaipur, Rajasthan, India; Information Systems Department, College of Computer and Information Sciences, Princess Nourah bint Abdulrahman University, Riyadh, Saudi Arabia; Department of AI, College of Computer Engineering and Science, Prince Mohammad Bin Fahd University, Al Khobar, Saudi Arabia; IRC for Finance and Digital Economy, King Fahd University of Petroleum and Minerals, Dhahran, Saudi Arabia",IEEE Journal of Biomedical and Health Informatics,"","2025","PP","99","1","8","Cardiovascular prediction and therapy planning require high diagnostic fidelity, identifiable causal structure, patient-specific adaptation, and quantifiable privacy. NeuroTwin is a neurosymbolic digital twin that integrates four computational modules into a unified clinical decision framework. The adaptive diffusion transformer (ADViT) performs modality-specific denoising of ECG and PCG signals, followed by patch-level feature encoding and cross-modal fusion that preserves temporal–spectral structure. The symbolic causal discovery network (SCDN) constructs a sparse directed acyclic graph through a differentiable acyclicity constraint and converts stable edges into executable rules. The neural federated digital twin (NFDT) performs distributed optimization with differentially private Gaussian aggregation and incorporates online patient-state updates for personalized modeling under heterogeneous institutional data distributions. A hierarchical meta-reinforcement learner (HMRL) governs treatment recommendations through a bi-level policy that balances symptom reduction, adverse-effect mitigation, and longitudinal stability. NeuroTwin achieves 98.5% diagnostic precision, 96.2% success in treatment optimization, a 0.942 causal explainability score and a 0.032 privacy leakage rate.","2168-2208","","10.1109/JBHI.2025.3647298","","https://ieeexplore.ieee.org/stamp/stamp.jsp?arnumber=11313072","Neurosymbolic Modeling;Digital Twin Systems;Federated Learning;Clinical Decision Support","Digital twins;Medical services;Noise reduction;Transformers;Electrocardiography;Artificial intelligence;Optimization;Encoding;Decision support systems;Bioinformatics","","17","","","IEEE","23 Dec 2025","","","IEEE","IEEE Early Access Articles"
"Digital Twin Architecture and Applications for Intelligent Operation and Maintenance of Power Transmission and Transformation Equipment","Y. Zhang; H. Wang; P. Li; W. Ma; Y. Zhang","State Grid Economic Technology Research Institute Co., Ltd, Beijing, China; State Grid Economic Technology Research Institute Co., Ltd, Beijing, China; State Grid Economic Technology Research Institute Co., Ltd, Beijing, China; State Grid Economic Technology Research Institute Co., Ltd, Beijing, China; State Grid Economic Technology Research Institute Co., Ltd, Beijing, China",2025 5th IEEE International Conference on Energy Engineering and Power Systems (EEPS),"28 Jan 2026","2025","","","715","719","With the advancement of smart grids, traditional operation and maintenance (O&M) models for power transmission and transformation equipment face severe challenges due to low efficiency and reliance on manual expertise. Digital twin technology offers an innovative solution for intelligent O&M. This paper investigates the architectural design, model construction, and optimized application of digital twin technology in power transmission and transformation O&M. A hierarchical framework is proposed to support multi-source data fusion and real-time interaction. Fault prediction integrates finite element physical models with CNN-LSTM deep learning, while equipment health indices are generated by combining the Analytic Hierarchy Process (AHP) with fuzzy comprehensive evaluation. Experiments demonstrate that fault prediction accuracy increases from 70% to 95%, maintenance response time decreases from 24 hours to 6 hours, equipment availability reaches 98%, and maintenance costs are reduced by 30%.","","979-8-3315-6765-1","10.1109/EEPS68057.2025.11351735","","https://ieeexplore.ieee.org/stamp/stamp.jsp?arnumber=11351735","Digital Twin;Power Transmission;Transformation Equipment;Intelligent Operation and Maintenance;Data Fusion;Fault Prediction","Adaptation models;Accuracy;Power transmission;Data integration;Predictive models;Data models;Digital twins;Maintenance;Smart grids;Time factors","","","","10","IEEE","28 Jan 2026","31 Oct.-2 Nov. 2025","31 Oct.-2 Nov. 2025","IEEE","IEEE Conferences"
"Digital Twin-Supported Battery State Estimation Based on TCN-LSTM Neural Networks and Transfer Learning","K. Zhao; Y. Liu; Y. Zhou; W. Ming; J. Wu","School of Engineering, Cardiff University, Cardiff, Wales, UK; School of Engineering, Cardiff University, Cardiff, Wales, UK; School of Engineering, Cardiff University, Cardiff, Wales, UK; School of Engineering, Cardiff University, Cardiff, Wales, UK; School of Engineering, Cardiff University, Cardiff, Wales, UK",CSEE Journal of Power and Energy Systems,"21 Apr 2025","2025","11","2","567","579","Estimating battery states such as State of Charge (SOC) and State of Health (SOH) is an essential component in developing energy storage technologies, which require accurate estimation of complex and nonlinear systems. A significant challenge is extracting pertinent spatial and temporal features from original battery data, which is crucial for efficient battery management systems. The emergence of digital twin (DT) technology offers a novel opportunity for performance monitoring and management of lithium-ion batteries, enhancing collaborative capacity among different battery state estimation techniques and enabling optimal operation of battery storage units. In this study, we propose a DT-supported battery state estimation method, in collaboration with the temporal convolutional network (TCN) and the long short-term memory (LSTM), to address the challenge of feature extraction. Firstly, we introduce a 4-layer hierarchical DT to overcome computational and data storage limitations in conventional battery management systems. Secondly, we present an online algorithm, TCN-LSTM for battery state estimation. Compared to conventional methods, TCN-LSTM outperforms other cyclic networks in various sequence modelling tasks and exhibits reduced reliance on the initial state conditions of the battery. Our methodology employs transfer learning to dynamically adjust the neural network parameters based on fresh data, ensuring real-time updating and enhancing the DT's accuracy. Focusing on SOC, SOH and Remaining Useful Life (RUL) estimation, our model demonstrates exceptional results. When testing with 90 cycle data, the average root mean square error (RMSE) values for SOC, SOH, and RUL are 1.1 %, 0.8%, and 0.9 % respectively, significantly outperforming traditional CNN's 2.2%, 2.0% and 3.6% and others. These results un-equivocally demonstrate the contribution of the DT model to battery management, highlighting the outstanding robustness of our proposed method, showcasing consistent performance across various conditions and superior adaptability compared to other models.","3066-9308","","10.17775/CSEEJPES.2024.00900","","https://ieeexplore.ieee.org/stamp/stamp.jsp?arnumber=10838241","Battery energy storage system;battery state estimation;deep learning;digital twin;transfer learning","State of charge;Digital twins;Real-time systems;Lithium-ion batteries;Integrated circuit modeling;Battery management systems;Adaptation models;Resistance;Neural networks;Monitoring","","17","","50","","10 Jan 2025","March 2025","","CSEE","CSEE Journals"
"Universal Battery Life Estimation Using Digital Twin Technology","J. S; K. T; K. M; K. B; L. J. Varghese; D. J","Department of EEE, Sri Krishna College of Engineering and Technology, Coimbatore, Tamilnadu, India; Department of EEE, Sri Krishna College of Technology, Coimbatore, Tamilnadu, India; Department of EEE, Sri Krishna College of Technology, Coimbatore, Tamilnadu, India; Department of EEE, Sri Krishna College of Technology, Coimbatore, Tamilnadu, India; Department of EEE, Sri Krishna College of Engineering and Technology, Coimbatore, Tamilnadu, India; Department of EEE, Sri Krishna College of Engineering and Technology, Coimbatore, Tamilnadu, India",2025 Fourth International Conference on Smart Technologies and Systems for Next Generation Computing (ICSTSN),"27 Feb 2026","2025","","","1","5","This study introduces a universal battery life estimation system that uses digital twin technology to increase the sustainability, effectiveness and reliability of energy storage solutions by estimating the total energy consumed and the remaining battery life. Using coulomb counting method for estimating the State of Charge, Kalman filter for error prediction and Artificial neural network for analyzing accurate battery health. Using digital clone of battery, the system monitors parameters such as temperature, load variations, charge cycles, and usage patterns. In many applications the real-time sensor integration and advanced predictive algorithms enable accurate remaining useful life (RUL) estimation. Unlike traditional methods, the digital twin model adapts dynamically to shifting operating conditions, ensuring improved accuracy and preventative maintenance. Ultimately it enhances reliability of energy storage system by predicting the battery current charge and discharge state.","","979-8-3315-5942-7","10.1109/ICSTSN67075.2025.11397849","","https://ieeexplore.ieee.org/stamp/stamp.jsp?arnumber=11397849","Universal Battery;Real-time monitoring;Digital twin technology;State of Health;Remaining Useful life","Temperature sensors;Temperature measurement;Accuracy;Life estimation;Artificial neural networks;Real-time systems;Batteries;Digital twins;Kalman filters;Monitoring","","1","","17","IEEE","27 Feb 2026","20-21 Nov. 2025","20-21 Nov. 2025","IEEE","IEEE Conferences"
"Health Twin for Strays: Smart Care & Safe Cities","C. B. S. Lakshmi; S. Shreenitha; S. S. Annapoorani; T. C. Swathi","Computer Science and Engineering, Velammal College of Engineering and Technology, Madurai, India; Computer Science and Engineering, Velammal College of Engineering and Technology, Madurai, India; Computer Science and Engineering, Velammal College of Engineering and Technology, Madurai, India; Computer Science and Engineering, Velammal College of Engineering and Technology, Madurai, India",2026 IEEE International Conference for Convergence in Computing Technology (I3CTCON),"11 May 2026","2026","","","1","6","In urban areas, street dogs pose a significant risk to public health due to diseases like rabies, mange, and parasitic infections. The reactive, random, and unsystematic monitoring of current vaccination and treatment campaigns leads to recurrent infections and inadequate distribution. In order to manage the health of stray dogs, this paper suggests a Digital Twin framework that combines cloud-based medical records, AI-driven disease detection, and IoT-enabled data collection. Real-time monitoring and predictive outbreak analysis are made possible by the digital twin representation of each dog, which contains behavioral, medical, and vaccination data. While data science models categorize health risks and forecast zoonotic outbreaks, Convolutional Neural Networks (CNNs) are used for automated disease recognition from images and videos. To facilitate coordinated interventions, a decision-support platform is created for NGOs, local government officials, and veterinarians. The proposed system aims to enhance vaccination campaigns, reduce rabies and skin infections, and improve public health and animal welfare in smart cities.","","979-8-3315-7656-1","10.1109/I3CTCON68242.2026.11507762","","https://ieeexplore.ieee.org/stamp/stamp.jsp?arnumber=11507762","Digital Twin;Street Dogs;IoT;Artificial Intelligence;Disease Detection;Vaccination Tracking;Outbreak Prediction;Smart Cities;Public Health;Animal Welfare","Internet of Things;Dogs;Occupational health;Modeling;Digital twins;Diseases;Artificial intelligence;Real-time systems;Timing;Animals","","","","12","IEEE","11 May 2026","14-15 March 2026","14-15 March 2026","IEEE","IEEE Conferences"
"Intelligent Predictive Maintenance for Sustainable Manufacturing: A Digital Twin Application in Engine Cylinder Cleaning Lines","H. Wang; L. Guo","School of Electrical Engineering and Automation, Dalian Polytechnic University, College of Arts and Information Engineering, Zhuanghe, China; School of Electrical Engineering and Automation, Dalian Polytechnic University, College of Arts and Information Engineering, Zhuanghe, China",2025 International Conference on Modern Sustainable Systems (CMSS),"6 Oct 2025","2025","","","47","53","With the continuous advancement of global industrialization, the position of the modern manufacturing in economic development has become increasingly important. In this context, how to improve production efficiency, reduce failure rates and extend equipment life has become a key challenge faced by all walks of life. The emergence of digital twin technology provides a new idea for solving this problem. Especially in the manufacturing industry, the engine is the core power equipment. The stability of its performance directly affects the operating efficiency and safety of the entire system. Engine cylinder cleaning is a key link in the engine production process. Its cleaning quality and efficiency directly affect the subsequent assembly quality and the overall operating performance of the engine. The traditional engine cylinder cleaning production line faces problems such as insufficient monitoring means, low cleaning efficiency, and delayed fault detection. In practice, these problems not only affect the stability and efficiency of production, but also lead to a high failure rate of the production line. This study proposes an intelligent operation and maintenance solution for the engine cylinder cleaning production line based on digital twin technology. This solution fully utilizes the powerful sequence modeling capability of the Transformer algorithm in deep learning by combining it. At the same time, an innovative fault prediction and intelligent maintenance solution is proposed. The sensor data of the cleaning equipment is acquired in real time and transmitted to the virtual twin for analysis and modeling. The model can accurately reflect the health status and operating status of the equipment. Such innovations help engineers quickly discover potential faults and make scientific maintenance decisions. This study also uses an improved Transformer model. This can handle non-stationary and nonlinear signals such as equipment vibration signals. Specifically, the signal is converted into a time-frequency representation through wavelet transform, and then the fault prediction is performed through the Transformer model. Experimental results show that the proposed model can effectively improve the accuracy of fault prediction and optimize maintenance strategies.","","979-8-3315-6510-7","10.1109/CMSS66566.2025.11182444","","https://ieeexplore.ieee.org/stamp/stamp.jsp?arnumber=11182444","Digital Twin;Fault Prediction;Intelligent Maintenance;Engine Cylinder Cleaning;Production Line","Accuracy;Production;Predictive models;Transformers;Cleaning;Data models;Digital twins;Maintenance;Engines;Engine cylinders","","","","23","IEEE","6 Oct 2025","12-14 Aug. 2025","12-14 Aug. 2025","IEEE","IEEE Conferences"
"A Digital Twin Framework for Predictive Modeling and Intervention Optimization in Inflammatory Bowel Disease","P. Poojary","Digestive Disease & Surgery Institute, Cleveland Clinic, Huntersville, United States of America",2025 IEEE MIT Undergraduate Research Technology Conference (URTC),"26 May 2026","2025","","","1","5","Inflammatory Bowel Disease (IBD) is a complex, relapsing condition driven by interactions between genetics, lifestyle, inflammation, and environmental factors. Despite advancements in biomarkers and omics data, tools for individualized prediction and simulation remain limited. This study introduces a novel digital twin framework that integrates multi-modal data to simulate disease trajectories and optimize personalized interventions in IBD care. Using data from 10,286 UK Biobank patients with known or suspected IBD, a 64dimensional digital twin embedding was created via a variational autoencoder incorporating biomarkers, polygenic scores, lifestyle, medication use, and clinical history. Downstream model—sincluding GRUs and multitask neural networks-predicted flare risk, biomarker trends, and comorbidity incidence. Model interpretability was achieved via SHAP analysis and latent clustering with UMAP. A simulation engine tested hundreds of personalized counterfactuals per patient across modifiable variables including diet, supplements, exercise, smoking, BMI, and medication exposures. Optimized intervention sets were derived using Pareto front analysis. Simulated results showed up to 30% flare risk reduction under top-ranked interventions, with a 25% overall flare rate decrease in a virtual cohort (p < 0.001). A case study demonstrated how moderate lifestyle and medication adjustments significantly lowered predicted inflammation risk. This work offers the first scalable, interpretable digital twin framework for IBD, enabling precision forecasting and simulation-based treatment planning. It establishes a foundation for virtual experimentation in chronic disease management.","","979-8-3315-5937-3","10.1109/URTC68753.2025.11533070","","https://ieeexplore.ieee.org/stamp/stamp.jsp?arnumber=11533070","Inflammatory Bowel Disease;Digital Twin;Precision Medicine;Crohn's Disease;Ulcerative Colitis;Machine Learning;Deep Learning","Modeling;Diseases;Simulation;Digital twins;Inflammatory bowel disease;Biomarkers;Forecasting;Printing;Machine learning;Multitasking","","","","12","IEEE","26 May 2026","10-12 Oct. 2025","10-12 Oct. 2025","IEEE","IEEE Conferences"
"Digital Twin-Based Healthcare System (DTHS) for Earlier Parkinson Disease Identification and Diagnosis Using Optimized Fuzzy Based k-Nearest Neighbor Classifier Model","L. Abirami; J. Karthikeyan","School of Computer Science Engineering and Information Systems, Vellore Institute of Technology, Vellore, Tamil Nadu, India; School of Computer Science Engineering and Information Systems, Vellore Institute of Technology, Vellore, Tamil Nadu, India",IEEE Access,"11 Sep 2023","2023","11","","96661","96672","The Digital twin based Healthcare System is a demanding issue that can introduce improvements in the life of the elderly and disabled people living in remote places. More recently, modern Digital twin based Healthcare Systems have gained more attention and invitations from people due to the popularity of smart city establishment along with improvements in various healthcare services adapted in the smart phones. It is achievable because of the anytime, anywhere service access mechanism and machine-learning-based smart predictions over the cloud computing platform. The existing Healthcare System offers service to remote patients through continuous monitoring and tracking of physiological health records without live interaction and portability. Thus, the Digital twin based Healthcare System (DTHS) is proposed with smart virtual care facilities to enhance the earlier states of disease prediction and a patient-centric diagnosis mechanism from remote locations. Particularly, diseases such as Parkinson disease, identified as a severe neuro degenerative disorder worldwide, require such prediction and diagnosis at earlier stages. In this work, the experiments are focusing two voice based data sets namely DS1, and DS2 obtained from Kaggle, and UCI Machine learning repository. The proposed DTHS is developed over the cloud platform for Parkinson disease prediction using the Optimized Fuzzy based k-Nearest Neighbour (OF-k-NN) classifier model. It provides cumulative improvements against the existing Neural Network and Kernel-based SVM classifiers with respect to Prediction Time for DS1 as 0.00127 seconds, and DS2 as 0.00105 seconds, Prediction Accuracy for DS1 as 97.95%, and DS2 received 91.48%, F1-Score 0.98 for DS1, and 0.91 for DS2, and Matthews Correlation Coefficient of DS1 got 0.93675, and DS2 received 0.79816.","2169-3536","","10.1109/ACCESS.2023.3312278","Vellore Institute of Technology, Vellore, India; ","https://ieeexplore.ieee.org/stamp/stamp.jsp?arnumber=10239395","Digital twin based healthcare system;Parkinson disease identification;k-nearest neighbor classifier;remote patient monitoring;smart city and virtual care applications","Medical services;Monitoring;Diseases;Digital twins;Biomedical monitoring;Medical diagnostic imaging;Real-time systems;Parkinson's disease;Nearest neighbor methods;Patient monitoring;Smart cities;Virtual assistants","","47","","42","CCBYNCND","5 Sep 2023","2023","","IEEE","IEEE Journals"
"Enhanced-NN Digital Twin for Parameters Identification of a DC-DC Boost Converter","G. D. Nezio; G. Marini; M. d. Benedetto; A. Lidozzi; L. Solero","Department of Civil, Computer Science and Aeronautical Technologies Engineering, Roma Tre University, Rome, Italy; Department of Civil, Computer Science and Aeronautical Technologies Engineering, Roma Tre University, Rome, Italy; Department of Industrial, Electronic and Mechanical Engineering, Roma Tre University, Rome, Italy; Department of Civil, Computer Science and Aeronautical Technologies Engineering, Roma Tre University, Rome, Italy; Department of Civil, Computer Science and Aeronautical Technologies Engineering, Roma Tre University, Rome, Italy",2025 International Conference on Clean Electrical Power (ICCEP),"4 Sep 2025","2025","","","830","835","DC-DC boost converters are widely used in power electronics due to their high efficiency and versatility in numerous applications. Their reliability is a critical aspect and accurate parameters identification is essential for monitoring the health and performance of these converters, particularly under aging or stress conditions. In this paper, a novel methodology is presented for identifying the parameters in a DC-DC boost converter, combining neural networks (NNs) with the digital twin (DT) concept. The state equations of the converter are reformulated to separate constant parameters, represented as NN weights and biases, from time-dependent variables, which serve as inputs and targets. Once trained, the NN enables precise estimation of the converter's parameters. The obtained results confirm the effectiveness of the proposed method, with the identified parameters closely matching the expected values under different operating conditions. This approach highlights the potential of NN-based parameters identification for real-time monitoring and diagnostics of power electronic converters (PECs), offering a valuable tool for ensuring reliability and maintainability in power conversion systems.","2474-9664","979-8-3315-1053-4","10.1109/ICCEP65222.2025.11143664","","https://ieeexplore.ieee.org/stamp/stamp.jsp?arnumber=11143664","Digital Twin;neural networks;health monitoring;parameters identification;DC-DC boost converters","Training;Degradation;Parameter estimation;Artificial neural networks;Real-time systems;Power electronics;Digital twins;Reliability;Monitoring;Stress","","1","","18","IEEE","4 Sep 2025","24-26 June 2025","24-26 June 2025","IEEE","IEEE Conferences"
"Deep Learning-based Damage Detection for Structural Health Monitoring of Civil Infrastructure","F. Bergantin; A. Falcone; A. Forestiero","Institute for High Performance Computing and Networking, Italian National Research Council (ICAR-CNR), Rende, Italy; Institute for High Performance Computing and Networking, Italian National Research Council (ICAR-CNR), Rende, Italy; Institute for High Performance Computing and Networking, Italian National Research Council (ICAR-CNR), Rende, Italy",2025 5th International Conference on Ubiquitous Computing and Intelligent Information Systems (ICUIS),"13 Feb 2026","2025","","","629","634","Ever-increasing concerns about the structural security of modern urban environments underscore the need for intelligent systems capable of autonomously and quickly detecting damage in civil infrastructure. Manual or non-automatic inspections are time-consuming, onerous, and inclined to subjectivity, while traditional AI-based approaches meet challenges in generality, comprehensibility, and consistent performance in diverse conditions. This paper presents an Artificial Intelligence pipeline integrating the Segment Anything Model and a classic ResNet model classification for smart surface damage identification in civil infrastructure. The designed framework exhibits flexibility, interpretability and computational efficiency, which makes it particularly suited for resource-limited systems and structural health monitoring tasks. Preliminary experiment results on both synthetic and real-world datasets demonstrate the effectiveness of robust segmentation before classification in enhancing damage detection accuracy, particularly when dealing with complex textures and challenging defect boundaries. The proposed framework also opens new perspectives for integrating deep learning-based visual inspection within digital twin environments, supporting predictive maintenance strategies and continuous monitoring of structural health conditions.","","979-8-3315-5284-8","10.1109/ICUIS67429.2025.11380268","","https://ieeexplore.ieee.org/stamp/stamp.jsp?arnumber=11380268","Artificial Intelligence;Computer Vision;Segment Anything Model;Surface decay and Damage Classification;Decay and Damage Monitoring","Visualization;Adaptation models;Accuracy;Computational modeling;Urban areas;Inspection;Ubiquitous computing;Security;Surface cracks;Monitoring","","","","14","IEEE","13 Feb 2026","26-28 Nov. 2025","26-28 Nov. 2025","IEEE","IEEE Conferences"
"Blockchain-Enabled Secure Data Transmission For Personalized E-Healthcare And Human Digital Twin Well-Being","A. Shankhdhar; H. Garg","Department of Computer Engineering and Application, GLA University, Mathura, India; Department of Computer Engineering and Application, GLA University, Mathura, India",2025 2nd International Conference on Artificial Intelligence for Innovations in Healthcare Industries (ICAIIHI),"25 Feb 2026","2025","","","1","6","Using blockchain for secure data transmission is changing the game in personalized e-healthcare and the concept of human digital twins (HDT), thanks to its decentralized and tamper-proof approach to safeguarding sensitive medical information. This study is focused on creating and evaluating a blockchain-based framework designed for safe data sharing in personalized e-healthcare, which includes integrating human digital twin models to enhance patient outcomes. The HDT model relies on Deterministic Pseudo-Random Generation (DPRG) to keep simulations consistent, while the blockchain transmission system employs Non-Negative Matrix Factorization (NMF) along with a Product-Based Neural Network (PBNN) to boost predictive analytics and tailor health management strategies. Plus, the KDRNN mechanism takes care of cyber-attack detection by spotting subtle irregularities in complex, high-dimensional data, which allows it to automatically kick in protective measures to keep both health records and digital twin models secure. The experimental results show that KDRNN hit an impressive 95% accuracy and 93% sensitivity, all implemented through Python.The possibilities of blockchain within personalized e-healthcare are huge. It not only guarantees secure data transfer but also tackles scalability issues, making it easier to manage large volumes of data passing through networks. This opens up new research avenues for digital healthcare technologies, facilitating smoother and more personalized healthcare delivery.","","979-8-3315-8267-8","10.1109/ICAIIHI67124.2025.11403785","","https://ieeexplore.ieee.org/stamp/stamp.jsp?arnumber=11403785","Blockchain;Secure Data Transmission;E-Healthcare;Human Digital Twin;Deterministic Pseudo- Random Generation;Negative Matrix Factorization","Industries;Analytical models;Technological innovation;Sensitivity;Scalability;Neural networks;Predictive models;Digital twins;Blockchains;Predictive analytics","","","","20","IEEE","25 Feb 2026","4-5 Dec. 2025","4-5 Dec. 2025","IEEE","IEEE Conferences"
"A Lightweight Digital Twin Model for Bearing Remaining Useful Life Prediction with Edge-Cloud Task Offloading","W. Qiao","Xi’an University of Posts & Telecommunications, Xi'an, China","2026 IEEE 2nd International Conference on Electronics, Energy Systems and Power Engineering (EESPE)","18 Aug 2026","2026","","","1755","1758","Accurate remaining useful life prediction of rolling bearings is essential for predictive maintenance in industrial rotating machinery, yet deploying sophisticated deep learning models on resource-constrained edge devices remains challenging due to excessive computational requirements and memory limitations. This paper proposes a lightweight digital twin framework that addresses this deployment challenge through three integrated strategies: depthwise separable convolutions for architectural simplification, knowledge distillation for transferring predictive capability from a complex teacher network to a compact student model, and a confidence-based task allocation mechanism for intelligent workload distribution between edge and cloud platforms. The proposed approach was validated on a publicly available bearing accelerated life test dataset, demonstrating that the lightweight model achieves competitive prediction accuracy comparable to state-of-the-art methods while requiring substantially fewer computational resources and enabling real-time inference on embedded platforms. The edge-cloud collaborative architecture effectively balances prediction performance against response latency by routing uncertain predictions to cloud servers while processing confident predictions locally. This framework provides a practical and deployable solution for continuous bearing health monitoring in industrial Internet of Things environments, facilitating the transition from centralized cloud-based analytics toward distributed edge intelligence in smart manufacturing systems.","","979-8-3315-7093-4","10.1109/EESPE68405.2026.11648352","","https://ieeexplore.ieee.org/stamp/stamp.jsp?arnumber=11648352","digital twin;remaining useful life prediction;knowledge distillation;edge-cloud computing;bearing prognostics","Modeling;Clouds;Printing;Internet of Things;Timing;Accuracy;Digital twins;Convolutional neural networks;Convolution;Predictive maintenance","","","","18","IEEE","18 Aug 2026","26-28 June 2026","26-28 June 2026","IEEE","IEEE Conferences"
"A Mechanism LSTM-Based Digital Twin Model for DC-DC Converters with Parameter Estimation Using An Ant Lion Optimizer","Z. Zhang; Y. Zhu; Y. Yang","Polytechnic Institute, Zhejiang University, Hangzhou, China; College of Electrical Engineering, Zhejiang University, Hangzhou, China; College of Electrical Engineering, Zhejiang University, Hangzhou, China",IECON 2025 – 51st Annual Conference of the IEEE Industrial Electronics Society,"6 Nov 2025","2025","","","1","6","As recent advances in power plants and energy resources expand the applications of DC-DC converters, ensuring their reliability and stability remains critical. This necessitates accurate parameter estimation for effective condition monitoring. In this context, this paper presents a novel digital twin model for DC-DC converters, combining mechanism modeling with data-driven techniques to achieve high-fidelity simulations and accurate parameter estimation. The proposed framework integrates a physics-based converter model with a long short-term memory (LSTM) neural network for error compensation, enhanced by an ant lion optimizer (ALO) algorithm for parameter estimation. It has been demonstrated on a buck converter that the proposed method outperforms in modeling accuracy and parameter estimation precision compared to conventional approaches. Extensive simulation results validate the framework’s effectiveness in condition monitoring and parameter estimation, showcasing its potential for power converter health assessment.","","979-8-3315-9681-1","10.1109/IECON58223.2025.11221751","","https://ieeexplore.ieee.org/stamp/stamp.jsp?arnumber=11221751","Digital twin;DC-DC converter;LSTM;parameter estimation;ALO","Condition monitoring;Semiconductor device modeling;Adaptation models;Parameter estimation;Accuracy;Uncertainty;Digital twins;Reliability;Long short term memory;Context modeling","","","","14","IEEE","6 Nov 2025","14-17 Oct. 2025","14-17 Oct. 2025","IEEE","IEEE Conferences"
"A Digital Twin-Enhanced Battery Management System with Adaptive Learning for Electric Vehicle Applications","M. Depakkumar; G. Gururagavendran; B. B. Sam","Dept. of CSE, St. Joseph's College of Engineering, Chennai, India; Dept. of CSE, St. Joseph's College of Engineering, Chennai, India; Dept. of CSE, St. Joseph's College of Engineering, Chennai, India",2026 International Conference on Visual Analytics and Data Visualization (ICVADV),"16 Apr 2026","2026","","","1407","1412","Accurate estimation of critical lithium-ion battery states remains a significant challenge for Battery Management Systems (BMS) in electric vehicles. This paper presents a framework that integrates a data-driven Digital Twin with adaptive machine learning to improve the estimation of State of Charge (SoC), State of Health (SoH), and Remaining Useful Life (RUL). The methodology evaluates six machine learning algorithms on a dataset of over $\mathbf{1, 1 5 0}$ real-world battery operation samples using 5-fold cross-validation. A neural network model demonstrated the best performance with an $\mathbf{R}^{\mathbf{2}}$ of 0.7789. Comparative analysis with literature suggests this performance is competitive with traditional Extended Kalman Filter approaches. The integrated system includes an Isolation Forest-based anomaly detection module with 92% precision and a continuous adaptive learning mechanism that yielded a 13.71% improvement in accuracy. Experimental validation on operational data indicates system robustness under varied conditions, suggesting a pathway toward more adaptive and predictive battery management.","","979-8-3315-9237-0","10.1109/ICVADV67766.2026.11469787","","https://ieeexplore.ieee.org/stamp/stamp.jsp?arnumber=11469787","Battery Management System;Digital Twin;Adaptive Machine Learning;State Estimation;Electric Vehicles","Kalman filters;System-on-chip;Filters;Filtering;Application specific integrated circuits;Circuits and systems;Internet of Things;Protocols;Communication systems;Internet","","","","15","IEEE","16 Apr 2026","24-26 Feb. 2026","24-26 Feb. 2026","IEEE","IEEE Conferences"
"Computational Analysis of Mapping Resolution in Cardiac Digital Twins: High-Density Grid vs. Contact-Force","S. Kotagi; C. Sharma; A. N. Ramya Shree; M. Madhukar; N. P. Shetty","Dept. of CSE (AI & ML), M S Ramaiah Institute of Technology, Bengaluru, India; Dept. of CSE (AI & ML), M S Ramaiah Institute of Technology, Bengaluru, India; Dept. of CSE (AI & ML), M S Ramaiah Institute of Technology, Bengaluru, India; Dept. of CSE (AI & ML), M S Ramaiah Institute of Technology, Bengaluru, India; Manipal Academy of Higher Education, Manipal Institute of Technology, Manipal, India",2026 International Conference on Electronic Systems and Intelligent Computing (ICESIC),"5 May 2026","2026","","","385","390","The concept of cardiac digital twins (CDTs) has become popular as a modern personalized model of computing complex arrhythmias, and their management. Such models largely rely on the spatial resolution of the substrate mapping information. This paper investigates the topic of whether high-density (HD) grid mapping offers a valuable benefit to the traditional contact-force (CF) mapping in the creation of clinically robust digital twins. Trained 2 identical feedforward neural networks based on 110 cardiac segmentation masks obtained with publicly available datasets, one with sparsely sampled CF-like inputs (100 points per image) and the other with densely sampled HD-like inputs (5,000 points per image). The model trained on HD data had a significantly lower mean squared error (0.00068) than the CFbased model (0.0125), which is 18.3 times less, indicating that the reconstruction accuracy of the model was better. Image assessment also showed that HD-based reconstructions had better anatomical edges and finer structural information, and at the expense of CF-based reconstructions being prone to blur or omit critical features. Collectively, these results point to the fact that mapping resolution is a determining factor in digital twin fidelity and these results offer both quantitative and qualitative evidence to the application of HD mapping protocols in clinical electrophysiology when high-accuracy cardiac digital twin generation is needed.","","979-8-3195-2017-3","10.1109/ICESIC67389.2026.11496371","","https://ieeexplore.ieee.org/stamp/stamp.jsp?arnumber=11496371","Cardiac digital twins;substrate mapping;highdensity mapping;contact-force mapping;model fidelity;neural networks;electrophysiology;arrhythmia assessment;computational cardiology;inverse problem","Contacts;Circuits and systems;Pixel;Protocols;High frequency;HTTP;Digital images;Communication systems;Radio frequency;Learning (artificial intelligence)","","","","20","IEEE","5 May 2026","13-14 March 2026","13-14 March 2026","IEEE","IEEE Conferences"
"Deep Learning in Depression Detection: A Comprehensive Survey and Critical Analysis","Y. Zhang; J. You; C. Yang; Z. Wang; X. Qiu; Y. Chen",The Hong Kong Polytechnic University; The Hong Kong Polytechnic University; The Hong Kong Polytechnic University; The Hong Kong Polytechnic University; The Hong Kong Polytechnic University; The Hong Kong Polytechnic University,2025 IEEE 41st International Conference on Data Engineering Workshops (ICDEW),"15 Aug 2025","2025","","","177","189","Depression is a significant global health challenge, affecting millions worldwide and contributing to severe disability. Recent advances in deep learning have enabled more effective detection of depressive symptoms across multiple modalities, including text, audio-visual, neurophysiological signals, and multimodal fusion. This survey systematically reviews the evolution from traditional machine learning (e.g., Support Vector Machines, Random Forests) to state-of-the-art deep learning architectures(e.g., CNNs, LSTMs, Transformers, and Graph Neural Networks) and Large Language Models. We analyze benchmark datasets, model architectures, and performance metrics while identifying key challenges such as data scarcity, domain adaptation, cross-subject variability, and real-world deployment barriers. Unlike previous surveys that focus on single modalities or lack technical depth, we provide a comprehensive synthesis of deep learning methodologies, architectural insights, and ethical considerations related to privacy, bias, and clinical trust. We conclude by outlining a research agenda that integrates cutting-edge LLM innovations (including autonomous reasoning chains and multimodal contextualization), quantum-enhanced learning architectures, and LLM - powered cognitive digital twins for personalized monitoring, while calling for specialized mental health LLMs, cultural adaptation benchmarks, and HIPAA-compliant federated learning frameworks. This survey serves as both a technical reference for researchers and a roadmap for advancing AI -driven depression detection toward scalable, ethical, and clinically relevant applications.","2473-3490","979-8-3315-9959-1","10.1109/ICDEW67478.2025.00028","","https://ieeexplore.ieee.org/stamp/stamp.jsp?arnumber=11108151","depression detection;multimodal machine learning;Deep Learning;Large Language Models (LLMs);Clinical Trust & Bias Mitigation","Surveys;Deep learning;Ethics;Technological innovation;Biological system modeling;Mental health;Computer architecture;Depression;Transformers;Cultural differences","","3","","103","IEEE","15 Aug 2025","19-23 May 2025","19-23 May 2025","IEEE","IEEE Conferences"
"Solving the Inverse Problem of Electrocardiography for Cardiac Digital Twins: A Survey","L. Li; J. Camps; B. Rodriguez; V. Grau","School of Electronics & Computer Science, University of Southampton, Southampton, U.K.; Department of Computer Science, University of Oxford, Oxford, U.K.; Department of Computer Science, University of Oxford, Oxford, U.K.; Department of Engineering Science, University of Oxford, Oxford, U.K.",IEEE Reviews in Biomedical Engineering,"28 Jan 2025","2025","18","","316","336","Cardiac digital twins (CDTs) are personalized virtual representations used to understand complex cardiac mechanisms. A critical component of CDT development is solving the ECG inverse problem, which enables the reconstruction of cardiac sources and the estimation of patient-specific electrophysiology (EP) parameters from surface ECG data. Despite challenges from complex cardiac anatomy, noisy ECG data, and the ill-posed nature of the inverse problem, recent advances in computational methods have greatly improved the accuracy and efficiency of ECG inverse inference, strengthening the fidelity of CDTs. This paper aims to provide a comprehensive review of the methods for solving ECG inverse problems, their validation strategies, their clinical applications, and their future perspectives. For the methodologies, we broadly classify state-of-the-art approaches into two categories: deterministic and probabilistic methods, including both conventional and deep learning-based techniques. Integrating physics laws with deep learning models holds promise, but challenges such as capturing dynamic electrophysiology accurately, accessing accurate domain knowledge, and quantifying prediction uncertainty persist. Integrating models into clinical workflows while ensuring interpretability and usability for healthcare professionals is essential. Overcoming these challenges will drive further research in CDTs.","1941-1189","","10.1109/RBME.2024.3486439","University of Southampton; Wellcome Trust Fellowship in Basic Biomedical Sciences(grant numbers:214290/Z/18/Z); Engineering and Physical Sciences Research Council Doctoral Award; CompBiomedX EPSRC(grant numbers:EP/X019446/1); Wellcome Trust Fellowship in Basic Biomedical Sciences(grant numbers:214290/Z/18/Z); ","https://ieeexplore.ieee.org/stamp/stamp.jsp?arnumber=10735344","Cardiac digital twins;ECG;inverse problem;ECGI;parameter estimation;model personalization;survey","Electrocardiography;Inverse problems;Computational modeling;Digital twins;Heart;Surveys;Electric potential;Surface reconstruction;Reviews;Image reconstruction","Humans;Electrocardiography;Heart;Signal Processing, Computer-Assisted;Models, Cardiovascular;Deep Learning","23","","262","IEEE","25 Oct 2024","2025","","IEEE","IEEE Journals"
"Digital Twin Model: A Real-Time Emotion Recognition System for Personalized Healthcare","B. Subramanian; J. Kim; M. Maray; A. Paul","School of Computer Science and Engineering, Kyungpook National University, Daegu, South Korea; School of Computer Science and Engineering, Kyungpook National University, Daegu, South Korea; College of Computer Science and Information Systems, King Khalid University, Abha, Saudi Arabia; School of Computer Science and Engineering, Kyungpook National University, Daegu, South Korea",IEEE Access,"9 Aug 2022","2022","10","","81155","81165","Emotion recognition (ER) in healthcare has drawn substantial attention owing to recent advancements in machine-learning (ML) and deep-learning (DL) techniques. The ER system, along with a digital twin of a person in real time, will facilitate the monitoring, understanding, and improvement of the physical entity’s capabilities, as well as provide constant input to improve quality of life and well-being for personalized healthcare. However, building such ER systems in real time involves technical challenges, such as limited datasets, occlusion and lighting issues, identifying important features, false classification of emotions, and high implementation costs. To resolve this issue, we built a simple, efficient, and adaptable ER system by acquiring and processing images in real time using a web camera. In addition, we propose an end-to-end framework that combines an ER system with a digital twin setup, in which the predicted result can be analyzed and tested prior to providing the best possible personal healthcare treatment before it leads to any life-threatening disease. Our proposed ER system achieved promising results in less training time without compromising the accuracy. Thus, in real time, it will be helpful in healthcare centers to monitor a patient’s health condition, early diagnosis of life-threatening diseases, and to obtain the best and most effective treatment for patients during emergencies.","2169-3536","","10.1109/ACCESS.2022.3193941","National Research Foundation of Korea(grant numbers:2020R1A2C1012196); School of Computer Science and Engineering, Ministry of Education, Kyungpook National University, South Korea, through the BK21 Four Project, AI-Driven Convergence Software Education Research Program(grant numbers:4199990214394); ","https://ieeexplore.ieee.org/stamp/stamp.jsp?arnumber=9840353","Deep learning;emotion recognition;intelligence system;MediaPipe;smart healthcare system","Medical services;Emotion recognition;Face recognition;Feature extraction;Real-time systems;Diseases;Digital twins","","91","","39","CCBYNCND","26 Jul 2022","2022","","IEEE","IEEE Journals"
"Intelligent Diagnosis Method of Distribution Network Fault for Construction of Digital Twin Coordination System","Y. Xing; Z. Zhang; W. Song; X. Song; J. Zhang; B. Liu","Economic and Electrical Research Institute of Shanxi Electrical Power Company of SGCC, Taiyuan, China; School of Energy and Power North University of China, Taiyuan, China; Economic and Electrical Research Institute of Shanxi Electrical Power Company of SGCC, Taiyuan, China; Economic and Electrical Research Institute of Shanxi Electrical Power Company of SGCC, Taiyuan, China; Economic and Electrical Research Institute of Shanxi Electrical Power Company of SGCC, Taiyuan, China; School of Energy and Power North University of China, Taiyuan, China",2021 IEEE 5th Conference on Energy Internet and Energy System Integration (EI2),"25 Feb 2022","2021","","","2145","2148","With the large-area access of distributed power sources, higher requirements are put forward for the load-bearing and diagnosis of equipment in the distribution network. In order to improve the intelligent diagnosis ability of distribution network, an online fault diagnosis method based on Decision Tree (DT) is proposed in this paper, which can realize intelligent detection without additional auxiliary equipment. In this paper, the C4.5 algorithm is used to construct a transformer health assessment model. It can be seen from the results that the classification accuracy rate reaches 97.91%, and the Kappa index is 0.961, which is significantly better than the other three types of algorithms. This model is expected to realize the intelligent coordination between the physical space and the digital physical mirror space, which can greatly improve the self-diagnosis and operation capabilities of key equipment.","","978-1-6654-3425-6","10.1109/EI252483.2021.9713470","","https://ieeexplore.ieee.org/stamp/stamp.jsp?arnumber=9713470","intelligent diagnosis;Decision Tree algorithm;Digital Twin","Fault diagnosis;Digital twin;Distribution networks;System integration;Transformers;Classification algorithms;Internet","","4","","8","IEEE","25 Feb 2022","22-24 Oct. 2021","22-24 Oct. 2021","IEEE","IEEE Conferences"
"Design of a Parkinson’s Rehabilitation Management System Based on Multimodal Learning and Digital Twin Technology","J. Qin; Y. Cai; Z. Wang; J. Jin; X. Huang; L. Pei","College of Software Engineering, Dalian University, Dalian, China; College of Information Engineering, Dalian University, Dalian, China; College of Information Engineering, Dalian University, Dalian, China; College of Information Engineering, Dalian University, Dalian, China; College of Information Engineering, Dalian University, Dalian, China; College of Software Engineering, Dalian University, Dalian, China",2024 IEEE Smart World Congress (SWC),"24 Mar 2025","2024","","","2073","2080","Parkinson’s disease (PD), a prevalent neurodegenerative disorder, significantly impairs motor functions, necessitating effective rehabilitation management. This paper presents the design of a Parkinson’s rehabilitation management system leveraging multimodal learning and digital twin technology. By integrating data from diverse sources—such as speech signals, hand motion data, and gait videos—this system comprehensively captures PD symptoms, facilitating early detection and accurate diagnosis. Employing deep learning techniques, the system analyzes and fuses multimodal data, enhancing diagnostic precision and providing personalized rehabilitation plans. The digital twin component creates a virtual model of the patient, continuously monitoring motor functions, medication responses, and symptom changes, thus optimizing treatment plans and improving quality of life. Case studies demonstrate the system’s efficacy in speech recognition, tremor identification, and tremor severity assessment, highlighting its role in enhancing patient self-management and rehabilitation outcomes. The proposed system not only advances PD rehabilitation management, but also sets a precedent for intelligent healthcare solutions by integrating multimodal data analysis with digital twin technology.","2993-396X","979-8-3315-2086-1","10.1109/SWC62898.2024.00318","","https://ieeexplore.ieee.org/stamp/stamp.jsp?arnumber=10925083","Parkinson’s disease;system design;multimodal learning;digital twin;deep learning","Deep learning;Training;Data analysis;Medical services;Motors;Real-time systems;Digital twins;Medical diagnostic imaging;System analysis and design;Diseases","","2","","45","IEEE","24 Mar 2025","2-7 Dec. 2024","2-7 Dec. 2024","IEEE","IEEE Conferences"
"An Explainable Digital Twin Framework with GAN-Based Data Augmentation for Energy-Efficient Colon Cancer Histopathology Analysis","P. Kumar; R. P. Mathur; H. Kaur; K. Bajaj; P. Kondapalli","Dept. of Computer Science and Engineering, Lovely Professional University, Phagwara, Punjab, India; Dept. of Computer Science and Engineering, Lovely Professional University, Phagwara, Punjab, India; Dept. of Computer Science and Engineering, Lovely Professional University, Phagwara, Punjab, India; Chitkara University Institute of Engineering and Technology, Chitkara University, Punjab, India; Dept. of Computer Science and Engineering, Lovely Professional University, Phagwara, Punjab, India",2026 4th International Conference on Self Sustainable Artificial Intelligence Systems (ICSSAS),"22 Jun 2026","2026","","","236","243","Colon cancer can be considered as the cause of the most significant cancer fatalities across the globe, and early and correct diagnosis based on histopathological images is the simple solution to ensure that the patients from their side of the point live. Nonetheless, the diagnostic systems developed on the base of deep learning generally struggle with the lack of annotated data, class imbalance, lack of interpretability, or excessive consumption of computational energy. To overcome these weaknesses, an Explainable Digital Twin Framework (EDTF) will be proposed in this paper, which combines data augmentation based on the GANs, deep convolutional neural networks, the explainable AI mechanism, and Green AI assessment to efficiently and reliably analyze colon cancer histopathology. The suggested framework will use a Generative Adversarial Network (GAN) to produce natural synthetic histopathology images, which will widen the range of datasets and boost the classification accuracy. Deep CNN models have been trained on the augmented data such MobileNetV2, DenseNet121, and ResNet50. Digital Twin simulation layer allows predicting diagnostics in real-time and tracking this, which allows to future deploy the innovation in clinical practice. To achieve interpretability, both Grad-CAM and SHAP methods are combined to give both visual and feature explanations of model predictions. In addition, Green AI module uses a premise of assessing computational efficiency considering energy usage, inference time, and a Normalized Energy Score (NES). Experiments with LC25000 data have shown that the LTF proposed exhibits much better classification, with up to 98.9% accuracy, and uses less energy than other baseline models. The framework gives out clinically meaningful explanations also and promotes real-time digital twin simulation thus a strong and stable solution of intelligent cancer diagnosis. The suggested solution will overcome the main shortcomings of current medical AI tools by integrating accuracy, interpretability, and energy efficiency into one architecture.","","979-8-3315-7009-5","10.1109/ICSSAS68835.2026.11559528","","https://ieeexplore.ieee.org/stamp/stamp.jsp?arnumber=11559528","Colon Cancer Diagnosis;Histopathology Imaging;Generative Adversarial Networks;Digital Twin;Explainable Artificial Intelligence;Green AI;Deep Learning;Medical Image Analysis","Generative adversarial networks;Modeling;Biomedical imaging;Artificial intelligence;Digital twins;Timing;Training;Data augmentation;Histopathology;Energy","","","","18","IEEE","22 Jun 2026","28-30 May 2026","28-30 May 2026","IEEE","IEEE Conferences"
"Digital Twin for Intelligent Context-Aware IoT Healthcare Systems","H. Elayan; M. Aloqaily; M. Guizani","Research and Development, xAnalytics Inc., Ottawa, ON, Canada; Department of Computer Science and Engineering, Qatar University, Doha, Qatar; Department of Computer Science and Engineering, Qatar University, Doha, Qatar",IEEE Internet of Things Journal,"19 Nov 2021","2021","8","23","16749","16757","Since the emergence of digital and smart healthcare, the world has hastened to apply various technologies in this field to promote better health operation and patients’ well being, increase life expectancy, and reduce healthcare costs. One promising technology and game changer in this domain is digital twin (DT). DT is expected to change the concept of digital healthcare and take this field to another level that has never been seen before. DT is a virtual replica of a physical asset that reflects the current status through real-time transformed data. This article proposes and implements an intelligent context-aware healthcare system using the DT framework. This framework is a beneficial contribution to digital healthcare and to improve healthcare operations. Accordingly, an electrocardiogram (ECG) heart rhythms classifier model was built using machine learning to diagnose heart disease and detect heart problems. The implemented models successfully predicted a particular heart condition with high accuracy in different algorithms. The collected results have shown that integrating DT with the healthcare field would improve healthcare processes by bringing patients and healthcare professionals together in an intelligent, comprehensive, and scalable health ecosystem. Also, implementing an ECG classifier that detects heart conditions gives the inspiration for applying ML and artificial intelligence with different human body metrics for continuous monitoring and abnormalities detection. Finally, neural-network-based algorithms deal better with ECG data than traditional ML algorithms.","2327-4662","","10.1109/JIOT.2021.3051158","","https://ieeexplore.ieee.org/stamp/stamp.jsp?arnumber=9320532","Digital twin (DT);electrocardiogram (ECG);Internet of Things (IoT);machine learning;smart healthcare%","Medical services;Monitoring;Internet of Things;Data models;Real-time systems;Databases;Machine learning","","428","","26","IEEE","12 Jan 2021","1 Dec.1, 2021","","IEEE","IEEE Journals"
"Multi Modal Data Fusion of Digital Twin Precision for Fatty Liver Disease based on Genomics and Microbiome Analysis","Y. Vasanth; A.Rajesh","Department of Computer Science and Engineering, School of Engineering, VISTAS; Department of Computer Science and Engineering, School of Engineering, VISTAS",2026 7th International Conference on Smart Systems and Inventive Technology (ICSSIT),"24 Aug 2026","2026","","","552","558","Liver disease is a significant health issue in the world, with fatty liver, cirrhosis, and hepatocellular carcinoma being some of the health conditions that lead to high morbidity and mortality rates. Diagnosing early and correctly is of paramount importance in the treatment and better results of a patient. Conventional diagnostic techniques such as biopsy and serum biomarker analysis are invasive, time consuming and require professional interpretation. In this paper, a new hybrid intelligent system based on the integration of machine learning (ML) and deep learning (DL) models will be proposed in order to improve the level of liver disease prediction. The suggested methodology will comprise of solid data preprocessing, the extraction of 30 clinically relevant features, statistical feature selection, model- based feature selection, and an ensemble learning model. Each of the individual base models, Decision Tree (DT), Support Vector Machine (SVM), Artificial Neural Network (ANN), Convolutional Neural Network (CNN), Recurrent Neural Network (RNN), Long Short-Term Memory (LSTM), and Restricted Boltzmann machine are parallel trained. Their outputs are then summed together in a weighted voting ensemble to give the final classification. The results of the experiment conducted on a standard liver disease dataset prove that the proposed hybrid model reaches accuracy of 96 to 99 percent, which is much higher than the individual models. The system is an automated, non-invasive, and dependable system of early diagnosis of liver disease in the clinical environment.","","979-8-3315-8087-2","10.1109/ICSSIT69151.2026.11656620","","https://ieeexplore.ieee.org/stamp/stamp.jsp?arnumber=11656620","Liver Disease Prediction;Machine Learning;Deep Learning;Feature Selection;Ensemble Learning;Convolutional Neural Network (CNN);Long Short-Term Memory (LSTM);Support Vector Machine (SVM);Hybrid Intelligence;Healthcare Analytics","Modeling;Liver diseases;Machine learning;Accuracy;Long short term memory;Machining;Convolutional neural networks;Deep learning;Support vector machines;Liver","","","","15","IEEE","24 Aug 2026","28-30 July 2026","28-30 July 2026","IEEE","IEEE Conferences"
"A Real-Time Cross-Domain Wi-Fi-Based Gesture Recognition System for Digital Twins","J. Su; Q. Mao; Z. Liao; Z. Sheng; C. Huang; X. Zhang","School of Software, Nanjing University of Information Science and Technology, Nanjing, China; School of Computer Science, Nanjing University of Information Science and Technology, Nanjing, China; Hwamei College of Life and Health Sciences, Zhejiang Wanli University, Ningbo, China; Department of Engineering and Design, University of Sussex, Brighton, U.K; School of Informatics, Xiamen University, Xiamen, China; School of Management Science and Engineering, Anhui University of Finance and Economics, Bengbu, China",IEEE Journal on Selected Areas in Communications,"26 Oct 2023","2023","41","11","3690","3701","The rapid development of Internet of Things has led more realization of digital twins (DT), such as healthcare, smart homes, virtual reality, etc., gesture recognition is a fundamental component of DT. Its implementation can provide users with personalized services or improved human-computer interaction, such as smart home control, in-car interaction, etc., most of existing gesture recognition methods are based on vision or wearable device. However, the vision-based methods face the problem of privacy breach, whereas the wearable-based methods may bring inconvenience to users. With the wide deployment of Wi-Fi networks, lots of consumer devices are widely accessible in people’s homes. Motivated by the fact that Wi-Fi signal propagation can be affected by human motion, the opportunity to use Wi-Fi signals for gesture recognition can be further explored. However, the challenge is that the received Wi-Fi signal shows great differences when the same person performs the same gesture in different environments or different person performs the same gesture in the same environment. Therefore, the signal alignment across different domain needs to be solved. In this paper, we propose a gesture recognition system named Phase-Attention-based-Conv-CSI (PAC-CSI), which consists of two modules: data processing and gesture recognition. In the data processing module, we eliminate random phase noise in channel state information (CSI) and perform phase calibration. In the gesture recognition module, we feed the processed phase sequence into a lightweight deep neural network for gesture recognition. PAC-CSI can obtain the gesture category in about 200ms, which can meets the real-time requirements of DT. The gesture recognition accuracy of our proposed system in a single domain is 99.46%, and its performance across new locations, orientations, users, and environments is 98.77%, 98.90%, 97.54%, and 96.47%, respectively.","1558-0008","","10.1109/JSAC.2023.3310073","","https://ieeexplore.ieee.org/stamp/stamp.jsp?arnumber=10234555","Channel state information (CSI);deep learning;digital twin;gesture recognition;Wi-Fi;wireless sensing","Gesture recognition;Wireless fidelity;Feature extraction;Real-time systems;Digital twins;Data processing;Training","","23","","40","IEEE","30 Aug 2023","Nov. 2023","","IEEE","IEEE Journals"
"Identifying the Development Trends and Technological Competition Situations for Digital Twin: A Bibliometric Overview and Patent Landscape Analysis","X. Li; Y. Shen; H. Cheng; F. Yuan; L. Huang","College of Management and Economics, Beijing University of Technology, Beijing, China; College of Management and Economics, Beijing University of Technology, Beijing, China; College of New Media, Beijing Institute of Graphic Communication, Beijing, China; College of Management and Economics, Beijing University of Technology, Beijing, China; College of Management and Economics, Beijing University of Technology, Beijing, China",IEEE Transactions on Engineering Management,"4 Jan 2024","2024","71","","1998","2021","Digital twinis increasingly prominent for realizing the digital and intelligent transformation of various industries as an emerging technological means to connect the physical and virtual world. While there has been a recent growth of interest in digital twin in industry, finance, and academia, most relevant studies lack a systematic analysis of the status quo, development trends, and technological competition situations for digital twin. In this article, we used bibliometrics and patent analysis to conduct comprehensive and in-depth research of digital twin by reviewing the current status of academic research and technological development, distribution of countries and institutions, and technological competition situations. We found that academic research and technological development in digital twin are currently in the early stages of rapid growth, which is radiating from applications in smart manufacturing to other scenarios such as medical and health, smart cities, energy, transportation, public emergency, and agricultural food. Artificial intelligence technology, digital twin integrated architecture and system, intelligent real-time control have gradually become the key topics of academic research and technology research and development in the field of digital twin in recent years. The digital framework, sustainable digital twin, deep learning and neural network algorithms, and full lifecycle management have the potential to become technology development trends. USA and Germany are the technology leaders and occupy first-mover advantage at present, while China, the U.K., and South Korea are the powerful chasers in the future.","1558-0040","","10.1109/TEM.2022.3166794","National Natural Science Foundation of China(grant numbers:72174017,71673018); Social Science Program of Beijing Municipal Education Commission(grant numbers:SM202110005012); ","https://ieeexplore.ieee.org/stamp/stamp.jsp?arnumber=9766199","Bibliometric analysis;competitive situation;digital twin;evolutionary trends;patent analysis","Patents;Market research;Hidden Markov models;Analytical models;Digital twin;Bibliometrics;Industries","","32","","51","IEEE","2 May 2022","2024","","IEEE","IEEE Journals"
"Cloud-Based Digital Twinning for Structural Health Monitoring Using Deep Learning","H. V. Dang; M. Tatipamula; H. X. Nguyen","Faculty of Building and Industrial Construction, Hanoi University of Civil Engineering, Hanoi, Vietnam; Ericsson Silicon Valley, Santa Clara, CA, USA; London Digital Twin Research Centre, Faculty of Science and Technology, Middlesex University, London, U.K.",IEEE Transactions on Industrial Informatics,"21 Feb 2022","2022","18","6","3820","3830","Digital twin (DT) technology has recently gathered pace in the engineering communities as it allows for the convergence of the real structure and its digital counterpart throughout their entire life-cycle. With the rapid development of supporting technologies, including machine learning (ML), 5G/6G, cloud computing, and Internet of Things, DT has been moving progressively from concept to practice. In this article, a DT framework based on cloud computing and deep learning (DL) for structural health monitoring is proposed to efficiently perform real-time monitoring and proactive maintenance. The framework consists of structural components, device measurements, and digital models formed by combining different submodels, including mathematical, finite element, and ML ones. The data interaction among physical structure, digital model, and human interventions are enhanced by using cloud computing infrastructure and a user-friendly web application. The feasibility of the proposed framework is demonstrated via case studies of damage detection of model bridge and real bridge structures using DL algorithms, with high accuracy of 92%.","1941-0050","","10.1109/TII.2021.3115119","Institutional Links(grant numbers:429715093); Newton Programme Vietnam partnership; UK-India Education and Research Initiative(grant numbers:DST UKIERI-2018-19-011); U.K. Department of Business, Energy and Industrial Strategy; ","https://ieeexplore.ieee.org/stamp/stamp.jsp?arnumber=9547763","Cloud computing;deep learning (DL);digital twin (DT);Internet of Things (IoT);structural health monitoring (SHM)","Data models;Monitoring;Computational modeling;Cloud computing;Mathematical models;Solid modeling;Digital twin","","233","","32","IEEE","24 Sep 2021","June 2022","","IEEE","IEEE Journals"
"Integrated LSTM and CNN Model - Cardiovascular Disease Prediction using Digital Twin","A. Kalaivani; V. Asha; J. Sathya; R. Nadagoud; Rajeshwari; P. KS","Department of MCA, New Horizon College of Engineering, Karnataka, India; Department of MCA, New Horizon College of Engineering, Karnataka, India; Department of MCA, New Horizon College of Engineering, Karnataka, India; Department of MCA, New Horizon College of Engineering, Karnataka, India; Department of MCA, New Horizon College of Engineering, Karnataka, India; Department of MCA, New Horizon College of Engineering, Karnataka, India",2025 3rd International Conference on Self Sustainable Artificial Intelligence Systems (ICSSAS),"21 Jul 2025","2025","","","1153","1157","The problem of the heart disease is one of the common causes of mortality all over the world. This has been noted that the main reason for the death is the lack of measures for early diagnosis and prevention of heart disease. The need for innovative methods and approaches has become a very serious breathing element. In this paper we are introducing a C-LSTM which is a novel type of a fusion model that includes key parts of a Digital Twin, Convolutional Neural Network (CNN) and Long Short-Term Memory (LSTM) that assists in predicting the likelihood of a person having heart disease. Digital Twin framework uses available physical metrics of the patient, includes his past medical records, and then real time information is transmitted from wearable devices. The hybrid model utilizes a 3-dimensional CNN to classify the spatial features and the image data. After this, it is sent to the LSTM in order to collect temporal characteristics. The static variables such as sex and past medical records are also integrated through the fully connected layers. The model was trained and vouched at an accuracy of 94.9%. The findings demonstrate that the CNN efficiently extracted intricate spatial patterns from the input medical images, while the LSTM was able to accurately analyze time-series data for reliable forecasting. Combined, these approaches offered a more impactful solution than individual models, enhancing precision and the potential of early detection of heart disease. The combination of predictive simulation and real-time data analysis are a good and innovative opportunity for early detection and prevention of severe heart diseases.","","979-8-3315-3884-2","10.1109/ICSSAS66150.2025.11081297","","https://ieeexplore.ieee.org/stamp/stamp.jsp?arnumber=11081297","CNN;Digital Twin;LSTM","Heart;Predictive models;Feature extraction;Real-time systems;Digital twins;Convolutional neural networks;Wearable devices;Long short term memory;Medical diagnostic imaging;Diseases","","2","","17","IEEE","21 Jul 2025","11-13 June 2025","11-13 June 2025","IEEE","IEEE Conferences"
"An Intelligent and Privacy-Preserving Digital Twin Model for Aging-in-Place","Y. Wang; J. C. Leung; M. Chen; Z. Zeng; B. T. Hsiang Tan; Y. Qiu; Z. Shen","Joint NTU-WeBank Research Centre on Fintech, Nanyang Technological University; Joint NTU-WeBank Research Centre on Fintech, Nanyang Technological University; College of Computing & Data Science, Nanyang Technological University; Joint NTU-UBC Research Centre of Excellence in Active Living for the Elderly, Nanyang Technological University; Joint NTU-WeBank Research Centre on Fintech, Nanyang Technological University; Joint NTU-WeBank Research Centre on Fintech, Nanyang Technological University; Joint NTU-WeBank Research Centre on Fintech, Nanyang Technological University",2025 IEEE Region 10 Symposium (TENSYMP),"4 Sep 2025","2025","","","1","8","The population of older adults is steadily increasing, with a strong preference for aging-in-place rather than moving to care facilities. Consequently, supporting this growing demographic has become a significant global challenge. However, facilitating successful aging-in-place is challenging, requiring consideration of multiple factors such as data privacy, health status monitoring, and living environments to improve health outcomes. In this paper, we propose an unobtrusive sensor system designed for installation in older adults' homes. Using data from the sensors, our system constructs a digital twin, a virtual representation of events and activities that occurred in the home. The system uses neural network models and decision rules to capture residents' activities and living environments. This digital twin enables continuous health monitoring by providing actionable insights into residents' well-being. Our system is designed to be low-cost and privacy-preserving, with the aim of providing green and safe monitoring for the health of older adults. We have successfully deployed our system in two homes over a time period of two months, and our findings demonstrate the feasibility and effectiveness of digital twin technology in supporting independent living for older adults. This study high-lights that our system could revolutionize elder care by enabling personalized interventions, such as lifestyle adjustments, medical treatments, or modifications to the residential environment, to enhance health outcomes.","2642-6102","979-8-3315-3765-4","10.1109/TENSYMP63728.2025.11144990","","https://ieeexplore.ieee.org/stamp/stamp.jsp?arnumber=11144990","Digital twin;Aging-in-place;Healthcare;Activity recognition","Data privacy;Neural networks;Green products;Medical treatment;Activity recognition;Digital twins;Older adults;Monitoring","","6","","25","IEEE","4 Sep 2025","7-9 July 2025","7-9 July 2025","IEEE","IEEE Conferences"
"DTQFL: A Digital Twin-Assisted Quantum Federated Learning Algorithm for Intelligent Diagnosis in 5G Mobile Network","Z. Qu; Y. Li; B. Liu; D. Gupta; P. Tiwari","Engineering Research Center of Digital Forensics, Ministry of Education, Jiangsu Collaborative Innovation Center of Atmospheric Environment, the Equipment Technology and the School of Computer Science, Nanjing University of Information Science and Technology, Nanjing, China; School of Computer Science, Nanjing University of Information Science and Technology, Nanjing, China; Hubei University of Science and Technology, Xianning, China; Department of Computer Science & Engineering, Maharaja Agrasen Institute of Technology, Delhi, India; School of Information Technology, Halmstad University, Halmstad, Sweden",IEEE Journal of Biomedical and Health Informatics,"12 Jan 2026","2026","30","1","17","26","Smart healthcare aims to revolutionize medical services by integrating artificial intelligence (AI). The limitations of classical machine learning include privacy concerns that prevent direct data sharing among medical institutions, untimely updates, and long training times. To address these issues, this study proposes a digital twin-assisted quantum federated learning algorithm (DTQFL). By leveraging the 5G mobile network, digital twins (DT) of patients can be created instantly using data from various Internet of Medical Things (IoMT) devices and simultaneously reduce communication time in federated learning (FL) at the same time. DTQFL generates DT for patients with specific diseases, allowing for synchronous training and updating of the variational quantum neural network (VQNN) without disrupting the VQNN in the real world. This study utilized DTQFL to train its own personalized VQNN for each hospital, considering privacy security and training speed. Simultaneously, the personalized VQNN of each hospital was obtained through further local iterations of the final global parameters. The results indicate that DTQFL can train a good VQNN without collecting local data while achieving accuracy comparable to that of data-centralized algorithms. In addition, after personalized training, the VQNN can achieve higher accuracy than that without personalized training.","2168-2208","","10.1109/JBHI.2023.3303401","National Natural Science Foundation of China(grant numbers:61373131,62071240); PAPD and CICAEET funds; ","https://ieeexplore.ieee.org/stamp/stamp.jsp?arnumber=10210652","Smart healthcare;federated learning;quantum neural network;digital twin;mobile network","Training;Quantum cascade lasers;Medical services;Hospitals;Federated learning;Servers;Privacy","Humans;Algorithms;Neural Networks, Computer;Machine Learning;Telemedicine;Diagnosis, Computer-Assisted;Federated Learning","39","","31","IEEE","8 Aug 2023","Jan. 2026","","IEEE","IEEE Journals"
"Digital-Twin-Enabled IoMT System for Surgical Simulation Using rAC-GAN","Y. Tai; L. Zhang; Q. Li; C. Zhu; V. Chang; J. J. P. C. Rodrigues; M. Guizani","Kunming University of Science and Technology, Kunming, China; Yunnan Key Laboratory of Opto-Electronic Information Technology, Yunnan Normal University, Kunming, China; Yunnan Key Laboratory of Opto-Electronic Information Technology, Yunnan Normal University, Kunming, China; Institute of Future Networks, Southern University of Science and Technology, Shenzhen, China; Aston Business School, Aston University, Birmingham, U.K.; College of Computer Science and Technology, China University of Petroleum (East China), Qingdao, China; Machine Learning Department, Mohamed Bin Zayed University of Artificial Intelligence, Abu Dhabi, UAE",IEEE Internet of Things Journal,"21 Oct 2022","2022","9","21","20918","20931","A digital-twin (DT)-enabled Internet of Medical Things (IoMT) system for telemedical simulation is developed, systematically integrated with mixed reality (MR), 5G cloud computing, and a generative adversarial network (GAN) to achieve remote lung cancer implementation. Patient-specific data from 90 lung cancer with pulmonary embolism (PE)-positive patients, with 1372 lung cancer control groups, were gathered from Qujing and Dehong, and then transmitted and preprocessed using 5G. A novel robust auxiliary classifier GAN (rAC-GAN)-based intelligent network is employed to facilitate lung cancer with the PE prediction model. To improve the accuracy and immersion during remote surgical implementation, a real-time operating room perspective from the perception layer with a surgical navigation image is projected to the surgeon’s helmet in the application layer using the DT-based MR guide clue with 5G. The accuracies of the area under the curve (AUC) of our new intelligent IoMT system were 0.92 and 0.93. Furthermore, the pathogenic features learned from our rAC-GAN model are highly consistent with the statistical epidemiological results. The proposed intelligent IoMT system generates significant performance improvement to process substantial clinical data at cloud centers and shows a novel framework for remote medical data transfer and deep learning analytics for DT-based surgical implementation.","2327-4662","","10.1109/JIOT.2022.3176300","Key-Area Research and Development Program of Guangdong Province(grant numbers:2020B0101130006); Major Key Project of PCL(grant numbers:PCL2021A15); National Key Research and Development Program of China(grant numbers:2020YFB2104301); National Natural Science Foundation of China(grant numbers:62062069,62062070,62005235); FCT/MCTES through national funds and when applicable co-funded EU funds(grant numbers:UIDB/50008/2020); Brazilian National Council for Scientific and Technological Development—CNPq(grant numbers:313036/2020-9); ","https://ieeexplore.ieee.org/stamp/stamp.jsp?arnumber=9778207","Digital twin (DT);Internet of Medical Things (IoMT);mixed reality (MR);remote surgery;robust auxiliary classifier generative adversarial network (rAC-GAN) model","Lung cancer;Digital twins;Biomedical imaging;Medical diagnostic imaging;Surgery;Mixed reality;Medical services","","68","","57","IEEE","19 May 2022","1 Nov.1, 2022","","IEEE","IEEE Journals"
"Early-Stage Detection and Diagnosis of Dental Caries in Oral Health Using Machine Learning","S. D. T; P. P. S","Department of Artificial Intelligence and Machine Learning, Coimbatore Institute of Technology, Coimbatore, India; Department of Electronics & Instrumentation Engineering, National Institute of Technology Silchar, Assam, India",2024 IEEE Technology & Engineering Management Conference - Asia Pacific (TEMSCON-ASPAC),"13 Jun 2025","2024","","","1","6","Dental caries detection is a critical aspect of oral health monitoring, with significant implications for preventive dentistry and patient care. In this paper, we present a novel approach to dental caries early detection utilizing digital imaging and machine learning techniques. The proposed method leverages enabling accurate early detection of dental caries and proactive treatment and monitoring of oral health. Through the integration of convolutional neural networks (CNNs) and data augmentation techniques, our model achieves robust performance in identifying carious lesions from dental images. Additionally, we explore the use of ensemble learning methods, such as the Random Forest algorithm, to enhance the accuracy of caries detection. Exper-imental results demonstrate the effectiveness of our approach in accurately diagnosing dental caries, with a test accuracy of 87.5% for the CNN model and 93.75% for the Random Forest model. Furthermore, we present a comprehensive analysis of model performance through confusion matrices, classification reports, and receiver operating characteristic (ROC) curves. Our findings underscore the potential of digital twin-based approaches in revolutionizing dental diagnostics and facilitating personalized treatment strategies tailored to individual patients.","","979-8-3315-1588-1","10.1109/TEMSCON-ASPAC62480.2024.11024973","","https://ieeexplore.ieee.org/stamp/stamp.jsp?arnumber=11024973","Dental caries detection;Convolutional neural networks;Random Forest;Machine learning;Oral health moni-toring","Accuracy;Engineering management;Digital images;Receivers;Dentistry;Convolutional neural networks;Lesions;Ensemble learning;Random forests;Monitoring","","","","15","IEEE","13 Jun 2025","25-27 Sept. 2024","25-27 Sept. 2024","IEEE","IEEE Conferences"
"A Digital Twin-Inspired Closed-Loop Latent Simulation Framework for Cross-Cohort Breast Cancer Subtype Classification under Modality-Disjoint Learning","N. Hezil; A. Bouridane; R. Hamoudi; S. Al-Maadeed; S. Kunhoth; F. Abdullakutty; Y. Akbari","College of Computing and Informatics, University of Sharjah, Sharjah, UAE; College of Computing and Informatics, University of Sharjah, Sharjah, UAE; College of Medicine, University of Sharjah, Sharjah, UAE; College of Engineering, Qatar University, Doha, Qatar; College of Engineering, Qatar University, Doha, Qatar; College of Engineering, Qatar University, Doha, Qatar; College of Engineering, Qatar University, Doha, Qatar",IEEE Journal of Biomedical and Health Informatics,"","2026","PP","99","1","14","Breast cancer PAM50 subtype classification is hindered by the single-pass prediction paradigm of existing deep learning systems, which provide no mechanism for iterative representation refinement or uncertainty trajectory analysis. We present the Cross-Cohort Modality-Disjoint Latent Simulation (CDLS) framework: a closed-loop latent trajectory classification system that integrates histopathology (WSI), transcriptomics (RNA-seq), mammography sequences, and clinical covariates from three non-overlapping cohorts under a modality-disjoint regime in which no patient possesses all modalities simultaneously and learning proceeds via shared latent alignment rather than per-patient fusion. A PPO-governed stochastic policy refines the latent state $z\!\in \!\mathbb {R}^{7}$ across $T\!=\!5$ optimisation steps through a Twin-GRU transition model; a defining feature is the closed-loop latent feedback step applied after each transition, which aligns simulated states with real patient embeddings via kNN retrieval: $z_{t+1}\!=\!\mathcal {T}(z_{t},a_{t})+\lambda \tfrac{1}{k}\sum _{i\in \mathcal {N}(z_{t})}(z_{i}-z_{t})$. Multi-seed evaluation ($n\!=\!4$, training stability only) yields Balanced Accuracy $0.870\!\pm \!0.044$ and MCC $0.904\!\pm \!0.046$; five-fold cross-validated results confirm stability (Accuracy $0.871\!\pm \!0.029$, MCC $0.897\!\pm \!0.038$, $df\!=\!19$). An extended 8-seed analysis yields $0.872\!\pm \!0.029$, consistent with the 4-seed result; all comparative conclusions remain variance-aware ($\sigma \!\approx \!0.034$). PPO is selected for its trajectory geometry properties (broader latent coverage, higher path diversity) rather than marginal accuracy gains, which fall within multi-seed variance. The $d_{twin}\!=\!7$ bottleneck is empirically guided by intrinsic dimensionality estimates ($\hat{d}_{id}\!=\!6.3\!\pm \!0.4$); it is not claimed as a theoretically optimal value. The closed-loop latent framework terminology is used in a computational, representation-space sense only.","2168-2208","","10.1109/JBHI.2026.3696086","","https://ieeexplore.ieee.org/stamp/stamp.jsp?arnumber=11534057","Breast cancer;closed-loop latent feedback;cross-cohort learning;latent simulation;modality-disjoint multimodal learning;PAM50 subtype classification;policy-guided optimisation;proximal policy optimisation;representation refinement;whole-slide imaging","Breast cancer;Modeling;Accuracy;Seeds (agriculture);Training;Optimization;Poles and zeros;Trajectory;RNA;Learning (artificial intelligence)","","","","","CCBY","22 May 2026","","","IEEE","IEEE Early Access Articles"
"SemBAT: Physical Layer Black-box Adversarial Attacks for Deep Learning-based Semantic Communication Systems","Z. Li; J. Zhou; G. Nan; Z. Li; Q. Cui; X. Tao",Beijing University of Posts and Telecommunications; Beijing University of Posts and Telecommunications; Beijing University of Posts and Telecommunications; Beijing University of Posts and Telecommunications; Beijing University of Posts and Telecommunications; Beijing University of Posts and Telecommunications,2022 IEEE 96th Vehicular Technology Conference (VTC2022-Fall),"18 Jan 2023","2022","","","1","5","Deep learning-based semantic communications (DLSC) replace the physical blocks in traditional communication systems as end-to-end neural networks. DLSC significantly boost communication efficiency by only transmitting the meaning of data, showing great potentials for applications like automatic driving, digital twin and smart health. However, DLSC are fragile to black-box adversarial attacks due to the openness of wireless channel and sensitivities of neural models. To this end, this paper proposes SemBAT, a novel approach for crafting physical layer black-box adversarial attacks for semantic communication systems. The key ingredients of our method include the training of surrogate encoder and generation of adversarial perturbations. Specifically, we train our surrogate encoder by directly estimating the gradients based on Jacobian-matrixs, and then generate the adversarial perturbations by the particle swarm optimizations. Extensive experiments on a public benchmark show the effectiveness of our proposed SemBAT. We observe that our SemBAT with black-box adversaries can sharply decrease the classification accuracy of the semantic communication system from 78.4% to 11.6%. Meanwhile, such attacks are also imperceptible in terms of image quality metrics measured by the Structural similarity index measure (SSIM) and Peak Signal to Noise Ratio(PSNR).","2577-2465","978-1-6654-5468-1","10.1109/VTC2022-Fall57202.2022.10012766","","https://ieeexplore.ieee.org/stamp/stamp.jsp?arnumber=10012766","Semantic communications;Black-box attacks;Particle swarm optimizations","Image quality;Wireless communication;Wireless sensor networks;Communication systems;Perturbation methods;Semantics;Closed box","","9","","14","IEEE","18 Jan 2023","26-29 Sept. 2022","26-29 Sept. 2022","IEEE","IEEE Conferences"
"TwinSegNet: A Digital Twin-Enabled Federated Learning Framework for Brain Tumor Analysis","A. A. Wakili; A. Hussaini; A. A. Musa; W. Jung; W. Yu","Department of Computer Science and Information Sciences, Towson University, USA; Department of Computer Science and Information Sciences, Towson University, USA; Department of Computer Science and Information Sciences, Towson University, USA; Department of Computer Science and Information Sciences, Towson University, USA; Department of Computer Science and Information Sciences, Towson University, USA",2025 IEEE Virtual Conference on Communications (VCC),"26 Jan 2026","2025","","","1","6","Brain tumor segmentation is critical in diagnosis and treatment planning for the disease. Yet, current deep learning methods rely on centralized data collection, which raises privacy concerns and limits generalization across diverse institutions. In this paper, we propose TwinSegNet, which is a privacy-preserving federated learning framework that integrates a hybrid ViTUNet model with personalized digital twins for accurate and real-time brain tumor segmentation. Our architecture combines convolutional encoders with Vision Transformer bottlenecks to capture local and global context. Each institution fine-tunes the global model of private data to form its digital twin. Evaluated on nine heterogeneous MRI datasets, including BraTS 2019-2021 and custom tumor collections, TwinSegNet achieves high Dice scores (up to 0.90%) and sensitivity/specificity exceeding 90%, demonstrating robustness across non-independent and identically distributed (IID) client distributions. Comparative results against centralized models such as TumorVisNet highlight TwinSegNet’s effectiveness in preserving privacy without sacrificing performance. Our approach enables scalable, personalized segmentation for multi-institutional clinical settings while adhering to strict data confidentiality requirements.","","979-8-3315-8724-6","10.1109/VCC67261.2025.11351199","","https://ieeexplore.ieee.org/stamp/stamp.jsp?arnumber=11351199","Brain Tumor Segmentation;Digital Twin;Federated Learning in Networking Environments;Privacy-Preserving AI;Vision Transformer and ViT-UNet;Deep Learning","Deep learning;Data privacy;Computer vision;Federated learning;Brain tumors;Brain modeling;Transformers;Robustness;Real-time systems;Digital twins","","2","","20","IEEE","26 Jan 2026","4-6 Nov. 2025","4-6 Nov. 2025","IEEE","IEEE Conferences"
"Impact of Re-framing High-Dose Scans for the Training of Neural Networks for Denoising Low-Dose PET","E. A. Elmoujarkach; C. Pommranz; J. Cabello; F. P. Schmidt; M. Rafecas","Institute of Medical Engineering, Universität zu Lübeck, Lübeck, Schleswig-Holstein, Germany; Department of Preclinical Imaging and Radiopharmacy Werner Siemens Imaging Center, Eberhard Karls University Tuebingen, Tuebingen, Baden-Württemberg, Germany; Siemens Medical Solutions USA Inc, Knoxville, Tennessee, United States of America; Department of Preclinical Imaging and Radiopharmacy Werner Siemens Imaging Center, Eberhard Karls University Tuebingen, Tuebingen, Baden-Württemberg, Germany; Institute of Medical Engineering, Universität zu Lübeck, Lübeck, Schleswig-Holstein, Germany","2024 IEEE Nuclear Science Symposium (NSS), Medical Imaging Conference (MIC) and Room Temperature Semiconductor Detector Conference (RTSD)","25 Sep 2024","2024","","","1","2","In PET, patient radiation exposure is mainly determined by the administered amount of radiotracer and its metabolism. By lowering the activity, the radiation dose is minimized at the cost of increased statistical fluctuations in the data; the latter increases the image noise level. Many artificial intelligence (AI) approaches have been proposed for image denoising of low-dose PET scans. Supervised AI algorithms require the use of labeled datasets, with the high-dose PET image as the target and the low-dose image as the input. This approach assumes that the performance of the PET systems is the same in the two activity regimes. However, the contribution of random coincidences, pile-up and dead-time effects depend on event rates. This study focuses on comparing two approaches to generating the training pair and their impact on the performance of a 3D U-Net using Monte Carlo simulations. The package GATE, v.9.1, was used to simulate a standard BMI XCAT phantom and a Biograph Vision Quadra PET/CT. Digital twins of 5-min 18F-FDG-PET scans for an activity of 3 MBq/kg were obtained to simulate two low-dose scenarios: injected low-dose, and injected high-dose re-framed to low-dose. The results showed that both methods of generating low-dose datasets yield comparable results without degradation in image quality. However, differences were observed in the random fraction for the high-dose dataset, i.e., the texture of the data noise changed. This study shows that using high-dose data is suitable for training of AI-based denoising algorithms on image space; nevertheless, denoising algorithms working on the projection space might overestimate the noise level within the data. Future work will include other activity concentrations and scan durations, incorporating motion, and the use of other radioisotopes.","2577-0829","979-8-3503-8815-2","10.1109/NSS/MIC/RTSD57108.2024.10657465","Nature; ","https://ieeexplore.ieee.org/stamp/stamp.jsp?arnumber=10657465","","Training;Radioactive materials;Three-dimensional displays;Semiconductor detectors;Noise reduction;Phantoms;Artificial intelligence","","","","6","IEEE","25 Sep 2024","26 Oct.-2 Nov. 2024","26 Oct.-2 Nov. 2024","IEEE","IEEE Conferences"
"Biomechanics Digital Twin: Markerless Joint Acceleration Prediction Using Machine Learning and Computer Vision","M. O. C. Leal; D. M. Díaz; C. O. Romo; A. J. A. Herrera; J. E. M. Herrera; A. E. M. Ramírez; L. O. S. Cruz; C. F. C. Gómez; S. X. C. Ruiz; E. A. G. Flores; K. L. R. Hernández; E. A. D. Jiménez; R. A. R. Mendoza; G. P. Espinosa; J. d. J. L. Santos; M. A. R. Moreno","Mechatronics Department, School of Engineering and Sciences, Instituto Tecnológico de Monterrey, Monterrey, Mexico; Mechatronics Department, School of Engineering and Sciences, Instituto Tecnológico de Monterrey, Monterrey, Mexico; Mechatronics Department, School of Engineering and Sciences, Instituto Tecnológico de Monterrey, Monterrey, Mexico; Mechatronics Department, School of Engineering and Sciences, Instituto Tecnológico de Monterrey, Monterrey, Mexico; Mechatronics Department, School of Engineering and Sciences, Instituto Tecnológico de Monterrey, Monterrey, Mexico; Mechatronics Department, School of Engineering and Sciences, Instituto Tecnológico de Monterrey, Monterrey, Mexico; Mechatronics Department, School of Engineering and Sciences, Instituto Tecnológico de Monterrey, Monterrey, Mexico; Mechatronics Department, School of Engineering and Sciences, Instituto Tecnológico de Monterrey, Monterrey, Mexico; Mechatronics Department, School of Engineering and Sciences, Instituto Tecnológico de Monterrey, Monterrey, Mexico; Mechatronics Department, School of Engineering and Sciences, Instituto Tecnológico de Monterrey, Monterrey, Mexico; Mechatronics Department, School of Engineering and Sciences, Instituto Tecnológico de Monterrey, Monterrey, Mexico; Mechatronics Department, School of Engineering and Sciences, Instituto Tecnológico de Monterrey, Monterrey, Mexico; Mechatronics Department, School of Engineering and Sciences, Instituto Tecnológico de Monterrey, Monterrey, Mexico; Mechatronics Department, School of Engineering and Sciences, Instituto Tecnológico de Monterrey, Monterrey, Mexico; Mechatronics Department, School of Engineering and Sciences, Instituto Tecnológico de Monterrey, Monterrey, Mexico; Mechatronics Department, School of Engineering and Sciences, Instituto Tecnológico de Monterrey, Monterrey, Mexico",2023 Future of Educational Innovation-Workshop Series Data in Action,"21 Apr 2023","2023","","","1","8","For athletes, coaches, or rehabilitation patients, the systems currently used to perform biomechanical studies and the dependence on technical experts for interpreting analyses and results can limit organizational, logistical, and economic resources. In this project, a Recurrent Neural Network model was created to predict human joint accelerations through the automatic digitalization of human body movement using video and acceleration sensors. The project aimed to prevent injuries and fractures in athletes and the elderly population because there is a lack of tools that predicts the risk of these traumas as a preventive method. Acceleration data was collected using Matlab mobile installed in cell phones attached to the arms and legs of volunteers doing physical tasks (walking, running, jumping). Experiments were video recorded, and machine learning models were trained using acceleration and video using Python libraries. After model evaluation, we observed that the selected model could predict the best on the XY axes and the worst on the Z axis, probably due to predicting a three-dimensional feature with a two-dimensional input. A biomechanical Digital Twin was created by combining the information from wearable devices, computer vision, and machine learning algorithms. This tool was able to estimate human joint accelerations (up to an extent) during movements with more refinement; it can help to evaluate movement performance within exercises or tasks and aid in injury/fracture risk prediction.","","978-1-6654-9416-8","10.1109/IEEECONF56852.2023.10104757","","https://ieeexplore.ieee.org/stamp/stamp.jsp?arnumber=10104757","biometrics;machine learning;biomechanics;educational innovation;higher education","Legged locomotion;Biomechanics;Solid modeling;Biological system modeling;Machine learning;Predictive models;Mathematical models","","4","","19","IEEE","21 Apr 2023","16-18 Jan. 2023","16-18 Jan. 2023","IEEE","IEEE Conferences"
"From Passive Mirrors to Active Agents: Holonic Digital Twins for Physical Artificial Intelligence Over Networks","C. K. Thomas; O. Hashash; W. Saad","Department of Electrical and Computer Engineering, Worcester Polytechnic Institute, Worcester, MA, USA; Virginia Tech, Alexandria, VA, USA; Department of Electrical and Computer Engineering, Virginia Tech, Alexandria, VA, USA",IEEE Vehicular Technology Magazine,"9 Jul 2026","2026","21","2","18","36","Artificial intelligence (AI) has revolutionized multiple sectors, ranging from health care to entertainment. Remarkably, despite this progress, today’s AI tools, including deep learning and generative AI (e.g., large language models), still fail when embedded into physical systems, such as robots or vehicles, that operate under the physical laws of the real world. This limitation stems from the inability of physical AI systems to maintain reliable world models for long-horizon planning under uncertainty and to generalize to unseen scenarios. In this context, wireless networks, through their pervasive sensing and communication infrastructure, can act as orchestrators of physical intelligence. However, current wireless architectures optimize for throughput, latency, and reliability and cannot support real-time physical AI coordination where agents must maintain a shared spatiotemporal context. To overcome such challenges, in this article, a network of holonic digital twins (HDT-Nets) is proposed to deliver the real-time physical AI inference requirements through holonic agents that actively reason about their environment, rather than passively mirror physical assets. Each HDT is realized as a hierarchical structure spanning the physical agent and the network edge, reasoning autonomously at the local level while cooperating with neighboring HDTs to form larger collectively intelligent units at the network level. In HDT-Nets, causal Markov blankets (MBs) spanning sensing, communication, and control domains determine which agents must coordinate and enable counterfactual reasoning over multidomain interventions. Active inference, operating within these boundaries, unifies perception, action, and learning by minimizing expected free energy, simultaneously deciding which beliefs to transmit based on their cognitive value to the receiver. Category theory guarantees that these transmitted beliefs preserve semantic structure when crossing between heterogeneous agents with incompatible representations. Finally, integrated information theory (IIT) provides a quantifiable metric to capture when collective intelligence exceeds independent operation and how network intelligence evolves through coordinated learning and information exchange.","1556-6080","","10.1109/MVT.2026.3697907","National Science Foundation(grant numbers:CNS-2210254); ","https://ieeexplore.ieee.org/stamp/stamp.jsp?arnumber=11559124","","Artificial intelligence;Cognitive systems;Robots;Collective intelligence;Learning (artificial intelligence);Digital twins;Software tools;Autonomous agents","","1","","35","IEEE","11 Jun 2026","June 2026","","IEEE","IEEE Magazines"
"Postoperative Prediction of Picosecond Laser Using Conditional Generative Adversarial Neural Networks","P. -W. Chiu; C. -J. Lin; Y. -H. Chien; C. -T. Lu; Y. -Y. Tsai","Department of Communications Engineering, Feng Chia University, Taichung City, Taiwan; Ph.D. Program of Electrical and Communications Engineering, Feng Chia University, Taichung City, Taiwan; Ph.D. Program of Electrical and Communications Engineering, Feng Chia University, Taichung City, Taiwan; Department of Communications Engineering, Feng Chia University, Taichung City, Taiwan; Department of Communications Engineering, Feng Chia University, Taichung City, Taiwan","2025 IEEE International Conference on Computation, Big-Data and Engineering (ICCBE)","28 Nov 2025","2025","","","816","820","Sun spots, freckles, and liver spots on the face significantly impact people's appearance and confidence. Recently, picosecond laser technology has become an important aesthetic tool due to its ability to effectively break up various spots, proving its applicability in medical aesthetics. With the development of medical aesthetic technology, the picosecond laser has become a popular cosmetic treatment due to its excellent performance in removing pigmentation and improving skin texture. However, the price of picosecond laser surgery is high, making it difficult to afford this treatment. In this study, we developed a picosecond laser digital twin system that automatically recognizes the patient's spot type and generates postoperative predictive images using a generative adversarial network to predict the postoperative results, making picosecond laser technology more popular and developing aesthetic medicine affordably and intelligently.","","979-8-3315-3244-4","10.1109/ICCBE65177.2025.11256111","National Science and Technology Council; ","https://ieeexplore.ieee.org/stamp/stamp.jsp?arnumber=11256111","picosecond laser;generative adversarial networks;postoperative prediction;deep learning","Training;Visualization;Laser surgery;Neural networks;Predictive models;Laser modes;Generative adversarial networks;Skin;Pigmentation;Biomedical imaging","","","","10","IEEE","28 Nov 2025","27-29 June 2025","27-29 June 2025","IEEE","IEEE Conferences"
"Federated Digital Twin Architecture with Synthetic Data Generation for Privacy-Preserving Diabetes Management","L. Fortino; S. De Vita; M. Esposito; C. Esposito","Scuola di Specializzazione in Farmacia Ospedaliera, Università Degli Studi di Salerno, Italy; I.T.Svil Srl, Salerno, Italy; I.T.Svil Srl, Salerno, Italy; Dipartimento di Informatica, Università Degli Studi di Salerno, Italy",2025 IEEE Conference on Standards for Communications and Networking (CSCN),"14 Nov 2025","2025","","","1","6","Diabetes mellitus management via AI and other ICT solutions suffers from data scarcity and privacy constraints. This paper proposes a unified approach that addresses both challenges by integrating AI-driven synthetic data generation with a Digital Twin (DT) framework, built on a privacy-preserving federated learning and decentralised data storage architecture. We present an end-to-end system where each patient’s health data is securely stored in a personal data pod under their control, and a global predictive model is trained collaboratively across pods without centralizing raw data. To overcome limited real-world data, we incorporate synthetic data generation techniques (e.g. generative neural networks) to augment training datasets and simulate diverse clinical scenarios in a GDPR-compliant manner. We detail the system design, including the synthetic data pipeline, federated model training process, and DT-driven prevention strategies. Experimental considerations demonstrate that our approach can achieve predictive performance comparable to centralized models while strictly preserving privacy.","2644-3252","979-8-3315-5495-8","10.1109/CSCN67557.2025.11230756","Health; ","https://ieeexplore.ieee.org/stamp/stamp.jsp?arnumber=11230756","Diabetes Mellitus;Patient-Centric Architecture;Solid Data Pods;Federated Learning;Digital Twin;Privacy-Preserving Analytics;Decentralized Healthcare;Personalized Risk Prediction;Data Ownership;Synthetic Patient Dataset","Training;Federated learning;Computational modeling;Computer architecture;Predictive models;Digital twins;Diabetes;System analysis and design;Standards;Synthetic data","","2","","39","IEEE","14 Nov 2025","15-17 Sept. 2025","15-17 Sept. 2025","IEEE","IEEE Conferences"
"Digital Twin Framework for Interpretable Aero-Engine RUL Prediction via Multibranch LSTM and Unity Visualization","A. Wan; Z. Zhu; K. Al-Bukhaiti; R. Yin; J. Yuan; X. Cheng; X. Ji","Hangzhou City University, Hangzhou, China; Hangzhou City University, Hangzhou, China; Hangzhou City University, Hangzhou, China; Zhengzhou Digital Industry Institute, Zhengzhou, China; 87 Hangzhou City University, Hangzhou, China; Hangzhou City University, Hangzhou, China; Hangzhou City University, Hangzhou, China",IEEE Transactions on Reliability,"13 May 2026","2026","75","","1709","1719","Aero-engines, as pivotal components in aviation, demand robust prognostics and health management (PHM) to mitigate degradation risks and optimize maintenance amid complex operational stresses. Conventional scheduled strategies often yield inefficiencies, prompting the integration of digital twins (DTs) for enhanced predictive capabilities. This study introduces a comprehensive DT-based aero-engine health management framework, stratified into physical, data, model, and application layers, augmented by a Unity-driven three-dimensional (3-D) visualization module for immersive virtual-real interactions. The physical layer captures real-time sensor data from turbofan components, feeding into the data layer for preprocessing, fusion, and lifecycle storage. The model layer employs a novel physically decoupled multibranch long short-term memory (LSTM) network with attention fusion, segmenting sensor features (e.g., temperature, pressure) into specialized branches to discern degradation channels while dynamically weighting salient contributions. Outputs manifest in the application layer via interactive dashboards for RUL fore-casting, anomaly alerts, and maintenance simulations. Validated on the new commercial modular aero-propulsion system simulation DS01 dataset, the model attains an R2 of 0.9376 and roots-means-square error of 5.76 cycles, outperforming single-branch LSTM (R2 = 0.7306) and Transformer (R2 = 0.7810) baselines by leveraging physical priors for superior trend capture and interpretability. Unity integration enables real-time 3-D mapping of predictions, fostering user-centric diagnostics. This framework advances PHM by harmonizing deep learning with DTs, boosting accuracy, usability, and decision-making in civil aviation. Limitations in multicondition scenarios underscore avenues for future uncertainty modeling and lightweight adaptations.","1558-1721","","10.1109/TR.2026.3686412","National Natural Science Foundation of China(grant numbers:52372420); Baima Lake Laboratory Joint Fund of the Zhejiang Provincial Natural Science Foundation of China(grant numbers:LBMHZ25F030002); Off-shore Wind Power Joint Fund of Guangdong Basic and Applied Basic Research Foundation(grant numbers:2024A1515240073); Scientific Research Foundation of Hangzhou City University(grant numbers:X-202404); Zhejiang Province Key research project(grant numbers:2025C02242,2024C01039); Ningbo's Key Technology Breakthrough Program of KeChuang Yongjiang(grant numbers:2024Z177); ","https://ieeexplore.ieee.org/stamp/stamp.jsp?arnumber=11491907","Aero-engine prognostics;attention fusion mechanism;digital twin framework;multibranch long short-term memory (LSTM);remaining useful life prediction;unity-based visualization","Aircraft propulsion;Aerospace and electronic systems;Aerospace electronics;Payloads;Aerospace engineering;Feeds;Antennas;Oscillators;Circuits;Central Processing Unit","","1","","39","IEEE","22 Apr 2026","2026","","IEEE","IEEE Journals"
"Consumer-Centric Explainable Multimodal Digital Twin Modeling for Personalized Alzheimer's Detection in Healthcare 5.0","H. Asmat; I. Ud Din; A. Almogren; T. Ali Syed; J. J. P. C. Rodrigues","Department of Information Technology, The University of Haripur, Haripur, Pakistan; Department of Information Technology, The University of Haripur, Haripur, Pakistan; Department of Computer Science, College of Computer and Information Sciences, Chair of Cyber Security, King Saud University, Riyadh, Saudi Arabia; Faculty of Computer and Information Systems, Islamic University of Madinah, Madinah, Saudi Arabia; Federal University of PiauÍ (UFPI), Teresina, Piauí, Brazil",IEEE Transactions on Consumer Electronics,"28 Aug 2026","2026","72","3","6558","6565","Alzheimer disease (AD), as one of the progressive neurodegenerative diseases, is recognized as one of the major causes of dementia throughout the world, and the existing methods of diagnosis and treatment prove to be highly limited. To overcome these obstacles, the proposed AD-TwinML framework integrates MRI and PET imaging with machine learning methods, which provides an effective solution to the diagnosis and management of Alzheimer. The proposed framework employes Vision transformer (ViTs), Digital twin (DT), and Time-series Transformers (TST) which will help in modeling disease progression to predict and diagnose Alzheimer’s. The experimental findings show that the framework has better accuracy (94.5%), sensitivity (91.5%), and AUC (0.946) than MM-CNN and MRI-VGG16. Moreover, AD-TwinML has lower execution time (14 seconds) and error values (6.1%), which is appropriate to use in real time clinical scenarios. The framework is consistent with the objectives of Healthcare 5.0 because it facilitates consumer-focused, individualized monitoring and proactive intervention plans.","1558-4127","","10.1109/TCE.2026.3659536","Deanship of Scientific Research, King Saud University through Vice Deanship of Scientific Research Chairs: Chair of Cyber Security; Brazilian National Council for Scientific and Technological Development-CNPq(grant numbers:306607/2023-9); Artificial Intelligence Research Center (AIRC), Ajman University, Ajman, United Arab Emirates; ","https://ieeexplore.ieee.org/stamp/stamp.jsp?arnumber=11369434","Alzheimer;MRI;PET;tomography;machine learning;digital twin;detection;prediction;vision transformer;time series transformer temporal modeling","Transformers;Diseases;Mathematical models;Alzheimer's disease;Magnetic resonance imaging;Feature extraction;Medical services;Imaging;Consumer electronics;Digital twins","","","","30","IEEE","30 Jan 2026","Aug. 2026","","IEEE","IEEE Journals"
"Digital Twin for Parameter Monitoring of Modular Multilevel Converters in HVDC Transmission of Offshore Wind Energy","R. D. Raj; A. Swain; P. W. T. Pong","Electrical and Computer Engineering, New Jersey Institute of Technology, Newark, USA; Electrical and Computer Engineering, New Jersey Institute of Technology, Newark, USA; Electrical and Computer Engineering, New Jersey Institute of Technology, Newark, USA",2025 New Jersey Future Energy Transmission Conference (NJFET),"16 Feb 2026","2025","","","1","9","Modular multilevel converters (MMCs) are critical to modern power grids, necessitating robust prognostic health management strategies. This paper proposes a novel, data-driven digital twin framework using a temporally decoupled tri-model architecture that employs three feed-forward neural networks for real-time MMC health monitoring and fault diagnostics. This framework is made of a performance digital twin model that emulates converter dynamics and provides a healthy baseline for anomaly detection. The second digital twin is a diagnostic classification model that identifies healthy, DC-side short circuit, AC-side open circuit, and AC-side short circuit fault conditions. The third is a prognosis model that estimates arm inductance degradation using a novel approach of utilizing short-time Fourier transform-based feature extraction from arm voltage and arm current signals. The architecture was validated under extensive test data, including steady-state, AC/DC side faults, and inductor degradation down to 50% of nominal value. The performance model achieved a root square error (RMSE) of 0.0075, the classification model reached accuracy above 0.9 for key faults, and the prognosis model attained an average RMSE of 0.085 in inductance prediction. The proposed DT framework offers an accurate, and computationally efficient approach to MMC prognostics, providing essential inputs for estimation of remaining useful life estimation and enabling condition-based maintenance.","","979-8-3315-7417-8","10.1109/NJFET67489.2025.11380473","National Science Foundation; ","https://ieeexplore.ieee.org/stamp/stamp.jsp?arnumber=11380473","artificial neural network;digital twin;fault detection;modular multilevel converter;parameter monitoring;prognostic health management","Multilevel converters;Inductance;Accuracy;Computer architecture;Predictive models;Real-time systems;Digital twins;Circuit faults;Integrated circuit modeling;Monitoring","","","","44","IEEE","16 Feb 2026","10-10 Dec. 2025","10-10 Dec. 2025","IEEE","IEEE Conferences"
"Edge-assisted Digital Twin-integrated Architecture for Crop Recommendation in Smart Agriculture","A. Kaur; Sahil; Chenab; S. Kumar","National Institute of Technology, Delhi; National Institute of Technology, Delhi; University of Washington, Seattle, USA; Indian Institute of Information Technology, Una",IEEE Journal of Selected Topics in Signal Processing,"","2026","PP","99","1","12","Proper agricultural practices, and appropriate edaphological and environmental conditions ensure a substantial agri-productions. However, the uncertainty and variability in these factors, often leads to inefficient and low productivity. To address this issue, data-driven intelligence-assisted informed decision making can be considered a prominent tool that would enhance the performance and sustainability in agriculture domain. This work proposes a Predictive Digital Twin that utilizes Edge-Cloud-assisted collaborative intelligence built upon soil and weather data for providing on-time and contextual analytics related to Soil Health Alerts, Soil Type Identification, Weather Forecasting and Crop Recommendations, enabling concerned stakeholders for enhanced agriculture outputs. The work utilizes a layered architecture for Digital Twin that employs Edge-assisted Kernel K-Means Clustering for Nutrient-based Edaphological Variability Analysis and XGBoost for Soil Type Identification, and Cloud-assisted Temporal Fusion Transformers (TFT) for Weather Forecasting and TabNet for Crop Recommendations. The work also proposes an adaptive information-aware transmission strategy for the energy conservation of sensor nodes, required in the agriculture field settings. The experimental evaluation clearly depicts the effectiveness of the proposed Digital Twin approach for Crop Recommendation and Energy Conservation of sensor node.","1941-0484","","10.1109/JSTSP.2026.3707501","","https://ieeexplore.ieee.org/stamp/stamp.jsp?arnumber=11579513","Smart Agriculture;Edge Computing;Crop Recommendation;Soil Health;Weather Forecasting;Energy Efficiency;Kernel K-Means Clustering;XGBoost;Temporal Fusion Transformers (TFT);TabNet","Internet of Things;Modeling;Crops;Soil;Image sensors;Timing;Agriculture;Weathering;Nutrients;Windows","","","","","IEEE","26 Jun 2026","","","IEEE","IEEE Early Access Articles"
"Digital Twin–Enabled Predictive Maintenance for Power Distribution Networks","L. Bhagyalakshmi; A. Elangovan; V. A; S. Aandi; D. Srivalli; S. K. Suman","Dept. of ECE, Rajalakshmi Engineering College, Chennai, TN, India; Dept. of English, Vel Tech Rangarajan Dr. Sagunthala R&D Institute of Science and Technology, Chennai, TN, India; Dept. of Computer Science with Cyber Security, Dr.N.G.P. Arts and Science College, Coimbatore, TN, India; Dept. of ECE, Chennai Institute of Technology, Chennai, TN, India; Dept. of CSE-DS, MLR Institute of Technology, Dundigal, Hyderabad, Telangana, India; Dept. of CSE – CS, Sri Shanmugha College of Engineering and Technology, Sankari, Salem, TN, India",2026 IEEE International Conference on Interdisciplinary Approaches in Technology and Management for Social Innovation (IATMSI),"7 Apr 2026","2026","4th","","1","6","Power distribution networks face increasing reliability challenges due to asset aging, growing penetration of distributed energy resources, and operational complexity. Existing predictive maintenance approaches generally have a single-modality data set, lack topology knowledge and provide limited physical consistency and uncertainty quantification, constraining early and reliable decision-making. This study aims to create and evaluate a digital twin-enabled, physicsinformed learning methodology to predictive maintenance of power distribution networks with high accuracy and uncertain predictions. A physics-guided graph digital twin (PHY-GDT) is used to conduct an experimental study which combines heterogeneous multimodal data, such as electrical telemetry, asset health indicators, environmental variables and topology via graph-transformer learning and differentiable power-flow constraints. The framework is trained and tested on publicly available datasets with standardized temporal splits, and evaluated against baseline (RF–LSTM) and hybrid (PI-GNN) models. PHY-GDT has a better performance in F1-score of 90.6% and PR-AUC of 88.7% compared to 72.4% / 68.2% with RF- LSTM. It allows much earlier detection of failures, the median lead time decreases to 48 h (vs 6h baseline), the RUL RMSE decreases to 9.1 days, and delivers well-calibrated uncertainty (PICP=0.89). Operationally, it yields $3.9 \times-4.2 \times$ higher expected avoided outage costs. The findings indicate that a combination of multimodal data, topology and physics in a digital twin can significantly improve the predictive maintenance accuracy and reliability to facilitate risk-conscious and proactive utility operation.","","979-8-3315-4970-1","10.1109/IATMSI68868.2026.11465189","","https://ieeexplore.ieee.org/stamp/stamp.jsp?arnumber=11465189","Digital Twin;Predictive Maintenance;Power Distribution Networks;Physics-Guided Learning;Graph Neural Networks;Multimodal Data","Telemetry;Aerospace and electronic systems;Feeds;Internet of Things;Network topology;Radio frequency;Communication systems;Protocols;Information and communication technology;Communications technology","","","","20","IEEE","7 Apr 2026","12-14 March 2026","12-14 March 2026","IEEE","IEEE Conferences"
"Data-Model Combined Driven Digital Twin of Life-Cycle Rolling Bearing","Y. Qin; X. Wu; J. Luo","State Key Laboratory of Mechanical Transmission, College of Mechanical and Vehicle Engineering, Chongqing University, Chongqing, China; State Key Laboratory of Mechanical Transmission, College of Mechanical and Vehicle Engineering, Chongqing University, Chongqing, China; State Key Laboratory of Mechanical Transmission, College of Mechanical and Vehicle Engineering, Chongqing University, Chongqing, China",IEEE Transactions on Industrial Informatics,"7 Dec 2021","2022","18","3","1530","1540","The digital twin of a life-cycle rolling bearing is significant for its degradation performance analysis and health management. This article proposes a digital twin model of life-cycle rolling bearing driven by the data-model combination. With the measured signals and the bearing fault dynamic model, the time-varying defect size is estimated, and the evolution law of bearing defect during the life cycle is revealed by a back propagation neural network. Then, the excitations of evolutionary defects are introduced into the bearing dynamic model, so as to form a life-cycle bearing dynamic model in the virtual space. Finally, the simulation data in the virtual space is mapped into the corresponding data in the physical space via an improved CycleGAN neural network with the smooth cycle consistency loss. By comparing the obtained digital twin result with the measured signal in the time-domain and frequency-domain, the effectiveness of the proposed model is verified.","1941-0050","","10.1109/TII.2021.3089340","National Natural Science Foundation of China(grant numbers:62033001,51675065); ","https://ieeexplore.ieee.org/stamp/stamp.jsp?arnumber=9456032","Digital twin;dynamic model;life-cycle;mapping model;rolling bearing","Digital twin;Rolling bearings;Data models;Vibrations;Analytical models;Informatics;Dynamics","","199","","42","IEEE","15 Jun 2021","March 2022","","IEEE","IEEE Journals"
"Optimal RUL Estimation: A State-of-Art Digital Twin Application","M. D. Anis; S. Taghipour; C. -G. Lee",University of Toronto; Ryerson University; University of Toronto,2020 Annual Reliability and Maintainability Symposium (RAMS),"31 Jul 2020","2020","","","1","7","A real world Industrial IoT set up has paved way for simultaneous monitoring of several sensors at their unique sampling rates. This has realized the need for artificial intelligence tools for robust data processing. However, the large size of input data requires real time monitoring and synchronization for online analysis. As the star concept behind the Industry 4.0 wave, a digital twin is a virtual, multi-scale and probabilistic simulation to mirror the performance of its physical counterpart and serve the product lifecycle in a virtual space. Evidently, a digital twin can proactively identify potential issues with its corresponding real twin. Thus, it is best suited for enabling a physics-based and data-driven model fusion to estimate the remaining useful life (RUL) of the components. Traditional RUL prediction approaches have assumed either an exponential or linear degradation trend with a fixed curve shape to build a Health Index (HI) model. Such an assumption may not be useful for multi-sensor systems or cases where sensor data is available intermittently. A common constraint in the industry is irregular sensor data collection. The resulting asynchronous time series of the sporadic data needs to be an accurate representation of the component's HI when constructing a degradation model. In this paper, we extend the Long-Short Term Memory (LSTM) Recurrent Neural Network (RNN) technique to generate RUL prediction within a digital twin framework as a means of synchronization with changing operational states. More specifically, we first use LSTM encoder-decoder (LSTM-ED) to train a multilayered neural network and reconstruct the sensor data time series corresponding to a healthy state. The resulting reconstruction error can be used to capture patterns in input data time series and estimate HI of training and testing sets. Using a time lag to record similarity between the HI curves, a weighted average of the final RUL estimation is obtained. The described empirical approach is evaluated on publicly available engine degradation dataset with run-to-failure information. Results indicate a high RUL estimation accuracy with greater error reduction rate. This demonstrates wide applicability of the discussed methodology to various industries where event data is scarce for the application of only data-driven techniques.","2577-0993","978-1-7281-3690-5","10.1109/RAMS48030.2020.9153669","","https://ieeexplore.ieee.org/stamp/stamp.jsp?arnumber=9153669","Prognostics;RUL Estimation;Deep Learning;Long-short Term Memory;IIoT;Autoencoder","Time series analysis;Computer architecture;Microprocessors;Sensors;Mathematical model;Degradation;Logic gates","","13","","11","IEEE","31 Jul 2020","27-30 Jan. 2020","27-30 Jan. 2020","IEEE","IEEE Conferences"
"Explainable data-driven digital twins for predicting battery states in electric vehicles","T. R. Prasad; K. Prakash; P. S. V. Kumar; T. S. Priya; V. J. Gowrav; S. B. L. Reddy; P. Jain","Department of CSE (AIML), NRI Institute of Technology, Agiripalli, Eluru, Andhra Pradesh-521212, India; Department of Electronics and Communication, NRI Institute of Technology, Agiripalli, Eluru, Andhra Pradesh-521212, India; Department of CSE (AIML), NRI Institute of Technology, Agiripalli, Eluru, Andhra Pradesh-521212, India; Department of CSE (AIML), NRI Institute of Technology, Agiripalli, Eluru, Andhra Pradesh-521212, India; Department of CSE (AIML), NRI Institute of Technology, Agiripalli, Eluru, Andhra Pradesh-521212, India; Department of CSE (AIML), NRI Institute of Technology, Agiripalli, Eluru, Andhra Pradesh-521212, India; Department of Mechatronics Engineering, Parul Institute of Technology, Parul University, Vadodara, Gujarat, India",Parul University International Conference on Engineering and Technology 2025 (PiCET 2025),"9 Jul 2025","2025","2025","","1498","1504","Battery state prediction is crucial for automobile industry transition to electric vehicles (EVs) in order to opt imize performance, safety, and longevity. In this paper an Explainable data-driven digital twins are used to anticipate EV battery conditions in a novel way. Advanced machine learning algorithms have been integrated including Radial Basis Function (RBF) networks, Random Forests (RF), Feed-forward Neural Networks (FNN), Conventional Neural Networks (CNN), Long Short-Term Memory (LSTM), Radial Neural Networks (DNN), Support Vector Regression (SVR), Support Vector Machines (SVM), and Extreme Gradient Boosting (XGBoost). The main goal of developing battery management systems for electric mobility is to improve battery state predictability and provide accurate predictions of the battery health and charge levels under various circumstances.","","978-1-83724-334-1","10.1049/icp.2025.1659","","https://ieeexplore.ieee.org/stamp/stamp.jsp?arnumber=11074642","","","","","","","","9 Jul 2025","2-3 May 2025","2-3 May 2025","IET","IET Conferences"
"PROTOTWIN-PET: A Deep Learning and GPU-Based Workflow for Dose Verification in Proton Therapy With PET","P. Cabrales; V. V. Onecha; D. Izquierdo-García; L. M. Fraile; J. M. Udías; J. L. Herraiz","Group of Nuclear Physics (Grupo de Fisica Nuclear) and IPARCOS, Complutense University of Madrid, Madrid, Spain; Department of Radiation Oncology, Massachusetts General Hospital (affiliated with Harvard Medical School), Boston, MA, USA; Department of Radiology, Massachusetts General Hospital (affiliated with Harvard Medical School), Boston, MA, USA; Group of Nuclear Physics (Grupo de Fisica Nuclear) and IPARCOS, Complutense University of Madrid, Madrid, Spain; Group of Nuclear Physics (Grupo de Fisica Nuclear) and IPARCOS, Complutense University of Madrid, Madrid, Spain; Group of Nuclear Physics (Grupo de Fisica Nuclear) and IPARCOS, Complutense University of Madrid, Madrid, Spain",IEEE Transactions on Radiation and Plasma Medical Sciences,"10 Jul 2025","2025","9","6","821","831","In proton therapy (PT), accurate dose delivery verification is critical for detecting treatment plan deviations. This can be achieved by imaging activated positron emitters with a positron emission tomography (PET) acquisition and converting the data into a delivered dose image. This work presents PROTOTWIN-PET (PROTOn therapy digital TWIN models for dose verification with PET), a patient-specific, deep learning (DL) and GPU-based workflow for 3-D dose verification. The proposed workflow generates a dataset of simulated, realistic 3-D PET and dose pairs that reflect possible clinical deviations in patient positioning and physical parameters. Using this dataset, a DL model is trained to estimate the delivered dose from the PET image, incorporating a deviation-predicting branch (DPB) to estimate patient positioning deviations. PROTOTWIN-PET is demonstrated on a two-field oropharyngeal cancer treatment plan, estimating the delivered dose in milliseconds with an average mean relative error of 0.6% and near-perfect gamma passing rates (3 mm, 3%). Positioning deviations are estimated on average within a tenth of a millimeter and degree. PROTOTWIN-PET can be implemented within the one-day interval between the plan CT acquisition and the first treatment session, potentially enabling timely treatment plan adjustments and maximizing the precision of PT. PROTOTWIN-PET is available at github.com/pcabrales/prototwin-pet.git.","2469-7303","","10.1109/TRPMS.2025.3531536","Spanish MCIN/AEI/10.13039/501100011033 and the European Union NextGenerationEU/PRTR(grant numbers:TED2021-130592B-I00 PROTOTWIN,PID2021-126998OB-I00,PDC2022-133057- I00); Comunidad de Madrid, Spain(grant numbers:ASAP-CM P2022/BMD-7434); Grupo de Fisica Nuclear at Universidad Complutense de Madrid(grant numbers:910059); Complutense University Predoctoral Fellowship (CT15-23); Complutense University of Madrid and Santander Bank; ","https://ieeexplore.ieee.org/stamp/stamp.jsp?arnumber=10847605","deep learning (DL);digital twins;dose verification;GPU;positron emission tomography (PET);proton therapy (PT)","Positrons;Isotopes;Three-dimensional displays;Biomedical imaging;Protons;Tumors;Proton therapy;Positron emission tomography;Monte Carlo methods;Deep learning;Digital twins;Graphics processing units","","5","","70","CCBYNCND","20 Jan 2025","July 2025","","IEEE","IEEE Journals"
"Artificial Intelligence-Driven Smart Approaches for Structural Health Monitoring in Critical Infrastructure","M. Nadeem; W. Haider; M. K. Shaikh; A. H. Pitafi; S. Khan; H. Ahmed","Department of Computer Science and Information Technology, Sir Syed University of Engineering and Technology, Karachi, Pakistan; Department of Computer Science and Information Technology, Sir Syed University of Engineering and Technology, Karachi, Pakistan; Department of Computer Science and Information Technology, Sir Syed University of Engineering and Technology, Karachi, Pakistan; Department of Computer Science and Information Technology, Sir Syed University of Engineering and Technology, Karachi, Pakistan; School of Informatics and CyberySecurity, Technological University Dublin, Dublin, Ireland; Department of Computer Science and Information Technology, Sir Syed University of Engineering and Technology, Karachi, Pakistan",2026 Global Conference on Wireless and Optical Technologies (GCWOT),"6 May 2026","2026","","","1","6","The growing need for resilient and sustainable infrastructure has increased the pace of evolution of intelligent Structural Health Monitoring (SHM) systems. This paper proposes an AI-based SHM model for real-time monitoring and predictive maintenance of critical infrastructure. The suggested system will combine wireless sensor networks, deep learning models, and digital twin technology to identify structural anomalies and predict deterioration. Multimodal data were collected using a hybrid sensing architecture (accelerometers, strain gauges, acoustic emission, and fiber-optic temperature sensors) under different environmental conditions. Adaptive filtering and principal component analysis (PCA) were used as preprocessing methods to improve signal quality and isolate damage-sensitive features. A number of machine learning and deep learning systems, including SVM, Random Forest, CNN, and LSTM, were tested for damage classification. The LSTM outperformed others with 97.5% accuracy and ROC-AUC of 0.99 by effectively learning temporal patterns in vibration data. The system was also found to have strong predictive value, with the ability to estimate remaining useful life (RUL), yielding R $2=0.94$, and provided a 9-day early warning. The integration of digital twins enabled real-time visualisation of conditions. The framework was tested under various environmental conditions and proved sound and applicable to the field. Unlike many prior studies that focus on isolated AI models or lab-only validation, this work integrates digital twins with robust LSTM-based forecasting and validates performance under real-world environmental variability.","","979-8-3195-1965-8","10.1109/GCWOT69191.2026.11499463","","https://ieeexplore.ieee.org/stamp/stamp.jsp?arnumber=11499463","Structural Health Monitoring;Artificial Intelligence;LSTM;Digital Twin;Predictive Maintenance","Sensor systems;Aerospace and electronic systems;Feeds;Filters;Bragg gratings;Filtering;Central Processing Unit;MIMICs;Millimeter wave integrated circuits;Monolithic integrated circuits","","1","","23","IEEE","6 May 2026","11-13 Feb. 2026","11-13 Feb. 2026","IEEE","IEEE Conferences"
"Research on Intelligent Sensing and Monitoring of Railway Facilities and Equipment Based on Digital Twins","H. Feng","Guoneng Shuohuang Railway Development Co., LTD, Beijing, China","2025 International Conference on Artificial Intelligence, Electrical and Electronic Engineering (AI3E)","24 Apr 2026","2025","","","495","501","Railway facilities and equipment are exposed to complex and ever-changing natural and operational environments for extended periods. They are subjected to the coupling effects of multiple physical fields such as extreme temperature variations, high-frequency dynamic loads, and electromagnetic interference. Traditional monitoring methods, limited by single-parameter threshold criteria, struggle to capture the potential correlations and degradation trends of equipment status, resulting in limited diagnostic accuracy. Therefore, this paper proposes an intelligent sensing and monitoring method for railway facilities and equipment based on digital twins. By deploying a multi-source heterogeneous sensor network, real-time equipment operating parameters are collected; a high-fidelity digital twin model is constructed to achieve dynamic bidirectional mapping between physical entities and virtual spaces; based on this, a historical fault database and a deep convolutional neural network are integrated to extract key features from complex multidimensional data, enabling multidimensional and accurate diagnosis of equipment status and health level determination. Experimental results show that the proposed method can accurately capture equipment temperature fluctuations $\left(\pm 5^{\circ} \mathrm{C}\right)$ without triggering the warning threshold $\left(65^{\circ} \mathrm{C}\right)$, highly consistent with bridge maintenance records; the confusion matrix accuracy reaches 1, and the AUC value is 0.99, significantly outperforming existing methods, demonstrating excellent status recognition capabilities and engineering applicability.","","979-8-3315-7968-5","10.1109/AI3E69313.2025.00102","","https://ieeexplore.ieee.org/stamp/stamp.jsp?arnumber=11486406","Digital twin;Railway facilities and equipment;Sensing and monitoring;Equipment monitoring;Intelligent sensing","Sensor systems;Aerospace and electronic systems;Feeds;Contacts;Circuits and systems;Internet of Things;Communication systems;Data communication;Internet;Protocols","","","","11","IEEE","24 Apr 2026","30-31 Dec. 2025","30-31 Dec. 2025","IEEE","IEEE Conferences"
"CNN-FL for Biotechnology Industry Empowered by Internet-of-BioNano Things and Digital Twins","M. B. Jamshidi; D. T. Hoang; D. N. Nguyen","University of Technology Sydney, Australia; University of Technology Sydney, Australia; University of Technology Sydney, Australia",IEEE Internet of Things Magazine,"23 Aug 2024","2024","7","5","54","63","Digital twins (DTs) are revolutionizing the biotechnology industry by enabling sophisticated digital representations of biological assets, microorganisms, drug development processes, and digital health applications. However, digital twinning at micro and nano scales, particularly in modeling complex entities like bacteria, presents significant challenges in terms of requiring advanced Internet of Things (IoT) infrastructure and computing approaches to achieve enhanced accuracy and scalability. In this work, we propose a novel framework that integrates the Internet of Bio-Nano Things (IoBNT) with advanced machine learning techniques, specifically convolutional neural networks (CNN) and federated learning (FL), to effectively tackle the identified challenges. Within our framework, IoBNT devices are deployed to gather image-based biological data across various physical environments, leveraging the strong capabilities of CNNs for robust machine vision and pattern recognition. Subsequently, FL is utilized to aggregate insights from these disparate data sources, creating a refined global model that continually enhances accuracy and predictive reliability, which is crucial for the effective deployment of DTs in biotechnology. The primary contribution is the development of a novel framework that synergistically combines CNN and FL, augmented by the capabilities of the IoBNT. This novel approach is specifically tailored to enhancing DTs in the biotechnology industry. The results showcase enhancements in the reliability and safety of microorganism DTs, while preserving their accuracy. Furthermore, the proposed framework excels in energy efficiency and security, offering a user-friendly and adaptable solution. This broadens its applicability across diverse sectors, including biotechnology and pharmaceutical industries, as well as clinical and hospital settings.","2576-3199","","10.1109/IOTM.001.2400081","","https://ieeexplore.ieee.org/stamp/stamp.jsp?arnumber=10643983","","Industries;Biotechnology;Accuracy;Digital twins;Safety;Convolutional neural networks;Internet of Things;Reliability;Security;Nanobioscience","","9","","15","IEEE","23 Aug 2024","September 2024","","IEEE","IEEE Magazines"
"Digital Twin Assisted Degradation Assessment of Bearing Cage Performance","C. Fan; P. Wang; Y. Zhang; H. Ma; X. Li; Q. Wang","School of Mechanical Engineering and Automation, Northeastern University, Shenyang, China; School of Mechanical Engineering and Automation, Northeastern University, Shenyang, China; School of Mechanical Engineering and Automation, Northeastern University, Shenyang, China; School of Mechanical Engineering and Automation, Northeastern University, Shenyang, China; School of Mechanical Engineering, Xi'an Jiaotong University, Xi'an, China; School of Mechano-Electronic Engineering, Xidian University, Xi'an, China",IEEE Transactions on Industrial Informatics,"16 Jun 2025","2025","21","7","5171","5181","The construction of a digital twin model for the full life cycle of rolling bearings is of great significance for analyzing their degradation performance and health management. However, existing researches primarily concentrate on the degradation of the outer ring of bearings. The cage, as an important component of bearings, lacks extensive research. Therefore, this article proposes a digital twin assisted assessment method for the degradation of bearing cages. First, a dynamic model including bearing cage fracture is established to generate simulation degradation signals. Second, the simulation signal is modified based on the squeeze and excitation cycle generative adversarial network (SECycleGAN) to minimize the characteristic distribution differences between the simulation and real signals. Finally, the corrected high-fidelity signal is used to train the proposed selective kernel transformer (SKformer) model to assess the degradation stage of the bearing cage. This model can simultaneously capture the long-range temporal correlation features and local mutation multiscale features of the input signals, thus improving the model's recognition ability and generalization performance. The effectiveness of the proposed method is demonstrated through signals collected on real and open-source bearing cage degradation test rigs. The results indicate that the proposed method can produce high-fidelity bearing cage degradation signals and achieve better classification accuracy with limited data.","1941-0050","","10.1109/TII.2025.3552655","National Science and Technology Major Project under(grant numbers:J2019-IV-0018-0086); Postdoctoral Fellowship Program of CPSF of China(grant numbers:GZB20230119); National Natural Science Foundation of China(grant numbers:62403113); Natural Science Foundation of Liaoning Province of China(grant numbers:2023-BSBA-122); ","https://ieeexplore.ieee.org/stamp/stamp.jsp?arnumber=10959316","Bearing cage failure;cycleGAN;digital twin (DT);full life cycle;transformer","Degradation;Finite element analysis;Shafts;Mathematical models;Fatigue;Digital twins;Vectors;Transformers;Rolling bearings;Fault diagnosis","","36","","39","IEEE","9 Apr 2025","July 2025","","IEEE","IEEE Journals"
"GEN-AI Multimodel Prediction and Prescriptive Care for Knee Osteoarthritis Progression","M. Santhiya; N. C H; N. K S","Computer Science and Engineering, Rajalakshmi Engineering College, Chennai, India; Computer Science and Engineering, Rajalakshmi Engineering College, Chennai, India; Computer Science and Engineering, Rajalakshmi Engineering College, Chennai, India","2025 International Conference on Intelligent Computing, Information and Control Systems (ICOIICS)","24 Feb 2026","2025","","","1150","1155","Knee Osteoarthritis (KOA) is one of the leading sources of musculoskeletal disorders that results in a chronic pain experience for the elderly population, makes them lose their mobility and leads to a lower quality of life. Despite the high prevalence of KOA, clinical practice remains reactive and primarily focuses on symptom control. To close this gap, the project achieves an early detection generative AI-based multimodal prediction and a prescriptive care framework for personalized management of KOA progression. The introduced framework is a fusion of radiographic imaging (X-rays), Electronic Health Records (EHRs), laboratory data, and patient-reported outcomes to provide structural, clinical, and behavioural facets of the disease evolution. The paper leverages deep learning techniques from sophisticated architectures such as convolutional neural networks (CNNs) and transformer-based temporal models to capture spatial and sequential patterns for the heterogeneous data. The major novelty is the development of digital twin models serving as patient-specific, dynamic simulations for visualizing disease trajectories and testing the counterfactual “what-if” interventions. The system is equipped with explainable AI modules that deliver simplified information on risk sources and recommended lifestyle or clinical strategies. The fusion of multimodal, generative modelling, and prescriptive intelligence aims to make a radical change in the treatment of KOA by eliminating reactive symptom treatment and thus introducing proactive, preventive, and personalized care leading to the improvement of the patient's outcome and reducing socio-economic burden of osteoarthritis in the long term.","","979-8-3315-9897-6","10.1109/ICOIICS67115.2025.11390360","","https://ieeexplore.ieee.org/stamp/stamp.jsp?arnumber=11390360","Generative AI;Multimodal Deep Learning;Knee Osteoarthritis;Digital Twin;Disease Progression Prediction;Personalized Healthcare;Explainable AI;Predictive Analytics","Deep learning;Explainable AI;X-rays;Transformers;Digital twins;Trajectory;Osteoarthritis;Wearable sensors;Diseases;Testing","","","","15","IEEE","24 Feb 2026","19-21 Nov. 2025","19-21 Nov. 2025","IEEE","IEEE Conferences"
"Dual Digital Twin–Enabled Hybrid ML–DL Model for Intelligent Battery Maintenance in Electric Vehicles","P. Harini; K. K. Bayyarapu","Department of Computer Science and Engineering, St. Ann’s College of Engineering and Technology, Chirala, Andhra Pradesh; Department of Computer Science and Engineering, St. Ann’s College of Engineering and Technology, Chirala, Andhra Pradesh",2025 IEEE 1st International Conference on Recent Trends in Computing and Smart Mobility (RCSM),"11 May 2026","2025","","","1","7","In order to improve the prediction of key battery parameters, such as State of Health, Remaining Useful Life, and battery efficiency, this paper presents a Dual Digital Twin-Enhanced Hybrid ML-DL Model of battery management in electric vehicles. This model is a comprehensive machine learning and deep learning paradigm that combines Digital Twin technology with both algorithms. The hybrid model delivers real-time information to manage an EV fleet while accounting for both short-term temporal variation and long-term wear patterns. It has been demonstrated that the hybrid model produces significantly better results than the standard methods; the prediction of SoH data was enhanced by 27.77, RUL predictions were significantly more accurate than the real-life data, and the rate of error reduction each epoch was significantly quicker. Additionally, the hybrid model exhibits superior thermal management and maintains its efficiency across a range of temperatures. The proposed solution offers precise, scalable predictive maintenance solutions that aim to maximise battery health, reduce downtime, and enhance EV performance, all of which contribute to safer and more effective EVs and a more sustainable transportation environment.","","979-8-3315-9126-7","10.1109/RCSM67767.2025.11507213","","https://ieeexplore.ieee.org/stamp/stamp.jsp?arnumber=11507213","Dual Digital Twin;Hybrid ML-DL Model;Electric Vehicle Battery Management;State of Health (SoH);Remaining Useful Life (RUL)","Batteries;Modeling;Digital twins;Machine learning;Occupational health;Timing;Conferences;Printing;Real-time systems;Machining","","","","20","IEEE","11 May 2026","5-6 Dec. 2025","5-6 Dec. 2025","IEEE","IEEE Conferences"
"Whole-Body Image-to-Image Translation for a Virtual Scanner in a Healthcare Digital Twin","V. Guarrasi; F. Di Feola; R. Restivo; L. Tronchin; P. Soda","Department of Engineering, Unit of Artificial Intelligence and Computer Systems, Università Campus Bio-Medico di Roma, Rome, Italy; Department of Computing Science, Umeå University, Umeå, Sweden; Department of Engineering, Unit of Artificial Intelligence and Computer Systems, Università Campus Bio-Medico di Roma, Rome, Italy; Department of Engineering, Unit of Artificial Intelligence and Computer Systems, Università Campus Bio-Medico di Roma, Rome, Italy; Department of Diagnostics and Intervention, Biomedical Engineering and Radiation Physics, Umeå University, Umeå, Sweden",2025 IEEE 38th International Symposium on Computer-Based Medical Systems (CBMS),"4 Jul 2025","2025","","","528","534","Generating positron emission tomography (PET) images from computed tomography (CT) scans via deep learning offers a promising pathway to reduce radiation exposure and costs associated with PET imaging, improving patient care and accessibility to functional imaging. Whole-body image translation presents challenges due to anatomical heterogeneity, often limiting generalized models. We propose a framework that segments whole-body CT images into four regions, i.e., head, trunk, arms, and legs, and uses district-specific Generative Adversarial Networks (GANs) for tailored CT-to-PET translation. Synthetic PET images from each region are stitched together to reconstruct the whole-body scan. Comparisons with a baseline non-segmented GAN and experiments with Pix2Pix and CycleGAN architectures tested paired and unpaired scenarios. Quantitative evaluations at district, whole-body, and lesion levels demonstrated significant improvements with our district-specific GANs. Pix2Pix yielded superior metrics, ensuring precise, high-quality image synthesis. By addressing anatomical heterogeneity, this approach achieves state-of-the-art results in whole-body CT-to-PET translation. This methodology supports healthcare Digital Twins by enabling accurate virtual PET scans from CT data, creating virtual imaging representations to monitor, predict, and optimize health outcomes.","2372-9198","979-8-3315-2610-8","10.1109/CBMS65348.2025.00114","Swedish Research Council(grant numbers:2022-06725,2018-05973); ","https://ieeexplore.ieee.org/stamp/stamp.jsp?arnumber=11058718","GANs;Digital Twins;Virtual Scanning;CT;PET;Image Translation","Measurement;Legged locomotion;Image segmentation;Translation;Computed tomography;Medical services;Generative adversarial networks;Digital twins;Positron emission tomography;Biomedical imaging","","1","","27","IEEE","4 Jul 2025","18-20 June 2025","18-20 June 2025","IEEE","IEEE Conferences"
"Digital-Twin System based on Chatbot Framework with Self-Attention Mechanism for Early Mental Illness Detection","R. S. Chary Marrelli; M. M. Hasan; R. B. N; S. Yarram; B. S. Guttikonda","Information Technology Expert; Department of Computers Techniques Engineering, College Of Technical Engineering, Islamic University in Najaf, Najaf, Iraq; Department of Mechanical Engineering, Nitte Meenakshi Institute of Technology, Bangalore, India; Information Technology Expert; Independent Researcher",2025 3rd International Conference on Data Science and Information System (ICDSIS),"10 Jul 2025","2025","","","1","6","In recent years, digital twin systems have created significant advancements in the field of healthcare, which provides learning and reasoning for improved decision-making using real-time data. However, existing chatbot framework for personalized feedback on depression symptoms have addressed challenges such as context-awareness, ambiguity and uncertainty. To overcome these challenges, this research improved a Chatbot framework by integrating Self-Attention Mechanism (SAM), which captures contextual relationships and enhances overall conversational experience. Initially, Extended Distress Analysis Interview Corpus (E-DAIC) served as foundational dataset, which includes semi clinical interviews. The Chatbot framework is designed on Rasa open-source architecture which utilizes pre-trained Bidirectional Encoder Representations from Transformers (BERT) models. This BERT includes Natural Language Understanding (NLU) and core model in which, NLU model is responsible for capturing features including entities, intent, and contextual relationships. By integrating SAM into NLU model enhances representation learning through weighted feature importance, thereby enabling contextualized response generation by core model. From the results, the proposed Chatbot-SAM framework as dialogue system for detection of mental health problems achieved better results than existing Chatbot in terms of accuracy (0.74), precision (0.68), and recall (0.72).","","979-8-3315-4265-8","10.1109/ICDSIS65355.2025.11070974","","https://ieeexplore.ieee.org/stamp/stamp.jsp?arnumber=11070974","bi directional encoder representations from transformers;chatbot framework;digital twin systems;mental illness detection;self-attention mechanism","Uncertainty;Medical services;Mental health;Transformer cores;Chatbots;Transformers;Real-time systems;Digital twins;Interviews;Context modeling","","12","","15","IEEE","10 Jul 2025","16-17 May 2025","16-17 May 2025","IEEE","IEEE Conferences"
"AI-Driven Digital Twin Models for Wireless Endoscopic Gastrointestinal Monitoring","M. Khan; J. Ahmad; Y. Mahmood","College of Information Technology, United Arab Emirates University, Al Ain, UAE; College of Information Technology, United Arab Emirates University, Al Ain, UAE; College of Information Technology, United Arab Emirates University, Al Ain, UAE",2026 7th International Conference on Advancements in Computational Sciences (ICACS),"18 Mar 2026","2026","","","1","6","Digital twins integrate analytics and human expertise to create models that support informed healthcare decisions. In resource-limited areas, access to medical care is often limited by a lack of facilities, skilled professionals, and transportation. Wireless capsule endoscopy (WCE), being portable, reliable, and easy to use, has emerged as a superior alternative to traditional endoscopy, particularly for patients in remote areas. However, WCE generates large volumes of video data, requiring significant computation to analyze and extract relevant information. To address this challenge, we propose a video summarization scheme that identifies key frames while removing redundant content, preserving essential diagnostic information. Furthermore, we introduce a deep learning-based digital gastroenterologist twin for the automated classification of stomach-related pathological findings. The system reduces storage requirements without compromising critical information, enabling gastroenterologists to provide remote support. Experimental results demonstrate a performance improvement of at least 3% compared to state-of-the-art deep learning techniques, highlighting its potential for intelligent, scalable, and efficient gastroenterology care.","2616-3330","979-8-3315-6191-8","10.1109/ICACS69208.2026.11433148","","https://ieeexplore.ieee.org/stamp/stamp.jsp?arnumber=11433148","digital twin;deep learning;gastroenterologist;wireless sensor endoscopy","Wireless communication;Deep learning;Wireless sensor networks;Endoscopes;Transportation;Gastroenterology;Medical services;Digital twins;Reliability;Videos","","","","23","IEEE","18 Mar 2026","10-11 Feb. 2026","10-11 Feb. 2026","IEEE","IEEE Conferences"
"Digital Twin for Capacity Estimation of Lithium-Ion Batteries With Large Language Models","D. Qin; J. Yang","School of Reliability and Systems Engineering, Beihang University, Beijing, China; School of Reliability and Systems Engineering, Beihang University, Beijing, China",IEEE Transactions on Transportation Electrification,"26 Mar 2026","2026","12","2","3341","3355","Accurately online estimating the state of charge (SOC) of lithium-ion batteries is critical for the reliability, safe operation, and optimal performance of battery management systems (BMSs). However, cross-domain battery capacity estimation is facing challenges like: limited adaptability to diverse degradation patterns across operating conditions, imbalanced convergence during model training, and the inability to provide real-time feedback on battery health. To tackle these problems, this article introduces cosine similarity (CS) into the cross-domain prediction model UniTime, combining the strong generalization ability of large language models (LLM) with the online prediction advantages of digital twin (DT) technology. Specifically, we enhance cross-domain adaptability by introducing the CSUniTime model, which leverages domain instructions and a language transformer to achieve effective alignment between time-series data and textual modalities. To address convergence imbalance, we design a CS attention mechanism that efficiently extracts degradation features while maintaining lightweight complexity. Furthermore, a dynamic degradation simulator based on DT technology is developed to realize online estimation using only charging-phase data, thereby enabling real-time feedback of the battery’s health status. Extensive experiments on two public datasets show that DT-CSUniTime consistently outperforms state-of-the-art baselines, achieving the best mean squared error (mse) on 20 of 21 batteries and delivering superior accuracy and generalization.","2332-7782","","10.1109/TTE.2025.3645866","National Natural Science Foundation of China(grant numbers:72371008,72501015); China Postdoctoral Science Foundation(grant numbers:GZC20252705); ","https://ieeexplore.ieee.org/stamp/stamp.jsp?arnumber=11304138","Battery management system (BMS);digital twin (DT);large language models (LLMs);unsupervised online capacity estimation","Batteries;Integrated circuit modeling;Lithium-ion batteries;Adaptation models;Predictive models;Feature extraction;Estimation;Accuracy;Degradation;Time series analysis","","2","","46","IEEE","18 Dec 2025","April 2026","","IEEE","IEEE Journals"
"Digital-Twin-Assisted Healthcare Framework for Adult","A. Alqahtani; S. Alsubai; M. Bhatia","College of Computer Engineering and Sciences, Prince Sattam Bin Abdulaziz University, Al-Kharj, Saudi Arabia; College of Computer Engineering and Sciences, Prince Sattam Bin Abdulaziz University, Al-Kharj, Saudi Arabia; Department of Computer Applications, National Institute of Technology Kurukshetra, Amritsar, India",IEEE Internet of Things Journal,"9 Apr 2024","2024","11","8","14963","14970","Medical professionals have devised novel solutions to transform the healthcare industry. Modern technology of digital twins (DTs) can revolutionize medical treatment significantly. The DT technology incorporates digitizing physical entities by constantly monitoring their current status. Conspicuously, a state-of-the-art secure framework for monitoring adults’ physical activity is formulated using the culmination of the DT technology with Internet of Things (IoT)-edge computing, and blockchain technology. The presented framework is designed to discreetly secure the health data of the individual. To identify healthcare vulnerabilities in adults, the present study employs deep learning’s ability to analyze IoT data sequentially. Specifically, a deep learning-assisted multilayered convolutional neural networks (CNNs) and long short-term memory (LSTM) technique is proposed for real-time vulnerability assessment. Additionally, the proposed framework can protect personal healthcare data by using the blockchain technique. For performance validation, numerous simulations were performed over the challenging data set. Based on the results, the proposed methodology can outperform state-of-the-art techniques by registering enhanced values of Temporal Delay Efficacy (120.79 s), Prediction Efficacy (Accuracy (92.24%), Specificity (94.67%), Sensitivity (95.26%), and F-measure (95.69%)), Reliability (91.58%), and Stability (64%).","2327-4662","","10.1109/JIOT.2023.3345331","Deputyship for Research and Innovation, Ministry of Education, Saudi Arabia(grant numbers:IF2/PSAU/2022/01/22929); ","https://ieeexplore.ieee.org/stamp/stamp.jsp?arnumber=10368021","Adult healthcare;blockchain;digital twin (DT)","Medical services;Internet of Things;Real-time systems;Monitoring;Blockchains;Industries;Wearable sensors","","27","","15","IEEE","21 Dec 2023","15 April15, 2024","","IEEE","IEEE Journals"
"Digital Twin-Driven Framework for Dynamic Modeling and Signal Generation for Rolling Bearing Fault Diagnosis","Y. Zhang; J. Shi; C. Shen; Z. Zhu","School of Rail Transportation, Soochow University, Suzhou, China; School of Rail Transportation, Soochow University, Suzhou, China; School of Rail Transportation, Soochow University, Suzhou, China; School of Rail Transportation, Soochow University, Suzhou, China",2025 International Conference on Equipment Intelligent Operation and Maintenance (ICEIOM),"19 Nov 2025","2025","","","1171","1176","As a critical load-bearing component of railway vehicles, the performance of rolling bearings directly affects the operational safety and reliability of trains. To meet the requirements of health monitoring and fault diagnosis for rolling bearings, a digital twin-driven dynamic modeling and signal generation framework is proposed. This framework introduces a 4 degrees-of-freedom dynamic model of rolling bearings, combined with a joint parameter-noise optimization mechanism based on digital twin technology. In this mechanism, both model parameters and the signal-to-noise ratio of added noise are treated as optimization variables. A coherence function-based objective function guides the particle swarm optimization to update the parameters and SNR simultaneously. The purpose of the framework is to correct the dynamic model, reduce distribution differences, and generate twin signals under normal and faulty conditions to achieve realistic mapping of the twin signals. A convolutional neural network is then employed for multi-class fault identification. Experimental results demonstrate that the proposed framework effectively enhances signal fidelity and improves the accuracy and robustness of fault diagnosis. This study provides a reliable solution for building a virtual-real fusion diagnostic model within bearing digital twin systems and offers important support for fault prediction and maintenance decision-making of railway vehicles.","","979-8-3315-1234-7","10.1109/ICEIOM65271.2025.11239589","","https://ieeexplore.ieee.org/stamp/stamp.jsp?arnumber=11239589","digital twin;dynamic modeling;parameter update;coherence function;fault diagnosis","Fault diagnosis;Accuracy;Rolling bearings;Coherence;Reliability theory;Robustness;Digital twins;Vehicle dynamics;Optimization;Signal to noise ratio","","","","10","IEEE","19 Nov 2025","1-3 Aug. 2025","1-3 Aug. 2025","IEEE","IEEE Conferences"
"Twin-Adaptive Secure Blockchain Framework with Deep Learning for Context-Aware Medical Data Transmission in Software-Defined Wireless Body Area Networks","S. Subrahmanyam; R. A","Department of Electronics and Communication Engineering, Saveetha School of Engineering, Saveeetha Institute of Medical and Technical Sciences, Chennai, Tamilnadu, India; Department of Electronics and Communication Engineering, Saveetha School of Engineering, Saveeetha Institute of Medical and Technical Sciences, Chennai, Tamilnadu, India",2026 7th International Conference on Electronics and Sustainable Communication Systems (ICESC),"17 Sep 2026","2026","","","1310","1315","Continuous monitoring of patients through Software-Defined Wireless Body Area Networks (SD-WBANs) has become increasingly important in modern healthcare. However, existing systems often struggle with challenges related to data security, privacy, reliable communication, and efficient handling of sensitive medical information. To overcome these limitations, this paper proposes a Twin-Adaptive Secure Blockchain Framework with Deep Learning for context-aware medical data transmission. The proposed framework integrates Digital Twin technology to create a real-time virtual representation of patients and network conditions, enabling intelligent healthcare monitoring. A CNN-LSTM model is employed to prioritize medical data based on its clinical importance, while blockchain ensures secure, tamper-resistant data storage and communication. In addition, Software-Defined Networking (SDN) supports adaptive routing to improve transmission efficiency. Experimental evaluation demonstrates the effectiveness of the proposed framework, achieving 98.47% classification accuracy, 98.62% packet delivery ratio, 34 ms end-to-end delay, 1.02 J energy consumption, and 7.1 Mbps throughput, confirming its suitability for secure, reliable, and intelligent healthcare communication.","2996-5357","979-8-3315-6271-7","10.1109/ICESC70182.2026.11686995","","https://ieeexplore.ieee.org/stamp/stamp.jsp?arnumber=11686995","SD-WBANs;Digital Twin Technology;Blockchain;CNN-LSTM;Secure Healthcare Communication","Modeling;Medical services;Digital twins;Deep learning;Software defined networking;Security;Routing;Technology;Convolutional neural networks;Long short term memory","","","","16","IEEE","17 Sep 2026","26-28 Aug. 2026","26-28 Aug. 2026","IEEE","IEEE Conferences"
"Reinforcement Learning for Optimal Dialysis Scheduling and Resource Allocation in CKD","K. Mounika; L. Bhagyalakshmi; S. K. Suman; S. Balamurugan; K. Karthick; A. Begum","Department of CSE, Sreyas Institute of Engineering and Technology, Hyderabad, Telangana, India; Dept. of ECE, Rajalakshmi Engineering College, Chennai, TN, India; Dept. of CSE-CS, Sri Shanmugha College of Engineering and Technology, Salem, TN, India; Dept. of English, Vel Tech Rangarajan Dr. Sagunthala, R&D Institute of Science and Technology, Chennai, TN, India; Department of ECE, Chennai Institute of Technology, Chennai, Tamilnadu, India; Department of CSE-DS, MLR Institute of Technology, Hyderabad, Telangana",2026 IEEE International Conference on Interdisciplinary Approaches in Technology and Management for Social Innovation (IATMSI),"7 Apr 2026","2026","4th","","1","6","Chronic kidney disease (CKD) dialysis units faced chronic capacity stress, variable patient needs, and strict clinical-safety constraints that complicated appointment scheduling and resource allocation. This study developed a Masked-Latent Transformer World-Model (MLT-WM) reinforcement learning (RL) agent that jointly optimized dialysis appointment assignments and resource allocation while enforcing hard operational and clinical constraints. Two publicly available datasets were used: a Mendeley hemodialysis sessions archive (98,015 sessions / 758 patients) and the UCI Chronic Kidney Disease (UCI-CKD) dataset (400 records). The agent underwent offline RL pretraining on historical session logs and was evaluated via a calibrated digital-twin (DT) simulator, with comparisons to Proximal Policy Optimization (PPO, classical) and Return-Aligned Decision Transformer (RADT, hybrid). Primary metrics included average waiting time, throughput, machine and nurse utilization, constraint violation count, and a fairness gap across priority quartiles. Results showed substantial operational gains: utilization increased from 0.72 to $0.85(+18.1 \%)$, average waiting time fell from 65.0 to 28.0 minutes ($-56.9 \%$), throughput rose from 92.0 to 108.0 sessions/day $(+17.4 \%)$, constraint violations dropped by 95.2 %, and the fairness gap narrowed by 78.6 % versus PPO. These findings indicated that masked-latent world-modeling with return-conditioned pretraining produced sample-efficient, safety-aware scheduling policies suited for clinician-overseen staged deployment.","","979-8-3315-4970-1","10.1109/IATMSI68868.2026.11465345","","https://ieeexplore.ieee.org/stamp/stamp.jsp?arnumber=11465345","CKD;dialysis scheduling;RL;Masked-Latent Transformer World-Model (MLT-WM) and digital-twin (DT)","Filtering;Filters;Information and communication technology;Protocols;Communication systems;Communications technology;HTTP;Quantum communication;Communication system security;Quantum key distribution","","","","20","IEEE","7 Apr 2026","12-14 March 2026","12-14 March 2026","IEEE","IEEE Conferences"
"Efficient and Rule-Compliant Edge Forecasting with Discrete Cellular Neural Networks and Answer Set Programming","K. Kyamakya; H. K. Shabani; J. -P. Mugisha Muhire; M. El Bahnasawi; W. Vianney Kambale; S. K. Kabunga","Institute for Smart Systems Technologies, Universitaet Klagenfurt, Klagenfurt, Austria; Faculté Polytechnique, Université de Kinshasa (UNIKIN), Kinshasa, DRC; Faculté Polytechnique, Université de Kinshasa (UNIKIN), Kinshasa, DR Congo; Institute for Smart Systems Technologies, Institute for AI & Cybersecurity Universitaet Klagenfurt, Klagenfurt, Austria; Faculty of Information & Communication Technology, Tshwane University of Technology, Pretoria, South Africa; Department of Information Measurement Systems, Technical University of Sofia, Sofia, Bulgaria",2025 IEEE AFRICON,"26 May 2026","2025","","","1","6","Digital twins are increasingly deployed from the cloud down to the edge of industrial equipment, including wind-turbine nacelles, battery packs, drones, and medical wearables. In these settings, forecasting models must look hours or days into the future while running on microcontrollers with milliwatt-level power budgets. Traditional sequence models such as LSTMs or Transformers can achieve high predictive accuracy, but typically require computationally intensive back-propagation on GPUs and rely on dense floating-point arithmetic that exceeds the constraints of typical edge platforms. Furthermore, purely data-driven models may produce physically implausible forecasts, for example negative state of charge, rotor speeds above cut-out limits, or temperature discontinuities that violate basic thermodynamic constraints. This work proposes an alternative approach that is both computationally efficient and rule-consistent. We replace the usual floating-point reservoir (Extreme Learning Machine or Echo State Network) with a discrete Cellular Neural Network (dCeNN): a two-dimensional lattice of binary cells that update through local bit-wise interactions with their neighbours. To enforce physical and safety requirements, we automatically discover symbolic rules from data and encode them using Answer Set Programming (ASP). The resulting pipeline trains in under two seconds on a laptop CPU, streams thousands of forecasts per second on a Raspberry Pi, and, in preliminary experiments, does not violate any mined rule over months-long test runs (early results, work in progress).","2153-0033","979-8-3315-6518-3","10.1109/AFRICON66545.2025.11533824","Horizon Europe; ","https://ieeexplore.ieee.org/stamp/stamp.jsp?arnumber=11533824","ultra-edge forecasting;discrete Cellular Neural Network;Answer Set Programming;neuro-symbolic learning;rule-consistent AI;energy-efficient inference","Modeling;Printing;Forecasting;Timing;Machine learning;Safety;Lattices;Transformers;Training;Machining","","","","37","IEEE","26 May 2026","10-12 Dec. 2025","10-12 Dec. 2025","IEEE","IEEE Conferences"
"AquaTwinCare: A Digital Twin-Inspired Framework for Aquatic Animal Healthcare","A. Alqahtani; M. Bhatia; V. Behal","Prince Sattam Bin Abdulaziz University, Al-Kharj, Saudi Arabia; National Institute of Technology Kurukshetra, Kurukshetra, India; Guru Nanak Dev University, Amritsar, India",IEEE Internet of Things Journal,"10 Dec 2025","2025","12","24","54041","54049","Water quality critically affects aquatic life, where even slight changes in chemical or physical conditions can cause stress or health decline. Real-time monitoring is challenging due to dynamic, distributed environments. This study introduces AquaTwinCare, a digital twin (DT)-based virtual replica of aquatic ecosystems for assessing and predicting animal health under pollution stress. The framework integrates environmental factors (dissolved oxygen, pH, temperature, turbidity, and pollutants) with biological indicators (respiration, locomotion, and stress responses) using hybrid convolutional neural networks (CNNs) enhanced with Bayesian inference. To ensure secure, reliable data, it employs a reputation-aware fault-tolerant consensus (RAFTC) protocol on a consortium blockchain. Validated on 91 845 data instances, AquaTwinCare achieved reduced anomaly detection latency (9.80 s), high precision (84.25%), sensitivity (86.13%), specificity (86.19%), F-measure (85.15%), predictive fidelity ( $r^{2} =$  78%), low error (0.23%), and mean error (0.62). Overall, it enables proactive aquatic health management, early pollution-stress warnings, and scalable ecosystem governance.","2327-4662","","10.1109/JIOT.2025.3619545","Prince Sattam Bin Abdulaziz University(grant numbers:PSAU/2024/01/32115); ","https://ieeexplore.ieee.org/stamp/stamp.jsp?arnumber=11197559","AquaTwinCare;blockchain;digital twin (DT);healthcare","Monitoring;Biology;Sensors;Stress;Real-time systems;Biological system modeling;Biomedical monitoring;Temperature sensors;Sports;Medical services","","2","","16","IEEE","9 Oct 2025","15 Dec.15, 2025","","IEEE","IEEE Journals"
"Vision-Based Robotic Grinding Path Generation and Verification Using Digital Twin","S. H. Kim","Industrial Technology Transformation Department, Korea Institute of Industrial Technology (KITECH), Cheonan, Republic of Korea","2026 6th International Conference on Electrical, Computer and Energy Technologies (ICECET)","12 Aug 2026","2026","","","1","6","Welding bead grinding is an essential postprocessing step in metal fabrication, yet conventional manual grinding is labor-intensive, inconsistent, and poses occupational health risks. Teaching-based robotic grinding systems lack adaptability to variations in weld bead position, shape, and height. This paper presents a vision-guided robotic grinding system that integrates deep learning-based weld bead segmentation, automated grinding path generation, and digital twin-based preverification. The system is built around a Staubli RX160 6-DOF industrial manipulator with an Intel RealSense D415 RGB-D camera in an eye-in-hand configuration. A U-Net segmentation model with a ResNet34 encoder backbone and ImageNet-based transfer learning is employed to segment weld bead regions from RGB images, achieving a mean Intersection over Union (IoU) of 0.9311 and a Dice coefficient of 0.9641. The segmented bead contours are transformed into robot-frame coordinates through hand-eye calibration and forward kinematics, enabling automatic generation of approximately 30 grinding waypoints along the bead centerline. The Covariant Hamiltonian Optimization for Motion Planning (CHOMP) algorithm is utilized for collision-free trajectory planning within MoveIt. Prior to physical execution, the entire grinding process is validated in a digital twin environment built on NVIDIA Isaac Sim 5.0, integrated with ROS through a distributed multi-container architecture spanning ROS 1 Noetic for robot control and ROS 2 for vision processing and simulation. Experimental results demonstrate that the proposed system effectively generates adaptive grinding paths for varying weld bead geometries and verifies trajectories in simulation before deployment.","","979-8-3195-0598-9","10.1109/ICECET65726.2026.11632970","Korea Institute of Industrial Technology; ","https://ieeexplore.ieee.org/stamp/stamp.jsp?arnumber=11632970","robotic grinding;weld bead segmentation;U-Net;digital twin;CHOMP;hand-eye calibration;ROS","Robots;Welding;Modeling;Trajectory;Visual systems;Digital twins;Cameras;Printing;Surfaces;Optimization","","","","18","IEEE","12 Aug 2026","6-9 July 2026","6-9 July 2026","IEEE","IEEE Conferences"
"A Compact Gesture Sensing Glove for Digital Twin of Hand Motion and Robot Teleoperation","T. Yu; J. Luo; Y. Gong; H. Wang; W. Guo; H. Yu; G. Chen","META Robotics Institute, and the State Key Laboratory of Mechanical Systems and Vibration, Shanghai Jiao Tong University, Shanghai, China; META Robotics Institute, and the State Key Laboratory of Mechanical Systems and Vibration, Shanghai Jiao Tong University, Shanghai, China; Shanghai Jiao Tong University Paris Elite Institute of Technology, and the Meta Robotics Institute, Shanghai Jiao Tong University, Shanghai, China; State Key Laboratory of Mechanical Systems and Vibration, and the Shanghai Key Laboratory of Digital Manufacturing for Thin-Walled Structures, Shanghai Jiao Tong University, Shanghai, China; META Robotics Institute, and the State Key Laboratory of Mechanical Systems and Vibration, Shanghai Jiao Tong University, Shanghai, China; Department of Biomedical Engineering, National University of Singapore, Singapore; META Robotics Institute, and the State Key Laboratory of Mechanical Systems and Vibration, Shanghai Jiao Tong University, Shanghai, China",IEEE Transactions on Industrial Electronics,"10 Jan 2025","2025","72","2","1684","1693","Capture of hand gestures using data gloves has a wide range of applications in human–machine interaction, e.g. virtual-reality manipulation and robot teleoperation. In this article, a compact wearable sensing glove is developed using largely deformed flexible beams embedded with strain gauges. An analytical model that exactly characterizes the force-deflection behavior is established to map the local deflections of the flexible beam to the geometric constraint induced by the finger tip. In our design, ordinary carbon-fiber sheets and industry-grade strain gauges are used to make the sensing glove compact in structure and reliable for measurement. A neural network is trained using model-based simulations to run the sensing algorithm in real-time, from the strain gauges’ outputs. A prototype is developed using easy-to-access materials and fabrication methods for experimental validation. The results show that the proposed sensing glove is able to capture finger motion through model-based sensing of accurate joint angle, with high compactness and sensor reliability. Demonstrations are provided to exhibit the potential of the developed sensing glove in the digital twin of hand motion and teleoperation of dexterous robotic hands.","1557-9948","","10.1109/TIE.2024.3417980","National Key R&D Program of China(grant numbers:2022YFB4701204); Natural Science Foundation of China(grant numbers:52022056,52375021); Science and Technology Commission of Shanghai Municipality(grant numbers:21NL2600200); ","https://ieeexplore.ieee.org/stamp/stamp.jsp?arnumber=10601509","Continuum mechanics;data glove;deflection sensor;motion capture;robot teleoperation","Sensors;Robot sensing systems;Robots;Strain measurement;Couplings;Bending;Data gloves","","12","","31","IEEE","17 Jul 2024","Feb. 2025","","IEEE","IEEE Journals"
"Multi-Source Data Fusion for Aircraft Structural Health Monitoring: A Review","J. Feng; J. Lian; K. Cao; Y. Zhang","Shanghai Aircraft Design and Research Institute of Commercial Aircraft Corporation of China, Ltd., Shanghai, China; Shanghai Aircraft Design and Research Institute of Commercial Aircraft Corporation of China, Ltd., Shanghai, China; School of Civil Aviation, Northwestern Polytechnical University, Xi’an, China; School of Civil Aviation, Northwestern Polytechnical University, Xi’an, China",2025 Global Reliability and Prognostics and Health Management Conference (PHM-Xian),"16 Mar 2026","2025","","","1","6","Multi-source data fusion stands as a pivotal technology for enhancing aircraft structural health monitoring (SHM) system performance and ensuring flight safety. To systematically outline the research landscape and development trajectories in this domain, this paper first elaborates on the theoretical framework of data fusion, encompassing three fusion modalities—competitive, complementary, and collaborative— alongside a three-tiered fusion architecture that spans data-level, feature-level, and decision-level integration. Subsequently, from an application perspective, research advances in data fusion techniques for critical aircraft structures were reviewed. In metallic structures, fusion methodologies have significantly enhanced the detection accuracy of classical damage modes, such as fatigue cracks. For composite structures, multi-modal fusion— particularly when integrated with deep learning—provides powerful tools for addressing complex failure mechanisms, including delamination and impact damage. At full-aircraft level, digital twin-centered fusion platforms are advancing SHM toward systemic predictive health management paradigms. Finally, this paper synthesizes core challenges hindering operational deployment: data heterogeneity, scarcity of damage samples, and poor model interpretability. Future breakthrough directions, represented by physics-informed intelligent fusion, digital twin-driven holographic perception, and Explainable Artificial Intelligence (XAI), were further projected. Collectively, this work delivers a comprehensive knowledge map and forward-looking perspectives for data fusion research and implementation in aircraft SHM systems.","","979-8-3315-2675-7","10.1109/PHM-Xian66756.2025.11427395","","https://ieeexplore.ieee.org/stamp/stamp.jsp?arnumber=11427395","structural health monitoring;multi-source data;aircraft;fusion architecture","Accuracy;Reviews;Atmospheric modeling;Data integration;Fatigue;Data models;Safety;Aircraft;Delamination;Monitoring","","1","","20","IEEE","16 Mar 2026","10-12 Oct. 2025","10-12 Oct. 2025","IEEE","IEEE Conferences"
"Chapter 5 Physics-based Online Cyber-Physical Neural Network Models for Real-time Hybrid Simulation","",,"Data Science in Engineering, 2026, Vol. 9","","2026","","","41","48","Data Science in Engineering, Volume 9: Proceedings of the 44th IMAC, A Conference and Exposition on Structural Dynamics, 2026, the ninth volume of ten from the Conference, brings together contributions to this important area of research and engineering. The collection presents early findings and case studies on fundamental and applied aspects of Data Science in Engineering, including papers on: Novel Data-Driven Analysis Methods AI-Driven Digital Twins for Structural Modeling and Dynamic Characterization Transfer Learning and Population-Based Monitoring Data-Driven Techniques for System Prognostics and Health Monitoring Applications of AI in Structural Dynamics and System Identification Uncertainty Quantification in Data-Driven and Hybrid Models Physics Informed Machine Learning for Dynamic Systems","","9788743814207","","","https://ieeexplore.ieee.org/xpl/ebooks/bookPdfWithBanner.jsp?fileName=11673644.pdf&bkn=11673482&pdfType=chapter","","","","","","","","1 Sep 2026","","","River Publishers","River eBook Chapters"
"2 System Identification of Data from Rotating Machinery Using Deep Learning Network Training","",,Data Science in Engineering,"","2025","","","11","16","Data Science in Engineering, Volume 11: Proceedings of the 43rd IMAC, A Conference and Exposition on Structural Dynamics, 2025, the eleventh volume of twelve from the Conference brings together contributions to this important area of research and engineering. The collection presents early findings and case studies on fundamental and applied aspects of Data Science in Engineering, including papers on: Novel Data-Driven Analysis Methods AI-Driven Digital Twins for Structural Modeling and Dynamic Characterization Transfer Learning and Population Based Monitoring Data-Driven Techniques for System Prognostics and Health Monitoring Applications of AI in Structural Dynamics and System Identification Uncertainty Quantification in Data-Driven and Hybrid Models Advanced Techniques for Real-Time Monitoring and Predictive Analysis","","9788743801689","","","https://ieeexplore.ieee.org/xpl/ebooks/bookPdfWithBanner.jsp?fileName=11146989.pdf&bkn=11146831&pdfType=chapter","","","","","","","","2 Sep 2025","","","River Publishers","River eBook Chapters"
"Machine Learning to Predict Surgery Duration: Towards Implementing AI and Digital Twin for Effective Scheduling","M. S. Sapkota; F. Doctor; H. Herrera; M. Kampouridis; X. Yang","Knowledge Transfer Partnership Programme, University of Essex, Colchester, UK; School of Comp. Science & Electr. Engineering, University of Essex, Colchester, UK; Dept. of Business Informat. & Analytics, ESNEFT, Colchester, UK; Sch. of Comp. Science & Electr. Eng., University of Essex, Colchester, UK; Sch. of Maths., Stat. & Actuarial Science, University of Essex, Colchester, UK",2024 IEEE International Conference on Medical Artificial Intelligence (MedAI),"25 Dec 2024","2024","","","435","440","Traditional elective patients' surgical scheduling relies on plan-makers' subjective estimates or historical averages, leading to inefficiencies such as surgery cancellations or underutilisation of resources. Machine learning (M/L)-based predictive algorithms offer a promising solution with data-driven models to forecast surgical times, however, their application in NHS hospital settings remains limited. This study explores the implementation of multiple M/L algorithms for surgical time estimation for Trauma and Orthopaedics related procedures in an NHS Trust hospital. Results indicate that Neural Networks, along with ElasticNet regression, Gradient Boosting, and Bayesian Ridge regression models, demonstrate robust performance. Additionally, expansion to procedure specific models, built separately for each procedure shows promising results. This study contributes insights into the integration of M/L algorithms into healthcare digital resources, paving the way for enhanced surgical planning strategies. Future research will focus on integrating the predictive models into a comprehensive AI driven Digital Twin framework for simulation and optimisation-driven automated decision-making.","","979-8-3503-7761-3","10.1109/MedAI62885.2024.00064","","https://ieeexplore.ieee.org/stamp/stamp.jsp?arnumber=10803395","Surgical Time Prediction;Machine Learning;Categorical Modelling;Artificial Intelligence;Health-Care Digital Twin","Machine learning algorithms;Hospitals;Neural networks;Decision making;Surgery;Estimation;Predictive models;Prediction algorithms;Digital twins;Planning","","","","23","IEEE","25 Dec 2024","15-17 Nov. 2024","15-17 Nov. 2024","IEEE","IEEE Conferences"
"Advancing Type 2 Diabetes Management: Digital Twin and AI for Dynamic Dosing and Nutrition","H. R; R. Marappan","School of Computer Science and Engineering, Vellore Institute of Technology, Chennai, Tamil Nadu; School of Computer Science and Engineering, Vellore Institute of Technology, Chennai, Tamil Nadu","2025 2nd International Conference on Research Methodologies in Knowledge Management, Artificial Intelligence and Telecommunication Engineering (RMKMATE)","25 Jun 2025","2025","","","1","7","Type 2 Diabetes (T2D) is a chronic metabolic disorder caused by insulin resistance and dysfunctional glucose regulation that affects millions of individuals worldwide. However, managing T2D is challenging because blood glucose levels fluctuate due to diet, exercise, and patients’ idiosyncrasies. Approaches such as real-time monitoring, predictive modeling, and personalized treatment have been among the major breakthroughs in the field. Still, their holistic integration for dynamic dosing and dietary optimization has remained largely unexplored. This research analyzes insights from recent research that reveal different methodologies such as machine learning (ML), deep learning (DL), and predictive models in improving diabetes management outcomes. Some studies showed up to 1.5% HbA1c reduction and time-in-range improvement by 20% to 25% due to artificial intelligence (AI) driven interventions. The accuracy of blood glucose prediction in these studies ranged from 85% to 95%, thus showing that these models can control blood sugar levels at any given moment. The preliminary results show that dynamic dosing models combined with dietary recommendations may achieve a 0.8% to 1.2% decrease in HbA1c and a 10% to 15% improvement in overall glycemic control. This study investigates the applications of Digital Twin (DT) technology, Reinforcement Learning (RL), and Generative AI (Gen AI) in diabetic control systems. The proposed model adopts these strategies to illustrate the possibility of connecting the existing research gaps and prepare for future developments on adaptive AI-powered framework for diabetes care.","","979-8-3315-9848-8","10.1109/RMKMATE64874.2025.11042848","","https://ieeexplore.ieee.org/stamp/stamp.jsp?arnumber=11042848","type 2 diabetes;blood glucose;dynamic dosing;dietary optimization;artificial intelligence;digital twin;predictive modeling;reinforcement learning","Resistance;Adaptation models;Reinforcement learning;Predictive models;Diabetes;Glucose;Digital twins;Artificial intelligence;Blood;Optimization","","2","","15","IEEE","25 Jun 2025","7-8 May 2025","7-8 May 2025","IEEE","IEEE Conferences"
"Digital Twin-Inspired Anxiety Detection for Smart Office Healthcare","M. Bhatia","Department of Computer Applications, National Institute of Technology Kurukshetra, Amritsar, India",IEEE Internet of Things Journal,"24 Jul 2025","2025","12","15","32237","32244","The healthcare industry is increasingly adopting digital twin (DT) technology, a specialized form of simulation modeling that has gained traction in industrial applications. An intelligent architecture inspired by DTs has been proposed to analyze unusual visual, behavioral, and physiological phenomena in individuals with anxiety disorders within smart office environments. This framework utilizes quantum probability methods for anomaly detection and temporal data mining for data granule framing. Additionally, a novel multilevel convolutional neural network (CNN) is introduced to predict the Health Vulnerability Index, along with a smart alert system designed to notify caregivers of detected health irregularities and provide supportive care. The method was evaluated on a challenging dataset of 59867 instances, demonstrating superior performance compared to state-of-the-art techniques in several metrics, including Temporal Efficacy (9.2 ms), Classification Efficacy (Precision: 96.29%, Sensitivity: 93.62%, Specificity: 96.73%), Decision-making Efficiency (r2: 78%, Error: 0.30%), and Stability (72%).","2327-4662","","10.1109/JIOT.2025.3576325","","https://ieeexplore.ieee.org/stamp/stamp.jsp?arnumber=11023524","Anxiety disorder (AD);digital twin (DT);Healthcare","Medical services;Sensors;Anxiety disorders;Monitoring;Data mining;Wearable sensors;Intelligent sensors;Cloud computing;Real-time systems;Hidden Markov models","","4","","18","IEEE","4 Jun 2025","1 Aug.1, 2025","","IEEE","IEEE Journals"
"Machine Learning-Based Airborne Prognostics and Health Management (PHM): Development Status and Trends","H. Wang; Z. Wang; Y. Wu; W. Li","Commercial Aircraft Corporation of China, Shanghai Aircraft Design and Research Institute, Shanghai, China; Northwestern Polytechnical University, Xi’an, China; Northwestern Polytechnical University, Xi’an, China; Northwestern Polytechnical University, Xi’an, China",2025 6th International Conference on Power Engineering (ICPE),"3 Mar 2026","2025","","","74","80","Advanced machine learning (ML) is fundamentally transforming airborne prognostic and health management (PHM), redefining maintenance paradigms to enhance operational safety and reduce costs. This review comprehensively analyzes the status and trajectory of ML-based airborne PHM. It systematically traces model development from classical SVM (relevant for small-data scenarios) to foundational deep learning like CNN (for fault diagnosis) and LSTM (for RUL prediction). The analysis then advances to state-of-the-art Transformer (for global dependencies) and GNN architectures (modeling system topology). The review also evaluates real-world data challenges, such as imbalance and scarcity, and explores solutions like generative models and transfer learning. Finally, it outlines future trends, including hybrid physics-informed models (Digital Twins, PINNs) and deployment strategies (Federated Learning, Edge Computing). We conclude that the ultimate barrier to adoption is not algorithmic capability but regulatory certification. Explainable Artificial Intelligence (XAI) is asserted as the critical technology to bridge this ""trust gap,"" providing the V&V evidence necessary for certification under standards like DO-178C.","","979-8-3315-7003-3","10.1109/ICPE68635.2025.11407602","","https://ieeexplore.ieee.org/stamp/stamp.jsp?arnumber=11407602","Prognostics and Health Management;Machine Learning;Deep Learning;Aircraft Maintenance;Remaining Useful Life;Digital Twin;Explainable AI","Reviews;Explainable AI;Atmospheric modeling;Computational modeling;Market research;Data models;Mathematical models;Prognostics and health management;Certification;Long short term memory","","","","28","IEEE","3 Mar 2026","5-7 Dec. 2025","5-7 Dec. 2025","IEEE","IEEE Conferences"
"TwinExplainer: Explaining Predictions of an Automotive Digital Twin","S. Neupane; S. Mitra; I. A. Fernandez; S. Mittal; S. Rahimi","Dept. of Computer Science & Engineering, Mississippi State University; Dept. of Computer Science & Engineering, Mississippi State University; Dept. of Computer Science & Engineering, Mississippi State University; Dept. of Computer Science & Engineering, Mississippi State University; Dept. of Computer Science, University of Alabama",2025 IEEE Conference on Artificial Intelligence (CAI),"7 Jul 2025","2025","","","1070","1077","Modern vehicles are complex Cyber-Physical Systems (CPS) that operate across diverse environments, where the failure of critical subsystems such as the engine, transmission, brakes, and fuel system can lead to unplanned downtime and significant maintenance costs. To mitigate these challenges, continuous health monitoring and early detection of abnormal sensor behavior are essential. Data-driven Digital Twin (DT) systems offer a promising solution to this problem by leveraging sensor data to model and predict the state of vehicle subsystems. However, existing DT solutions primarily rely on Deep Learning (DL) techniques, which often function as black-box models, providing little to no insight into their decision-making processes. This lack of explainability hinders trust and informed decision-making among automotive stakeholders. To address this challenge, this paper presents TwinExplainer, a novel three-layered architectural pipeline designed to explain the predictions made by deep learning algorithms in data-driven DT. TwinExplainer provides visual explanations through graphs and complements them with linguistic explanations generated by Large Language Models (LLM), offering stakeholders intuitive insights into feature contributions and model behavior at both local and global levels.","","979-8-3315-2400-5","10.1109/CAI64502.2025.00186","","https://ieeexplore.ieee.org/stamp/stamp.jsp?arnumber=11050678","Digital Twin;Explainability;Vehicular maintenance;Deep learning;SHAP;LLM","Deep learning;Visualization;Decision making;Pipelines;Predictive models;Prediction algorithms;Digital twins;Maintenance;Stakeholders;Automotive engineering","","3","","34","IEEE","7 Jul 2025","5-7 May 2025","5-7 May 2025","IEEE","IEEE Conferences"
"11 Statistical Framework for Deep Learning Model Comparison and Evaluation","",,Model Validation and Uncertainty Quantification,"","2025","","","87","94","Model Validation and Uncertainty Quantification, Volume 3: Proceedings of the 43rd IMAC, A Conference and Exposition on Structural Dynamics, 2025, the third volume of twelve from the Conference brings together contributions to this important area of research and engineering. The collection presents early findings and case studies on fundamental and applied aspects of Model Validation and Uncertainty Quantification, including papers on: • Model Form Uncertainty: Round Robin Challenge UQVI (Uncertainty Quantification in Vibration Isolation) • Uncertainty Quantification in Sensing Systems • Bayesian and Other Methods for Structural Health Monitoring • Surrogate Modeling • Uncertainty Quantification in Digital Twin and Data-Driven Models • Uncertainty Quantification and Propagation in Structural Dynamics","","9788743801603","","","https://ieeexplore.ieee.org/xpl/ebooks/bookPdfWithBanner.jsp?fileName=11147062.pdf&bkn=11146836&pdfType=chapter","","","","","","","","2 Sep 2025","","","River Publishers","River eBook Chapters"
"4 Ambient AI in Action: Revolutionizing Clinical Environments for Safer, Smarter Care","",,AI Applications in Industry,"","2026","","","73","110","AI Applications in Industry offers a comprehensive and forward-looking exploration of how artificial intelligence is reshaping the global industrial landscape. From manufacturing and energy systems to healthcare, logistics, construction, and smart cities, this book examines the transformative power of AI in driving efficiency, safety, sustainability, and innovation across sectors. Written in a clear and authoritative style, the book bridges cutting-edge research with real-world implementation. It presents a structured overview of the key technologies—including machine learning, deep neural networks, generative AI, digital twins, computer vision, robotics, edge–cloud computing, and autonomous systems—and demonstrates how these capabilities are being deployed to solve complex industrial challenges. Through case studies, architecture diagrams, and actionable frameworks, readers gain insights into how AI optimizes production lines, enhances quality assurance, enables predictive maintenance, strengthens supply-chain resilience, and accelerates the transition toward Industry 5.0 and 6.0 paradigms. This book also addresses the broader implications of AI adoption: governance, ethical considerations, cybersecurity, workforce transformation, ESG compliance, and the integration of human-centered design. With perspectives spanning engineering, policy, and strategic management, it equips industry leaders, engineers, researchers, policymakers, and students with a holistic understanding of AI’s impact on modern industry. Key features include: • A sector-by-sector analysis of AI implementations in manufacturing, energy, agriculture, healthcare, construction, transportation, and smart city systems • Deep dives into enabling technologies such as digital twins, IoT sensors, robotics, edge AI, generative design, and autonomous systems • Practical methodologies for deploying AI solutions with measurable ROI and sustainability outcomes • Case studies from leading industries and national digital-transformation initiatives • Frameworks for responsible, secure, and human-centric AI adoption • Emerging trends, challenges, and future directions toward a more resilient, intelligent, and sustainable industrial ecosystem. AI Applications in Industry is an essential reference for anyone seeking to understand or lead the next wave of digital and industrial transformation. Whether you are an engineer, academic, manager, or innovator, this book provides the insights and tools needed to harness AI’s full potential in shaping tomorrow’s industries.","","9788743812128","","","https://ieeexplore.ieee.org/xpl/ebooks/bookPdfWithBanner.jsp?fileName=11614349.pdf&bkn=11614265&pdfType=chapter","","","","","","","","20 Jul 2026","","","River Publishers","River eBook Chapters"
"Decoding Lithium-Ion Battery Aging: State of Health Assessment and Lifecycle Regulation via Artificial Intelligence","Y. Cheng; J. Tian; M. Li; X. Dong; T. Pan; D. Yang; K. Li; J. Liu","School of Electrical Engineering and Automation, Anhui University, Anhui, China; School of Electrical Engineering and Automation, Anhui University, Anhui, China; School of Electrical Engineering and Automation, Anhui University, Anhui, China; School of Electrical Engineering and Automation, Anhui University, Anhui, China; School of Electrical Engineering and Automation, Anhui University, Anhui, China; School of Electrical and Information Engineering, Zhengzhou University, Henan, China; College of Electrical Engineering and Automation, Fuzhou University, Fujian, China; Anhui Eagoal New Energy Group Co., Ltd., Anhui, China",CHAIN,"21 Sep 2026","2026","3","3","352","397","Amid the global energy transition, lithium-ion batteries (LIBs) serve as a cornerstone of clean energy storage systems. Robust state of health (SOH) monitoring is critical for cost reduction, safety hazard mitigation, and predictive maintenance. A systematic review of artificial intelligence (AI)-driven SOH assessment technologies is presented, with a comprehensive framework established covering feature mining, state estimation, and health management. Multi-physics health features across electrical, thermal, and mechanical domains are categorized, and corresponding feature extraction methods and dimensionality reduction techniques are classified. The modeling strengths of conventional machine learning for small-to-medium datasets are elaborated, and deep learning's automatic feature extraction capability under complex operating conditions is highlighted. Applications of reinforcement learning in charge-discharge optimization, energy scheduling, and battery health management are reviewed. Key challenges are identified, including multi-physics feature decoupling difficulties, limited model generalization and interpretability, inconsistent evaluation benchmarks, and industrial deployment barriers. Future research directions include constructing multi-physics coupled feature systems, fusing electrochemical mechanisms with data-driven models, developing lightweight reinforcement learning algorithms, and advancing engineering applications through cloud-edge collaboration and digital twin technologies.","2097-3489","","10.23919/CHAIN.2026.000018","National Natural Science Foundation of China(grant numbers:62203352); ","https://ieeexplore.ieee.org/stamp/stamp.jsp?arnumber=11667061","deep learning;feature engineering;health optimization management;lithium-ion batteries;machine learning;multi-physics features;reinforcement learning;state of health estimation","Modeling;Batteries;Estimation;Optimization;Aging;Timing;Long short term memory;Occupational health;Voltage;Temperature","","","","177","","25 Aug 2026","Third Quarter 2026","","Youke Publishing","Youke Publishing Journals"
"Applications and Prospects of Neural Networks in Fault Detection: A Visualization Analysis Based on CiteSpace","K. Wu; X. Lu; Y. Chen","Nanjing University of Finance and Economics, Nanjing, China; Nanjing University of Finance and Economics, Nanjing, China; Nanjing University of Finance and Economics, Nanjing, China",2024 IEEE 5th International Conference on Pattern Recognition and Machine Learning (PRML),"12 Dec 2024","2024","","","437","442","With the rapid development of industrial automation and intelligence, fault detection technology has become key to ensuring system stability and safety. Neural networks, as outstanding data processing and pattern recognition tools, have demonstrated extensive application potential in the field of fault detection. This study utilizes CiteSpace visualization software to conduct a thorough analysis of 2,211 papers on neural networks and fault detection in the Web of Science database from 2020 to 2024, aiming to reveal the research dynamics and development trends in this field. The analysis covered indicators such as authors, research institutions and research direction identifying major research hotspots including process monitoring, rolling element bearing monitoring, structural health monitoring, gas turbine performance assessment, and power system stability. The results indicate that advanced deep learning techniques, the integrated application of digital twins, and the development of the industrial Internet of Things are driving fault detection towards greater intelligence. Future research is expected to focus more on algorithm optimization, model interpretability, and the enhancement of real-time monitoring technologies, while also emphasizing the importance of security and privacy protection.","","979-8-3503-5592-5","10.1109/PRML62565.2024.10779630","","https://ieeexplore.ieee.org/stamp/stamp.jsp?arnumber=10779630","Neural Networks;Fault Detection;CiteSpace;Data Visualization","Fault detection;Neural networks;Rolling bearings;Power system stability;Stability analysis;Software;Pattern recognition;Visual databases;Security;Turbines","","","","8","IEEE","12 Dec 2024","19-21 July 2024","19-21 July 2024","IEEE","IEEE Conferences"
"RailTwin: A Digital Twin Framework For Railway","R. Ferdousi; F. Laamarti; C. Yang; A. El Saddik","The University of Ottawa, Ottawa, Ontario, Canada; Mohamed bin Zayed University of Artificial Intelligence, Abu Dhabi, UAE; National Research Council Canada, Ottawa, Ontario, Canada; Mohamed bin Zayed University of Artificial Intelligence, Abu Dhabi, UAE",2022 IEEE 18th International Conference on Automation Science and Engineering (CASE),"28 Oct 2022","2022","","","1767","1772","This study aims at providing a conceptualized framework for railway to realize the Digital Twin (DT) beyond traditional structural modeling or information systems. First, we deduce a generic formula that shows that DT estimates the future states and decides actions beforehand. Then, based on this formula, we design a generic framework called RailTwin. The framework combines the insight of current states, the foresight representing the prediction of the future states, and the oversight based on the current and future state to enable automation and actuation. The key enabler of this framework to obtain these states is Artificial Intelligence (AI) technologies, including Deep Learning, Transfer Learning, Reinforcement Learning, and Explainable AI. We present a use case for asset health inspection and monitoring through the proposed framework.","2161-8089","978-1-6654-9042-9","10.1109/CASE49997.2022.9926529","National Research Council; ","https://ieeexplore.ieee.org/stamp/stamp.jsp?arnumber=9926529","","Deep learning;Automation;Transfer learning;Reinforcement learning;Inspection;Rail transportation;Digital twins","","13","","19","IEEE","28 Oct 2022","20-24 Aug. 2022","20-24 Aug. 2022","IEEE","IEEE Conferences"
"Digital Twin-Assisted Optimal Sensor Placement for Real-Time Monitoring of Probe Cards in EWS Applications","M. Bejani; D. Appello; M. Mauri; E. Missaglia; S. Mariani","Department of Civil and Environmental Engineering, Politecnico di Milano, Milan, Italy; Technoprobe, Cernusco Lombardone, Italy; Technoprobe, Cernusco Lombardone, Italy; Technoprobe, Cernusco Lombardone, Italy; Department of Civil and Environmental Engineering, Politecnico di Milano, Milan, Italy","2025 26th International Conference on Thermal, Mechanical and Multi-Physics Simulation and Experiments in Microelectronics and Microsystems (EuroSimE)","23 May 2025","2025","","","1","6","This paper presents a digital twin-assisted framework for optimal sensor placement in real-time monitoring of probe cards used in Electrical Wafer Sort (EWS) applications. The framework employs a sensor network to gather operational data from probe cards, supporting future development of machine learning-based strategies for failure detection, maintenance, and monitoring. By coupling a physics-based finite element model with a deep learning architecture that incorporates an attention mechanism, the approach identifies the most informative sensor locations to enhance structural health monitoring efficiency. To address data imbalance, physics-informed data augmentation methods-Gaussian noise addition, frequency jitter, and scaling-are applied, alongside class-weighting during training. Experimental results on simulated frequency response function data from a probe card model show a 92.82% test accuracy, with sensors deemed important by the attention module consistently displaying higher attention scores. These findings demonstrate that the attention mechanism not only achieves high classification performance for failure detection, but also provides interpretable insights for sensor optimization.","2833-8596","979-8-3503-9300-2","10.1109/EuroSimE65125.2025.11006625","European Union(grant numbers:101072491); ","https://ieeexplore.ieee.org/stamp/stamp.jsp?arnumber=11006625","optimal sensor placement;neural networks;attention mechanism;probe cards;failure mode analysis;real-time monitoring;sensor networks;structural health monitoring;Electrical Wafer Sort (EWS)","Vibrations;Training;Sensor placement;Attention mechanisms;Accuracy;Data augmentation;Real-time systems;Data models;Probes;Monitoring","","10","","18","IEEE","23 May 2025","6-9 April 2025","6-9 April 2025","IEEE","IEEE Conferences"
"Digital Twin-Assisted Bearing Fault Diagnosis Using Multi-Fidelity Incremental Learning","X. Huang; T. Xie; Q. Zhou","School of Aerospace Engineering, Huazhong University of Science & Technology, Wuhan, China; School of Aerospace Engineering, Huazhong University of Science & Technology, Wuhan, China; School of Aerospace Engineering, Huazhong University of Science & Technology, Wuhan, China","2024 10th International Conference on Control, Automation and Robotics (ICCAR)","28 Jun 2024","2024","","","184","190","Digital twin (DT)-assisted intelligent fault diagnosis has been a hot topic, which can support personalized monitoring of critical machinery. A central challenge is that diagnostic models using deep learning (DL) suffer from the problem of catastrophic forgetting if personalized faults occur in dynamic environments. To deal with this issue, this article presents a multi-fidelity incremental learning (MFIL) for the continuous diagnosis of key faults in rolling bearings. An effective bearing DT model of the shaft system is constructed to generate sufficient low-fidelity (LF) simulation data. With the assistance of multi-fidelity information fusion and feature boosting, the MFIL method is proposed to mitigate the catastrophic interference induced by new datastreams including limited high-fidelity (HF) physical data. A real-world diagnosis problem in rolling bearings consisting of incremental faulty types is utilized to evaluate the proposed method. The proposed MFIL obtains the average accuracy of 96.87% using only 15 HF data and 100 LF data. The result demonstrates that the proposed MFIL can effectively diagnose different health conditions over time while guaranteeing computationally efficient.","2251-2454","979-8-3503-7317-2","10.1109/ICCAR61844.2024.10569708","","https://ieeexplore.ieee.org/stamp/stamp.jsp?arnumber=10569708","digital twin;fault diagnosis;incremental learning;multi-fidelity information fusion;feature boosting","Fault diagnosis;Shafts;Accuracy;Costs;Rolling bearings;Boosting;Data models","","2","","16","IEEE","28 Jun 2024","27-29 April 2024","27-29 April 2024","IEEE","IEEE Conferences"
"A TinyML-based Predictive Maintenance Framework for DC Motor Systems with Lightweight WebXR Digital Twin Visualization","I. N. K. Wardana; I. W. B. Sentana; P. A. W. Santiary; I. B. I. Purnama; I. G. T. S. Dharma; D. A. I. C. Dewi","Department of Electrical Engineering, Politeknik Negeri Bali, Badung, Indonesia; Department of Information Technology, Politeknik Negeri Bali, Badung, Indonesia; Department of Electrical Engineering, Politeknik Negeri Bali, Badung, Indonesia; Department of Electrical Engineering, Politeknik Negeri Bali, Badung, Indonesia; Department of Information Technology, Politeknik Negeri Bali, Badung, Indonesia; Department of Electrical Engineering, Politeknik Negeri Bali, Badung, Indonesia",2026 International Conference on Intelligent and Sustainable AI Systems (ICOSAAS),"14 Aug 2026","2026","","","527","533","This paper presents a TinyML-based predictive maintenance framework for DC motor systems with lightweight WebXR digital twin visualization. Maintenance monitoring is formulated as a five-class health-stage prediction problem consisting of Healthy, Early Warning, Warning, Critical, and Near Failure conditions. A synthetic, physics-inspired degradation dataset was generated to evaluate the feasibility of the framework. A compact Tiny Neural Network with a 14-16-8-5 architecture was trained using 14 window-based motor features and converted into TensorFlow Lite format for ESP32 deployment. The FP32 model achieved a test accuracy of 95.65% and a macro F1-score of 95.10%, with a serialized model size of 3.730 KiB. On the ESP32, the model achieved an average invocation time of 43.58 µs and an average local pipeline time of 48.66 µs. An additional INT8 post-training quantization experiment preserved comparable classification performance and reduced the serialized model size by 5.13%, although it did not improve inference speed on the evaluated platform. The ESP32 inference results were synchronized with Firebase and visualized through a browser-based WebXR dashboard. The results demonstrate the feasibility of integrating lightweight TinyML edge inference and WebXR visualization for proof-of-concept predictive maintenance of DC motor systems.","","979-8-3315-7974-6","10.1109/ICOSAAS68663.2026.11648649","","https://ieeexplore.ieee.org/stamp/stamp.jsp?arnumber=11648649","TinyML;Predictive Maintenance;DC Motor;WebXR;Digital Twin","Modeling;Visualization;Occupational health;Maintenance;Digital twins;Tiny machine learning;Motors;Predictive maintenance;DC motors;Training","","","","16","IEEE","14 Aug 2026","20-22 July 2026","20-22 July 2026","IEEE","IEEE Conferences"
"An Efficient Deep Learning Model with Optimization Techniques for Lung Disease Detection","S. Thakur; D. S. Dhakar; R. Gupta","Department of CSE, University Institute of Engineering, Chandigarh University, Mohali, Punjab, India; Department of CSE, University Institute of Engineering, Chandigarh University, Mohali, Punjab, India; Department of CSE, University Institute of Engineering, Chandigarh University, Mohali, Punjab, India","2026 International Conference on Computational Robotics, Testing and Engineering Evaluation (ICCRTEE)","24 Jun 2026","2026","","","1","6","Lung diseases have been a leading cause of morbidity in the world hence the need to have smart systems to aid in early identification and monitoring of the risks. It provides a Hybrid Digital Twin Lung AI Framework to detect hierarchical lung disease and provide AI-assisted clinical decision support using the Exasens dataset in the UCI Machine Learning (ML) Repository. The proposed model will combine XGBoost as the main classifier, a lightweight Multilayer Perceptron (MLP) to complementary learn, and K-Means-based phenotype clustering to improve feature representation. The optimization of hyperparameters is done through Optuna-based techniques in order to enhance robustness and generalization. Probability calibration and adaptive threshold tuning provide severity-aware classification. In addition to prediction, a digital twin-inspired module also allows monitoring risks in real-time, medication safety, and warning about critical conditions. The framework also embraces adaptive medication reminder programs and systematic self-care practices to enhance treatment compliance and to reduce the possible risks of medication. Stratified crossvalidation performance is 75.02 % accurate, 73.89 % F1-score, 0.8808 % AUC, and 0.9003 % Average Precision. The suggested multidisciplinary model brings the traditional classifiers to the risk-conscious clinical decision ecosystem that can be scaled.","","979-8-3315-5256-5","10.1109/ICCRTEE68719.2026.11566169","","https://ieeexplore.ieee.org/stamp/stamp.jsp?arnumber=11566169","Lung disease detection;XGBoost;Optimization techniques;Clinical decision support;Hybrid AI framework","Modeling;Pulmonary diseases;Lungs;Optimization;Accuracy;Signal detection;X-rays;Printing;Digital twins;X-ray imaging","","","","18","IEEE","24 Jun 2026","14-16 May 2026","14-16 May 2026","IEEE","IEEE Conferences"
"Deep Learning and the Internet of Things","J. Byabazaire; J. Tirana; A. Chouliaras; V. Koutsos; T. Aslanidis; I. Panagiotidis; D. Chatzopoulos","School of Computer Science, University College Dublin, Dublin, Ireland; School of Computer Science, University College Dublin, Dublin, Ireland; School of Computer Science, University College Dublin, Dublin, Ireland; School of Computer Science, University College Dublin, Dublin, Ireland; School of Computer Science, University College Dublin, Dublin, Ireland; School of Computer Science, University College Dublin, Dublin, Ireland; School of Computer Science, University College Dublin, Dublin, Ireland",Internet of Things A to Z: Technologies and Applications,"","2026","","","193","228","Summary <p>The Internet of Things (IoT) represents a paradigm shift from traditional computing by enabling physical things to communicate over the Internet. IoT devices, from sensors to wearables, produce unprecedented amounts of data that allow better and faster decision‐making through analytics. As a result, this has led to innovations in many domains. Due to the enormous volume of data generated, several challenges require advanced techniques such as deep learning (DL). Additionally, as IoT devices collect personal data, concerns about data privacy are rising. Edge intelligence processes data nearer to its source, mitigating latency and bandwidth problems and ensuring data privacy. Moreover, TinyML overcomes the limitations of DL deployment to low‐power IoT devices. This chapter explores the integration of DL and IoT to push intelligence closer to data sources, the deployment of DL capable of running on low‐powered devices using TinyML, and how digital twins and the metaverse are being leveraged to create virtual environments within the IoT context.</p>","","9781394280483","10.1002/9781394280490.ch8","","https://ieeexplore.ieee.org/xpl/ebooks/bookPdfWithBanner.jsp?fileName=11197121.pdf&bkn=11197072&pdfType=chapter","","Internet of Things;Data models;Computer architecture;Feature extraction;Deep learning;Computational modeling;Biological system modeling;Training;Adaptation models;Technological innovation","","3","","","","8 Oct 2025","","","IEEE","Wiley-IEEE Press eBook Chapters"
"Toward Explainable AI in Spacecraft Health Monitoring: Comparative Benchmarking of Anomaly Detection Models and Open-Source Datasets","H. A. Tahir; M. Reza Jabbarpour; B. Quoc Vo; R. Kowalczyk; J. Barr; T. Bessell","Swinburne University of Technology, Melbourne, VIC, Australia; Swinburne University of Technology, Melbourne, VIC, Australia; Swinburne University of Technology, Melbourne, VIC, Australia; University of South Australia, Adelaide, SA, Australia; Saab Australia, Mawson Lakes, SA, Australia; Saab Australia, Mawson Lakes, SA, Australia",IEEE Access,"15 Dec 2025","2025","13","","209368","209398","The growing autonomy and complexity of spacecraft systems demand intelligent, interpretable, and resilient onboard health monitoring. This paper presents a dual benchmarking study of anomaly detection methods and telemetry datasets, evaluating both classical and deep learning models across real spacecraft telemetry and synthetic data generated via the Basilik simulator. Extensive experiments assess model performance across diverse fault types, data distributions, and operational scenarios. Furthermore, the study systematically compares datasets in terms of anomaly coverage, fidelity, and operational relevance, providing critical insights into their suitability for training and validating machine learning models. While the ultimate objective is to develop a resilient explainable AI (XAI) system for anomaly detection, this study focuses on benchmarking representative anomaly detection models and datasets to identify robust and generalizable backbones suitable for future XAI integration, rather than presenting an end-to-end XAI implementation. Beyond performance evaluation, the study underscores the importance of integrating anomaly detection with engineering frameworks such as Model-Based Systems Engineering (MBSE) and Digital Twins to enhance fault traceability, state validation, and system-level interpretability. The findings highlight that effective deployment in safety-critical space environments requires not only high-performing models and representative data but also tight integration with formal systems engineering paradigms.","2169-3536","","10.1109/ACCESS.2025.3639551","SmartSat CRC; Australian Government’s CRC Program(grant numbers:P2-52); ","https://ieeexplore.ieee.org/stamp/stamp.jsp?arnumber=11274405","XAI;AI/ML;data science;spacecraft systems;anomaly detection","Space vehicles;Telemetry;Anomaly detection;Modeling;Adaptation models;Monitoring;Computational modeling;Supervised learning;Explainable AI;Data models","","4","","187","CCBY","3 Dec 2025","2025","","IEEE","IEEE Journals"
"Deep Learning-Based Brain Stroke Prediction: A Proposed X-LSTM Approach","N. S. Rani; S. Chintala","School of Computer Science and Artificial Intelligence, SR University, Warangal, Telangana, India; School of Computer Science and Artificial Intelligence, SR University, Warangal, Telangana, India",2026 IEEE International Conference on Emerging Computing and Intelligent Technologies (ICoECIT),"5 May 2026","2026","","","1","7","Brain stroke is also on the list of the leading causes of death and long-term disability in the world and early and accurate diagnosis is a major difference in guaranteeing appropriate intervention. The classical machine learning models, even though they are popular, are defined by inability to scale, poor capability to handle heterogeneous medical data and poor security features. To address those challenges, the proposed research project will use an X-LSTM-based digital twin system that could leverage the strength of the consortium blockchain technology in offering security and non-tampered operations of the medical information. The framework combines multimodal input, including clinical history, lifestyle-based (implicated by sleep and nutrition) factors, and diagnostic images with hierarchical feature extraction using a long LSTM network, which is more effective in learning temporal features than the classical LSTM, CNN, and ensemble models. Through experimental analysis, it was established that its predictive accuracy is 87.08 which is measurably higher than the results of hybrid CNN-LSTM (82.5) and weighted ensemble (84.3) methods. Besides prediction, the system offers high data security and dynamic error correction facilities at the back-end making it reliable with respect to its implementation in the healthcare infrastructure. The framework can be proven to be adaptable to other diseases, initial testing has revealed that it can be extended to heart attack and the monitoring of epilepsy with an over 80 percent success rate. The model is a step further in comparison with recent blockchain-based healthcare and medical digital twin models, which increase the predictive accuracy, resilience, and real-time applicability and introduce a dynamic feedback loop of a digital twin that simulates individual intervention effect to preventive care.","","979-8-3315-8997-4","10.1109/ICoECIT68303.2026.11497372","","https://ieeexplore.ieee.org/stamp/stamp.jsp?arnumber=11497372","Predicting brain strokes;X-LSTM;Digital twin;Blockchain;Healthcare security;Machine learning;Predictive analytics;Smart healthcare systems","Sensor systems;Activity recognition;Feeds;Filtering;Contacts;Filters;Circuits and systems;Internet of Things;Radio access networks;Regional area networks","","","","30","IEEE","5 May 2026","28-29 Jan. 2026","28-29 Jan. 2026","IEEE","IEEE Conferences"
"Early Breast Cancer Detection Using Artificial Intelligence","M. Anitha; C. R. Prasad; J. B. Awotunde","Department of ECE, SR University, Warangal, Telangana; Dept. of ECE, SR University, Warangal, India; Dept. of CSE, University of Ilorin, Nigeria","2025 2nd International Conference on Recent Trends in Electrical, Electronics and Computing Technologies (ICRTEECT)","26 Mar 2026","2025","","","1","9","The most common disease among women globally is breast cancer and it has serious financial and human repercussions. In large part, early identification is essential to improving patient outcomes and lowering treatment costs. The integration of artificial intelligence (AI) into healthcare is highlighted in this research, which also examines how AI can revolutionize breast cancer early detection. Artificial intelligence (AI), particularly machine learning and deep learning techniques, enhances the precision and effectiveness of imaging processes such as mammography, ultrasound, and magnetic resonance imaging. These techniques may identify minute irregularities and personalize risk assessments. Vision transformers (ViTs) and convolutional neural networks (CNNs), two examples of advanced AI models, have shown enhanced ability in analysing complicated medical images, reducing false positives and negatives and enabling early diagnoses. Furthermore, by providing less intrusive ways to find circulating tumor DNA and other indicators, AI-powered liquid biopsies are improving early detection techniques. In order to enhance customized medicine and diagnostic precision, future projects will concentrate on building digital twin technologies, explainable AI models, clinical decision support systems, and applications beyond simple detection. Multi-modal data will also be utilized. AI has the ability to transform early breast cancer diagnosis through interdisciplinary collaboration, enhancing patient results and reducing the disease's global influence.","","979-8-3315-8172-5","10.1109/ICRTEECT67512.2025.11448768","","https://ieeexplore.ieee.org/stamp/stamp.jsp?arnumber=11448768","Artificial intelligence;breast cancer diagnosis;convolutional neural networks (CNNs);deep learning;machine learning","Deep learning;Ethics;Ultrasonic imaging;Costs;Magnetic resonance imaging;Medical services;Breast cancer;Artificial intelligence;Medical diagnostic imaging;Tumors","","","","17","IEEE","26 Mar 2026","30-31 Oct. 2025","30-31 Oct. 2025","IEEE","IEEE Conferences"
"A Grey-Box Neural Network for Online Identification of Capacitor Impedance Spectrum","W. Huang; Y. Wang; Q. Hao; J. Yan; L. Zhu; S. Chen; G. Deng","Engineering Development Department, Wuhan Land Electric Co., Ltd., Wuhan, China; Engineering Development Department, Wuhan Land Electric Co., Ltd., Wuhan, China; Engineering Development Department, Wuhan Land Electric Co., Ltd., Wuhan, China; Engineering Development Department, Wuhan Land Electric Co., Ltd., Wuhan, China; Engineering Development Department, Wuhan Land Electric Co., Ltd., Wuhan, China; Engineering Development Department, Wuhan Land Electric Co., Ltd., Wuhan, China; Development Department, Jiashan Solartron Capacitor Co., Ltd., Jiaxing, China","2026 9th International Conference on Energy, Electrical and Power Engineering (CEEPE)","10 Jun 2026","2026","","","206","211","Accurate online monitoring of DC-link capacitor health is critical for ensuring the reliability of power electronic converters. While wide-band Electrochemical Impedance Spectroscopy (EIS) provides a comprehensive diagnostic fingerprint, its in-situ acquisition remains a significant challenge. This paper proposes a novel grey-box neural network (GBNN) framework for the online identification of a capacitor's full impedance spectrum. The proposed GBNN architecture utilizes a neural network not as a black-box predictor, but as an intelligent parameter estimator for a physics-based equivalent circuit model (ECM). The network is trained without parameter labels by minimizing the error between the measured terminal voltage and a predicted voltage generated by the ECM itself, using a physics-informed loss function. This structure embeds physical constraints directly into the learning process. Experimental validation was performed on a 470 μF aluminum electrolytic capacitor in a DC-DC converter. The results demonstrate that the GBNN can accurately reconstruct the impedance spectrum from 10 Hz to 200 kHz, showing excellent agreement with measurements from a high-precision impedance analyzer. This work presents a promising approach for developing high-fidelity, interpretable digital twins for power electronic components.","","979-8-3315-5029-5","10.1109/CEEPE69795.2026.11552106","","https://ieeexplore.ieee.org/stamp/stamp.jsp?arnumber=11552106","Capacitor health monitoring;Grey-Box model;Electrochemical impedance spectroscopy","Capacitors;Impedance;Modeling;Printing;Electronic countermeasures;Frequency;Voltage;Aluminum;Aging;Measurement","","","","26","IEEE","10 Jun 2026","17-19 April 2026","17-19 April 2026","IEEE","IEEE Conferences"
"Safety and Durability Enhancement of Lithium-ion Batteries Using Hybrid Deep Learning Approaches","M. Irfan; L. Xu; M. Liu; L. Chen; L. Tong; Y. Yuan; T. Yang; C. Yuan; J. Xiao","School of Automotive Engineering, Wuhan University of Technology, Wuhan, China; School of Naval Architecture, Ocean and Energy Power Engineering, Wuhan University of Technology, Wuhan, China; Research Institute of State Grid, Zhejiang Electric Power Co., Ltd., Hangzhou, China; Research Institute of State Grid, Zhejiang Electric Power Co., Ltd., Hangzhou, China; School of Transportation and Logistics Engineering, Wuhan University of Technology, Wuhan, China; School of Transportation and Logistics Engineering, Wuhan University of Technology, Wuhan, China; School of Automotive Engineering, Wuhan University of Technology, Wuhan, China; School of Transportation and Logistics Engineering, Wuhan University of Technology, Wuhan, China; School of Automotive Engineering, Wuhan University of Technology, Wuhan, China",2025 8th International Conference on Transportation Information and Safety (ICTIS),"31 Oct 2025","2025","","","2045","2054","Lithium-ion batteries are integral to electric vehicle (EV) power systems due to their high performance, yet safety and environmental concerns remain critical. Under the global ""double carbon"" strategy, tracking the carbon footprint and evaluating environmental impacts across the battery lifecycle have become pivotal research areas. This study addresses these challenges by proposing a comprehensive lifecycle assessment framework, incorporating advanced techniques and evaluation metrics. We introduce a novel strategy for predicting State of Health (SOH) and Remaining Useful Life (RUL) using uncertainty analysis, essential for forecasting battery performance degradation. Two hybrid deep learning models are developed: a CNN-LSTM-Attention model for SOH prediction and a CNN-BiLSTM model for RUL prediction. These models demonstrate exceptional accuracy, with R2 scores of 0.8245 and 0.9656, respectively, highlighting their robustness in capturing battery degradation patterns. Furthermore, the integration of digital twin (DT) technology enhances RUL and health prediction, offering significant real-world applicability. This research provides a transformative approach to improving LiB safety, efficiency, and sustainability, contributing to the advancement of EV technologies and environmental impact mitigation.","2832-899X","979-8-3315-9248-6","10.1109/ICTIS68762.2025.11214889","Wuhan University of Technology; Ministry of Education; ","https://ieeexplore.ieee.org/stamp/stamp.jsp?arnumber=11214889","lithium-ion battery;state of health;long short-term memory;digital twin;neural network","Lithium-ion batteries;Degradation;Deep learning;Measurement;Uncertainty;Transportation;Predictive models;Real-time systems;Safety;Digital twins","","","","52","IEEE","31 Oct 2025","16-19 July 2025","16-19 July 2025","IEEE","IEEE Conferences"
"MultiMOORA-Guided Federated Learning With KD Stabilization for Health Monitoring Devices as Protection Against Poisoning Attacks","A. Jaszcz; D. Połap; G. Srivastava","Faculty of Applied Mathematics, Silesian University of Technology, Gliwice, Poland; Faculty of Applied Mathematics, Silesian University of Technology, Gliwice, Poland; Department of Math and Computer Science, Brandon University, Brandon, MB, Canada",IEEE Internet of Things Journal,"4 Feb 2026","2026","13","4","6993","7001","Federated learning (FL) has emerged as a practical solution for training deep neural networks while preserving data privacy, particularly in scenarios like the Internet of Things (IoT), where user devices generate sensitive private data. While FL addresses privacy concerns, the existing aggregation methods remain vulnerable to malicious poisoning attacks. Therefore, developing new approaches to optimize client selection as a preventive mechanism is crucial to FL’s strategy. This article introduces a novel enhancement to FL by integrating the MultiMOORA technique into a robust aggregation mechanism with knowledge distillation (KD). During FL rounds, local models are evaluated using classification metrics (loss, accuracy, precision, recall, and  $F1$ -score) and ranked using the multicriteria decision maker (MCDM). The resulting ranking is used to select the best-performing models for aggregation and to detect possible infected clients. Furthermore, the top client is chosen as an aggregator. During aggregation, the chosen best models are weight-averaged and form a teacher ensemble, used for stabilizing the newly formed global model via KD. The proposed FL strategy reduces the risk of adversarial poisoning attacks on FL systems and stabilizes the FL training process. The experimental results indicate the system’s resilience and ability to perform reliably in hostile environments, as the proposed FL system achieved 89.50%  $F1$ -score under a label-poisoning scenario. Based on further analysis, the proposed methods could be integrated into a digital-twin-based modern healthcare system.","2327-4662","","10.1109/JIOT.2025.3638263","Silesian University of Technology(grant numbers:BKM-654/RMS2/2025,09/020/SDU/10-21-01); ","https://ieeexplore.ieee.org/stamp/stamp.jsp?arnumber=11271040","Consensus;federated learning (FL);machine learning;multiMOORA","Internet of Things;Training;Medical services;Federated learning;Accuracy;Servers;Security;Measurement;Mathematical models;Digital twins","","1","","28","IEEE","27 Nov 2025","15 Feb.15, 2026","","IEEE","IEEE Journals"
"Conditional Neural ODE for Longitudinal Parkinson's Disease Progression Forecasting","X. Wang; Y. Zhao; K. Han; X. Luo; S. van Rooij; J. Stevens; L. He; L. Zhan; Y. Sun; W. Wang; C. Yang","Emory University; Illinois Institute of Technology; University of California, Los Angeles; University of Wisconsin-Madison; Emory University; Emory University; Lehigh University; University of Pittsburgh; University of California, Los Angeles; University of California, Los Angeles; Emory University",2025 IEEE International Conference on Bioinformatics and Biomedicine (BIBM),"29 Jan 2026","2025","","","4131","4134","Parkinson's disease (PD) shows heterogeneous, evolving brain-morphometry patterns. Modeling these longitudinal trajectories enables mechanistic insight, treatment development, and individualized ‘digital-twin’ forecasting. However, existing methods usually adopt recurrent neural networks and transformer architectures, which rely on discrete, regularly sampled data while struggling to handle irregular and sparse magnetic resonance imaging (MRI) in PD cohorts. Moreover, these methods have difficulty capturing individual heterogeneity including variations in disease onset, progression rate, and symptom severity, which is a hallmark of PD. To address these challenges, we propose CNODE (Conditional Neural ODE), a novel framework for continuous, individualized PD progression forecasting. The core of CNODE is to model morphological brain changes as continuous temporal processes using a neural ODE model. In addition, we jointly learn patient-specific initial time and progress speed to align individual trajectories into a shared progression trajectory. We validate CNODE on the Parkinson's Progression Markers Initiative (PPMI) dataset. Experimental results show that our method outperforms state-of-the-art baselines in forecasting longitudinal PD progression.","2156-1133","979-8-3315-1557-7","10.1109/BIBM66473.2025.11356813","National Science Foundation(grant numbers:2319449,2312502,2442172,2045848,2215789,2319450,2319451,2106859,2200274,2312501,2211557,2119643,2303037,2531008); National Institutes of Health(grant numbers:U54HG012517,U24DK097771,U54OD036472,OT2OD038003); National Institute of Diabetes and Digestive and Kidney Diseases(grant numbers:K25DK135913); ","https://ieeexplore.ieee.org/stamp/stamp.jsp?arnumber=11356813","Neural ODE;Parkinson's disease progression;Time series forecasting;Contrastive learning;MRI","Recurrent neural networks;Parkinson's disease;Shape;Magnetic resonance imaging;Time series analysis;Predictive models;Brain modeling;Transformers;Trajectory;Forecasting","","1","","21","IEEE","29 Jan 2026","15-18 Dec. 2025","15-18 Dec. 2025","IEEE","IEEE Conferences"
"Liquid-Sequencer: A Lightweight Liquid Neural Network for Real-Time Fetal Congenital Heart Disease Diagnosis","S. Qiao; J. Gao; M. Wang; Q. Guo; C. Liu; S. Wang; Z. Zhao; M. Shabaz","Tianjin Key Laboratory of Intelligent Control of Electrical Equipment; Tianjin Key Laboratory of Intelligent Control of Electrical Equipment, Tiangong University, Tianjin, China; School of Life Sciences, Tiangong University, Tianjin, China; School of Artificial Intelligence, Tiangong University, Tianjin, China; NOVA Information Management School, Nova University of Lisbon, Lisbon, Portugal; Shenzhen Institutes of Advanced Technology, Chinese Academy of Sciences, Shenzhen, China; College of Computer Science and Technology, China University of Petroleum (East China), Qingdao, China; Marwadi University Research Center, Department of Computer Engineering, Faculty of Engineering and Technology, Marwadi University, Rajkot, Gujarat, India",IEEE Journal of Biomedical and Health Informatics,"","2026","PP","99","1","10","Congenital heart disease (CHD) is the leading cause of neonatal mortality worldwide, making early and accurate diagnosis crucial. In resource-constrained regions, standardized ultrasound screening remains difficult due to the shortage of specialized clinicians. Digital Twin (DT) technology, which constructs virtual AI diagnostic models, enables personalized assessments of heart structure and function, offering intelligent diagnostic support in primary or remote healthcare settings. However, the real-time updates required by DT systems place increased demands on the inference speed and computational efficiency of AI models. Existing methods often suffer from parameter redundancy and inference delays, making them inadequate for meeting the low-latency, large-scale needs of clinical applications. To overcome these challenges, we propose the Liquid-Sequencer, a lightweight model for the diagnosis of fetal CHD. The model first employs a convolutional network with DPSE (Depthwise Separable and Squeeze-and-Excitation) modules to efficiently extract spatial features by utilizing depthwise separable convolution and channel attention. These feature maps are then processed by a bidirectional liquid sequence module, where orthogonally scanned Liquid Neural Networks (LNNs) capture global context with linear complexity, offering a more efficient alternative to self-attention mechanisms. This integration of spatial and sequential learning is well-suited to the dynamic nature of fetal cardiac ultrasound and the demands of DT systems. Experimental results on 12 datasets demonstrate outstanding performance with only 0.30M parameters. Additionally, t-SNE visualizations reveal highly discriminative feature representations and clear inter-class separations, underscoring the model's potential as an advanced diagnostic tool.","2168-2208","","10.1109/JBHI.2026.3668775","","https://ieeexplore.ieee.org/stamp/stamp.jsp?arnumber=11415602","Fetal CHD diagnosis;Lightweight model;Liquid neural networks;Digital Twin","Computational modeling;Feature extraction;Liquids;Ultrasonic imaging;Computer architecture;Adaptation models;Accuracy;Artificial intelligence;Real-time systems;Digital twins","","5","","","IEEE","27 Feb 2026","","","IEEE","IEEE Early Access Articles"
"Advances in Machine Learning and Deep Learning for Early Disease Detection in Healthcare","V. Singh; H. Sadia","CSE Dept., Integral University, Lucknow, India; Department of Computer Science & Engineering, Integral University, Lucknow, India","2025 2nd International Conference on Recent Trends in Electrical, Electronics and Computing Technologies (ICRTEECT)","26 Mar 2026","2025","","","1","7","Artificial intelligence (AI) is reshaping the landscape of early disease detection by leveraging multimodal data, advanced deep learning architectures, and privacy-preserving frameworks. This review consolidates developments from 2023–2025, emphasizing foundation models, multimodal large language models (MLLMs), self-supervised learning (SSL), and federated learning (FL). Results across cardiovascular, oncological, neurodegenerative, infectious, and renal/metabolic domains demonstrate that foundation models such as MedSAM and MedCLIP reduce annotation costs by over 40%, while SSL-pretrained ECG classifiers improve arrhythmia detection accuracy by 12–15% compared to supervised baselines. MLLMs, including Med-PaLM and BioGPT-4, have achieved zero-shot diagnostic reasoning with consistency scores exceeding 80% on external validation datasets. FL deployments have enabled secure multi-hospital collaborations, improving cardiovascular risk prediction AUC by 0.07–0.10 over siloed models. Despite these advances, challenges remain in fairness, calibration, interpretability, and sustainability. Future directions highlight hybrid FL– foundation approaches, test-time adaptation, causal discovery, and digital twin integration as pathways toward globally scalable and equitable AI systems. This synthesis underscores that AI in early detection is moving from experimental prototypes to deployment-ready frameworks that balance accuracy, privacy, and clinical utility.","","979-8-3315-8172-5","10.1109/ICRTEECT67512.2025.11448724","","https://ieeexplore.ieee.org/stamp/stamp.jsp?arnumber=11448724","Artificial Intelligence;Causal Discovery;Digital Twins;Early Disease Detection;Federated Learning;Foundation Models;Multimodal Large Language Models;Privacy Preservation;Self-Supervised Learning;Temporal Modeling","Privacy;Accuracy;Foundation models;Large language models;Prototypes;Self-supervised learning;Medical services;Digital twins;Sustainable development;Diseases","","","","32","IEEE","26 Mar 2026","30-31 Oct. 2025","30-31 Oct. 2025","IEEE","IEEE Conferences"
"Comparative Analysis on Cardiac and Diabetic Disease Prediction Using Machine Learning Techniques","Sheetal; S. S. Deora","Department of Computer Science and Applications, Maharishi Dayanand University, Rohtak, India; Department of Computer Science and Applications, Maharishi Dayanand University, Rohtak, India",2024 Sixth International Conference on Computational Intelligence and Communication Technologies (CCICT),"19 Jul 2024","2024","","","336","342","Diabetes and cardiac conditions are essentially distinguished by elevated blood glucose levels and cardiovascular disorders, respectively. A diverse array of complex illnesses, including but not limited to heart attack, renal failure, and stroke, are associated with it. Diabetes has a global prevalence of over 422 million people in 2014, making it the most common metabolic disease on the planet. The primary objective of this study is to evaluate and compare the performance of Support Vector Machines (SVM), Decision Trees, Artificial Neural Networks (ANN), and k-nearest Neighbors (KNN) in classifying diabetes and cardiac patients using a specific dataset. The present study serves as a roadmap for future research in predictive analytics for cardiac and diabetes ailments by analyzing current literature and identifying research gaps. The primary objective is to create the way for the generation of robust, accessible, and clinically feasible ML models that can significantly contribute to the early identification and management of these common health conditions, thus enhancing the outcomes of patients as well as decreasing the burden on healthcare systems around the world. Models based on supervised learning algorithms have been discussed along with other interesting findings that are important in developing overall understanding of model for disease prediction algorithms. This study carefully assesses the selected papers and finds gaps in the current literature that will be helpful for researchers to develop and use in clinical domains, especially on heart and diabetic disease data sets. This study will also help medical professionals to identify cardiac and diabetic risks in advance, enabling them to take preventive actions.","","979-8-3503-7462-9","10.1109/CCICT62777.2024.00062","","https://ieeexplore.ieee.org/stamp/stamp.jsp?arnumber=10596591","Diabetic patient;cardiac diseases;machine learning;KNN;ANN","Support vector machines;Supervised learning;Artificial neural networks;Predictive models;Nearest neighbor methods;Stroke (medical condition);Prediction algorithms","","","","25","IEEE","19 Jul 2024","19-20 April 2024","19-20 April 2024","IEEE","IEEE Conferences"
"Integrating LLM-Based Nutrient Estimation from Chinese Diet Logs for Better Continuous Glucose Forecasting","L. Ma; J. Hao; L. Yang; X. Xu; J. Li","Institute of Medical Information, Chinese Academy of Medical Science & Peking Union Medical College, Beijing, China; Institute of Medical Information, Chinese Academy of Medical Science & Peking Union Medical College, Beijing, China; Institute of Medical Information, Chinese Academy of Medical Science & Peking Union Medical College, Beijing, China; Institute of Medical Information, Chinese Academy of Medical Science & Peking Union Medical College, Beijing, China; Institute of Medical Information, Chinese Academy of Medical Science & Peking Union Medical College, Beijing, China",2025 IEEE International Conference on Bioinformatics and Biomedicine (BIBM),"29 Jan 2026","2025","","","7372","7378","Accurate short-term forecasting of blood glucose is essential for safe diabetes self-management, yet existing forecasters seldom leverage nutrients estimated from free-text meal logs. This estimating nutrient is especially challenging for Chinese meals due to mixed dishes and diverse preparation styles. In this study, we investigate whether large language model (LLM)-based nutrient estimation from Chinese diet logs can improve dynamic glucose forecasting. Five Chinese-capable LLMs for Chinese texts (GPT5-mini, DeepSeekv3.1, Llama3.170B, GLM4.5, Qwen3-235B) are prompted to estimate macronutrients and weighted GI for meals. We also compare two pipelines for nutrition estimation: database-first with LLM fallback and LLM-only with retrieval-augmented generation (RAG). We propose a seasonal-patch Transformer architecture designed for multi-source feature fusion, integrating dynamic sequences, static patient data, diet word embeddings, and the LLM-estimated nutritional profiles. Experiments on 112 realworld Chinese patients (ShanghaiT1DM $\mathrm{n}=12$, ShanghaiT2DM $\mathbf{n}=\mathbf{1 0 0}$) showed that, versus a no-LLM baseline, LLMaugmented models reduced 3-h postprandial RMSE by up to 1.2 $\mathbf{m g} / \mathbf{d L}(\mathbf{3 6. 0 6} \rightarrow \mathbf{3 4. 8 6 ~ m g} / \mathbf{d L})$ and achieved the best full-period RMSE of $26.66 \text{mg} / \text{dL}$, comparable to a recent large pretraining forecasting model. Forecast gain correlates strongest with carbohydrate $(\rho=0.94)$ and fat $(\rho=0.77)$ estimation accuracy. These results demonstrate that LLM-based nutritional feature engineering provides a critical pathway toward more precise, personalized CGM forecasting and the realization of clinical digital twins.","2156-1133","979-8-3315-1557-7","10.1109/BIBM66473.2025.11356183","","https://ieeexplore.ieee.org/stamp/stamp.jsp?arnumber=11356183","Continuous Glucose Monitoring (CGM);Glucose Forecasting;Large Language Models (LLM);Nutrient Estimation;Diabetes Management","Accuracy;Large language models;Estimation;Predictive models;Nutrients;Transformers;Glucose;Diabetes;Digital twins;Forecasting","","","","29","IEEE","29 Jan 2026","15-18 Dec. 2025","15-18 Dec. 2025","IEEE","IEEE Conferences"
"Learning Spatio-Temporal Model of Disease Progression With NeuralODEs From Longitudinal Volumetric Data","D. Lachinov; A. Chakravarty; C. Grechenig; U. Schmidt-Erfurth; H. Bogunović","Department of Ophthalmology and Optometry, Christian Doppler Lab for Artificial Intelligence in Retina, Medical University of Vienna, Vienna, Austria; Department of Ophthalmology and Optometry, Medical University of Vienna, Vienna, Austria; Department of Ophthalmology and Optometry, Medical University of Vienna, Vienna, Austria; Department of Ophthalmology and Optometry, Medical University of Vienna, Vienna, Austria; Department of Ophthalmology and Optometry, Christian Doppler Lab for Artificial Intelligence in Retina, Medical University of Vienna, Vienna, Austria",IEEE Transactions on Medical Imaging,"5 Mar 2024","2024","43","3","1165","1179","Robust forecasting of the future anatomical changes inflicted by an ongoing disease is an extremely challenging task that is out of grasp even for experienced healthcare professionals. Such a capability, however, is of great importance since it can improve patient management by providing information on the speed of disease progression already at the admission stage, or it can enrich the clinical trials with fast progressors and avoid the need for control arms by the means of digital twins. In this work, we develop a deep learning method that models the evolution of age-related disease by processing a single medical scan and providing a segmentation of the target anatomy at a requested future point in time. Our method represents a time-invariant physical process and solves a large-scale problem of modeling temporal pixel-level changes utilizing NeuralODEs. In addition, we demonstrate the approaches to incorporate the prior domain-specific constraints into our method and define temporal Dice loss for learning temporal objectives. To evaluate the applicability of our approach across different age-related diseases and imaging modalities, we developed and tested the proposed method on the datasets with 967 retinal OCT volumes of 100 patients with Geographic Atrophy and 2823 brain MRI volumes of 633 patients with Alzheimer’s Disease. For Geographic Atrophy, the proposed method outperformed the related baseline models in the atrophy growth prediction. For Alzheimer’s Disease, the proposed method demonstrated remarkable performance in predicting the brain ventricle changes induced by the disease, achieving the state-of-the-art result on TADPOLE cross-sectional prediction challenge dataset.","1558-254X","","10.1109/TMI.2023.3330576","Christian Doppler Research Association; Austrian Federal Ministry for Digital and Economic Affairs; Österreichische Nationalstiftung für Forschung, Technologie und Entwicklung; ","https://ieeexplore.ieee.org/stamp/stamp.jsp?arnumber=10311413","Disease progression;deep learning;longitudinal imaging;retina;geographic atrophy;Alzheimer’s disease","Predictive models;Atrophy;Imaging;Brain modeling;Biomarkers;Solid modeling;Retina","Humans;Alzheimer Disease;Geographic Atrophy;Cross-Sectional Studies;Magnetic Resonance Imaging;Disease Progression","27","","57","IEEE","7 Nov 2023","March 2024","","IEEE","IEEE Journals"
"A Design for Availability Process Framework with Field Data and Web-based Tools","O. van der Burgt; I. Anthony Okaro",Royal Philips; Royal Philips,2023 Annual Reliability and Maintainability Symposium (RAMS),"5 Apr 2023","2023","","","1","5","SUMMARY & CONCLUSIONSThis paper presents a Design for Availability approach for repairable health care Systems and Solutions; based on a framework which merges modeling approaches with managing and balancing of Reliability and Maintainability characteristics. The approach is used to prioritize the required Design for Reliability and Maintainability activities during the development phases of health care Systems and Solutions. It is supported by an ‘easy’ and ‘intuitive’ web-based toolset.The presented approach is applicable to product development and continuous improvement of fielded systems. It also serves as an enabler of digital twins for further Availability optimization.The Design for Availability approach starts with modeling of the System and Solution design in the Availability Design Tool, considering existing and new functionalities as well as different maintenance types. This is done in a hierarchal way to manage complexity. Historical data analysis as well as change point analysis are used to predict the Reliability, Availability, Maintainability and Life Cycle Cost of the Systems and Solutions under development.Field data on both Reliability as well as Maintainability aspects are obtained via a data pipeline, thereby connecting the web-based Availability Design Tool with the data lake. For non-part related Maintenance activities, work order text analytics with Deep Learning algorithms is used to classify the activities and their impact. This is fed to the Availability model to improve the overall predictive capability of the model.With the Availability model and FMEA as inputs, a qualitative and quantitative analysis is executed to determine the Maintainability and Reliability of critical elements and parts in the proposed design. Easy execution of the FMEA is supported by a web based FMEA tool, allowing clear technical risk identification and prioritization.Based on the criticality analysis, work packages are defined. The work packages contain the Design for Reliability and Maintainability activities required, to ensure that the Systems and Solutions Availability and Life Cycle Cost objectives are met.Upon execution of the Design for Reliability and Maintainability activities, the initial model will require updates because of improved knowledge and understanding of probabilities of failure modes. This is also necessary due to the implemented design changes which mitigate the identified Reliability and Maintainability criticalities; either by preventing failures from occurring, implementation of fault tolerance or fault removal strategies.The approach allows for creating a hierarchical Availability model which includes Hardware as well as Software elements and feeding it with (near real-time) field data. This allows and prepares the model for use as digital twin for further optimization of the Availability of health care Systems and Solutions. The approach can be applied on an individual system as well as on multiple systems; enabled by an easy and free-to-use web-based toolset.","2577-0993","978-1-6654-6053-8","10.1109/RAMS51473.2023.10088264","","https://ieeexplore.ieee.org/stamp/stamp.jsp?arnumber=10088264","Availability;Reliability & Maintainability applications in Health care","Analytical models;Costs;Statistical analysis;Medical services;Predictive models;Maintenance engineering;Reliability engineering","","","","3","IEEE","5 Apr 2023","23-26 Jan. 2023","23-26 Jan. 2023","IEEE","IEEE Conferences"
"Investigation of VGG 16 Transfer Learning and CNN Integrated Brain Tumour Detection","D. Upadhyay; K. B. Sharma; M. Gupta","Dept. of Computer Science and Engineering, Graphic Era Hill University, Dehradun, India; Dept. of Computer Science and Engineering, Graphic Era deemed to be University, Dehradun, India; Dept. of Electronics and Engineering, Dehradun, India","2024 International Conference on Computer, Electronics, Electrical Engineering & their Applications (IC2E3)","10 Jan 2025","2024","","","1","6","This study had conducted an intensive exploration of the possibilities of VGG-16 and VGG-19 Convolutional Neural Network models for picture categorisation. Using a thorough method comprising substantial training and severe testing, we may observe both steady loss decrease and significant model accuracy improvements. It is assumed that the models may appropriately keep track of subtle variations in data to which they are adversarial while identifying regular patterns they may generalize. The VGG models’ architecture is quite sophisticated, but as seen above, they give strong classification accuracy, with performance in nearly ideal 99 percent in many trials. This integration proves that extremely advanced deep learning instruments are competent to handle and complete even very sophisticated picture recognition assignments. Additionally, our experiments identify a few essential aspects of model adjustment and tuning identifying important techniques considerably enhancing CNN outcomes in application scenarios. This study is pioneering for the automatic picture identification discipline since it provided a strong understanding of the generality and model quicker than many real-world models. Additionally, it exhibits that the CNN structures enhance artificial intelligence's power to recognize visual input and could improve many sectors like the surveillance and health systems. The findings defined here may now open the door to more progress in deep learning and picture process analyses while reiterated the importance of CNN in modern technology.","","979-8-3503-8853-4","10.1109/IC2E362166.2024.10827224","","https://ieeexplore.ieee.org/stamp/stamp.jsp?arnumber=10827224","VGG 16;CNN;Deep Learning;Brain Tumor","Training;Deep learning;Visualization;Accuracy;Brain modeling;Data models;Convolutional neural networks;Tuning;Tumors;Testing","","1","","16","IEEE","10 Jan 2025","6-7 June 2024","6-7 June 2024","IEEE","IEEE Conferences"
"The Evolving Landscape of Artificial Intelligence in Biomedical Imaging","S. Kosunalp; S. Bulut; A. Korkmaz","Dept. of Computer Technologies, Bandırma Onyedi Eylul University, Balıkesir, Türkiye; Dept. of Computer Technologies, Kırklareli University, Kirklareli, Türkiye; Dept. of Computer Technologies, Bandırma Onyedi Eylul University, Balıkesir, Türkiye","2025 6th International Conference on Communications, Information, Electronic and Energy Systems (CIEES)","25 Dec 2025","2025","","","1","7","Artificial intelligence (AI) is transforming biomedical imaging and diagnostics by enabling faster, more accurate, and personalized healthcare solutions. The rise of smart digital ecosystems—integrating cloud computing, the Internet of Things (IoT), and digital twins—has further accelerated the clinical adoption of AI technologies. This study presents a comprehensive bibliometric analysis of AI applications in biomedical imaging and diagnostics from 2019 to 2025, using data retrieved from the Web of Science (WoS) database. Through VOSviewer-Based mapping of 893 publications, key research trends, influential contributors, and international collaboration networks are identified. Dominant research themes include deep learning for medical image segmentation, generative models for synthetic data augmentation, federated learning for privacy-preserving healthcare, and explainable AI (XAI) for enhancing clinical transparency. Temporal evolution analysis reveals a shift from convolutional neural networks (CNNs) toward transformer and diffusion models in recent years. The findings emphasize the field’s increasingly interdisciplinary nature and highlight the need for diverse datasets, ethical frameworks, and interpretable models to ensure trustworthy and scalable AI integration in healthcare. This study provides a systematic and data-driven foundation to guide future research, collaboration, and policy development in the advancement of AI-enabled biomedical imaging.","","979-8-3315-0119-8","10.1109/CIEES66347.2025.11300121","","https://ieeexplore.ieee.org/stamp/stamp.jsp?arnumber=11300121","artificial intelligence;biomedical imaging;smart digital ecosystem;generative AI;bibliometric analysis;medical diagnostics;explainable AI;federated learning;digital health;citation mapping","Ethics;Systematics;Explainable AI;Federated learning;Biological system modeling;Ecosystems;Green products;Internet of Things;Artificial intelligence;Biomedical imaging","","","","26","IEEE","25 Dec 2025","26-28 Nov. 2025","26-28 Nov. 2025","IEEE","IEEE Conferences"
"AI-Driven EMG Monitoring and Decision Support Framework","S. Khan; U. Anwar; K. Khurshid; R. Ullah; T. Arslan; M. Ahmed","SDAIA-KFUPM Joint Research Center for Artificial Intelligence (JRCAI), King Fahd University of Petroleum and Minerals (KFUPM), Dhahran, Saudi Arabia; School of Engineering, The University of Edinburgh, Edinburgh, U.K.; National University of Sciences and Technology, Islamabad, Pakistan; School of Computer Science and Electronic Engineering, University of Essex, Colchester, Essex, U.K.; School of Engineering, The University of Edinburgh, Edinburgh, U.K.; SDAIA-KFUPM Joint Research Center for Artificial Intelligence (JRCAI) and the Department of Information and Computer Science, King Fahd University of Petroleum and Minerals (KFUPM), Dhahran, Saudi Arabia",IEEE Sensors Journal,"13 Mar 2026","2026","26","6","8825","8839","Digital twin (DT) technology, a core pillar of Healthcare 4.0 (H4.0), enables intelligent, noninvasive, and personalized patient monitoring. This research presents a pilot AI-enabled electromyography (EMG)-driven DT framework for muscular activity assessments. The EMG data enables monitoring of muscle engagements and provides a comprehensive representation of physiological states. The raw EMG data, consisting of seven activities, that is, sitting, standing, walking, relax, stress ball, hand at rest, and fist, is subjected to denoising techniques of mean removal, smoothing, and digital filtering. Within the DT model, AI serves as the intelligence core that transforms these denoised signals into relevant digital states. Supervised and semi-supervised classifiers act as inference engines, continuously refining the DT as new data is incorporated, allowing it to evolve in synchrony with the patient’s condition. The decision support using machine learning (ML) and deep learning (DL) is employed for EMG classification, utilizing statistical features and autonomous feature extraction methodologies of autoencoder (AE) and stacked AE (SAE). The feature data is enriched and enlarged through Gaussian noise feature data augmentation for both feature extraction approaches. The fine KNN algorithm provides classification accuracy of 94.6% and 91.6%. However, the autonomous feature extraction through the SAE (32–16–32) with medium KNN provides an overall accuracy of 96.4% and 93.3 %. The promising results validate the effectiveness of the proposed framework as a dynamic, AI-driven DT system for prospective holistic patient multiphysiological monitoring and decision support.","1558-1748","","10.1109/JSEN.2026.3659791","Saudi Data and AI Authority and King Fahd University of Petroleum and Minerals through the SDAIA-KFUPM Joint Research Center for Artificial Intelligence(grant numbers:JRC-AI-RFP-20); ","https://ieeexplore.ieee.org/stamp/stamp.jsp?arnumber=11372987","Classification;deep learning (DL);digital twin (DT);electromyography (EMG);machine learning (ML);multiphysiological;signal processing","Electromyography;Monitoring;Feature extraction;Artificial intelligence;Medical services;Biomedical monitoring;Adaptation models;Neuromuscular;Intelligent sensors;Data models","","","","39","IEEE","6 Feb 2026","15 March15, 2026","","IEEE","IEEE Journals"
"A Sustainable AI-Enabled Predictive Maintenance Framework for Smart Industrial Systems Using Industrial IoT Data","V. K. B. Parasaram; V. T. Bathini; S. K. Nalluri; A. H. Sannidhanam","Pharma Services Group, Thermo Fisher Scientific Inc, Rockville, Maryland; Penumbra Inc, Alameda, California; Life Sciences Group, Thermo Fisher Scientific Inc, Frederick, Maryland; Independent researcher, Ashburn, Virginia",2026 Third International Conference on Innovations in Cybersecurity and Data Science (ICICDS),"17 Jul 2026","2026","","","440","447","Predictive maintenance and operational dependability depend on an accurate estimate of the remaining useful life (RUL) of aircraft engines. It helps airlines to schedule maintenance procedures, preventing unplanned downtime and unanticipated malfunctions. Through the use of sensor signals and complex DL models, RUL estimation ensures safety, maximizes engine utilization, and saves on maintenance costs. This paper proposes an AI-powered predictive maintenance system that leverages NASA C-MAPSS data to function as a full-fleet engine (turbofan) system. The process of data preprocessing involves Remaining Useful Life (RUL) generation, Health Index (HI) generation, feature selection, normalization, and sliding window generation. Three deep learning models are designed and tested LSTM with SelfAttention, BiLSTM with Multi-Scale Attention, and Transformer with Squeeze-Excitation on the basis of RMSE, MAE, and $\mathbf{R}^{\mathbf{2}}$. Alternatively, experimental findings show that Transformer + SE model works best with a $\mathbf{R}^{\mathbf{2}}=\mathbf{0. 8 5 3 0}$ and RMSE $=15.93$ which is superior to the previously employed methods. Moreover, the framework incorporates Explainable AI (XAI), uncertainty-driven risk evaluation, monitoring with a digital twin, and cost-benefit analysis to make decisions and their interpretation more interpretable.","","979-8-3195-3130-8","10.1109/ICICDS70526.2026.11604878","","https://ieeexplore.ieee.org/stamp/stamp.jsp?arnumber=11604878","Predictive Maintenance;Industrial Internet of Things (IIoT);Remaining Useful Life (RUL);Deep Learning;Transformer;Explainable AI (XAI);Health Index","Modeling;Engines;Transformers;Predictive maintenance;Long short term memory;Printing;Timing;Bidirectional long short term memory;Maintenance;Uncertainty","","","","24","IEEE","17 Jul 2026","25-27 June 2026","25-27 June 2026","IEEE","IEEE Conferences"
"Toward Real-World Voice Disorder Classification","H. -C. Kuo; Y. -P. Hsieh; H. -H. Tseng; C. -T. Wang; S. -H. Fang; Y. Tsao","Research Center for Information Technology Innovation, Academia Sinica, Taiwan; Research Center for Information Technology Innovation, Academia Sinica, Taiwan; Research Center for Information Technology Innovation, Academia Sinica, Taiwan; Department of Electrical Engineering, Yuan Ze University, Taiwan; Department of Electrical Engineering and AI Research Center, Yuan Ze University, Taiwan; Research Center for Information Technology Innovation, Academia Sinica, Taipei, Taiwan",IEEE Transactions on Biomedical Engineering,"27 Sep 2023","2023","70","10","2922","2932","Objective: Voice disorders significantly compromise individuals' ability to speak in their daily lives. Without early diagnosis and treatment, these disorders may deteriorate drastically. Thus, automatic classification systems at home are desirable for people who are inaccessible to clinical disease assessments. However, the performance of such systems may be weakened due to the constrained resources and domain mismatch between the clinical data and noisy real-world data. Methods: This study develops a compact and domain-robust voice disorder classification system to identify the utterances of health, neoplasm, and benign structural diseases. Our proposed system utilizes a feature extractor model composed of factorized convolutional neural networks and subsequently deploys domain adversarial training to reconcile the domain mismatch by extracting domain-invariant features. Results: The results show that the unweighted average recall in the noisy real-world domain improved by 13% and remained at 80% in the clinic domain with only slight degradation. The domain mismatch was effectively eliminated. Moreover, the proposed system reduced the usage of both memory and computation by over 73.9%. Conclusion: By deploying factorized convolutional neural networks and domain adversarial training, domain-invariant features can be derived for voice disorder classification with limited resources. The promising results confirm that the proposed system can significantly reduce resource consumption and improve classification accuracy by considering the domain mismatch. Significance: To the best of our knowledge, this is the first study that jointly considers real-world model compression and noise-robustness issues in voice disorder classification. The proposed system is intended for application to embedded systems with limited resources.","1558-2531","","10.1109/TBME.2023.3270532","Far Eatsern Memorial Hospital(grant numbers:FEMH2021-C-029); ","https://ieeexplore.ieee.org/stamp/stamp.jsp?arnumber=10109168","Voice disorder classification;model compression;domain adaptation;real-world application","Convolution;Feature extraction;Computational modeling;Training;Pathology;Noise measurement;Diseases","Humans;Voice Disorders;Neural Networks, Computer;Data Compression","10","","77","CCBY","26 Apr 2023","Oct. 2023","","IEEE","IEEE Journals"
"Systematic Review of Artificial Intelligence Methods for the Diagnosis of ASD and ADHD","A. Manocha; R. Kumari; G. Kaur; M. Bhatia","Maharishi Markandeshwar (Deemed to be University), Mullana - Ambala, Haryana, India; BBK DAV College for Women, Amritsar, India; Maharishi Markandeshwar (Deemed to be University), Mullana - Ambala, Haryana, India; National Institute of Technology, Kurukshetra, India",IEEE Internet of Things Journal,"","2026","PP","99","1","1","Repetitive Behavioral Disorders (RBDs), particularly Autism Spectrum Disorder and Attention-Deficit/Hyperactivity Disorder, require accurate and timely diagnostic methods because conventional assessments are largely subjective and behavior-based. Recent advances in Artificial Intelligence (AI), wearable sensing, Internet of Things (IoT), and Digital Twin (DT) technologies have enabled intelligent data-driven diagnostic frameworks. This review presents a comprehensive survey of AI-assisted RBD diagnosis from 2016 to 2025 using biomarkers such as Electroencephalography (EEG), gait, Magnetic Resonance Imaging (MRI), and kinesics. The review covers major stages of the diagnostic pipeline, including data acquisition, preprocessing, feature extraction, classification, multimodal fusion, and DT-assisted healthcare architectures. Public benchmark datasets, Machine Learning (ML) and Deep Learning (DL) methods, and multimodal diagnostic strategies are comparatively analyzed. The findings indicate that DL and multimodal frameworks generally achieve superior performance by integrating complementary neurological, physiological, and behavioral information. Emerging technologies such as Explainable Artificial Intelligence (XAI), Federated Learning (FL), edge intelligence, and DTs also show strong potential for personalized and privacy-preserving healthcare. This study further discusses major challenges that limit clinical deployment, including limited standardised datasets, small sample sizes, poor model generalisation, interoperability issues, cybersecurity risks, and computational complexity. Future research should therefore emphasize large-scale multimodal datasets, explainable and trustworthy AI, privacy-preserving collaborative learning, and DT-enabled clinical decision-support systems for reliable and scalable RBD diagnosis.","2327-4662","","10.1109/JIOT.2026.3735841","","https://ieeexplore.ieee.org/stamp/stamp.jsp?arnumber=11701500","Attention Hyperactivity Deficit Disorder;Autism Spectrum Disorder;Repetitive Behavioral Disorders;Digital Twin;Machine Learning;Deep Learning","Modeling;Artificial intelligence;Electroencephalography;Magnetic resonance imaging;Biomarkers;Medical diagnosis;Neuroimaging;Pediatrics;Accuracy;Reviews","","","","","IEEE","21 Sep 2026","","","IEEE","IEEE Early Access Articles"
"A Practical Way of Defending Critical Infrastructure in the Power Sector Against Cyber Attacks","K. S. Seow; E. Seow","Verixiom Pte. Ltd., Singapore; Practical Cyber, Singapore",2025 25th Conference of the Electric Power Supply Industry (CEPSI),"25 Feb 2026","2025","","","778","781","The power sector is undergoing a significant transformation driven by the increasing complexity of power grids, the integration of renewable energy sources, and the growing demand for reliable and sustainable power supplies. The evolving landscape of cyber-physical security brings unique challenges particularly to the OT (operational technology) environments of critical infrastructure in the power sector. The heightened risks from the IoT (Internet of Things) enabled monitoring of assets (e.g., transformers, circuit breakers), data sharing, digital twins that create virtual models of physical assets, automation, etc. expand the potential attack surface, making it imperative to address vulnerabilities that could disrupt physical operations or even cause disastrous consequences to the critical infrastructure. Cyber-attacks on critical infrastructure of power sector may target technologies, processes, networks, services, systems, and facilities essential to public safety, health, and economic activities. It is therefore necessary to have a paradigm shift – one that embraces a proactive, adversary-centric mindset built upon the amalgamation of deep engineering knowledge with cybersecurity principles. At its heart, this approach recognizes that engineers with intrinsic knowledge of physical processes, operational limitations, and potential failure points are uniquely positioned to identify the most critical and subtle vulnerabilities, which are often invisible from a purely IT-centric viewpoint. This paper intends to look into past incidents of cyber-attacks of critical infrastructure and discuss a possible solution using the framework of a proactive, adversary-centric mindset working with multi-disciplinary engineering knowledge at heart for defending OT environments by thinking and acting like the adversary.","","979-8-3315-7168-9","10.1109/CEPSI66359.2025.11403149","","https://ieeexplore.ieee.org/stamp/stamp.jsp?arnumber=11403149","Cyber Attack;Practical Cyber Framework;Critical Infrastructure;OT Environment;Adversary-Centric Mindset","Knowledge engineering;Heart;Companies;Transformers;Critical infrastructure;Internet of Things;Cyberattack;Surface treatment;Business;Resilience","","","","12","IEEE","25 Feb 2026","28 Oct.-1 Nov. 2025","28 Oct.-1 Nov. 2025","IEEE","IEEE Conferences"
"Status Monitoring and Full Lifecycle Assessment of Power Equipment Based on the Integration of Edge Intelligence and Cloud Computing","G. Lu; F. Ma; Y. Dang","School of Chemical Engineering, Qinghai University, Xining, China; School of Chemical Engineering, Qinghai University, Xining, China; School of Chemical Engineering, Qinghai University, Xining, China","2025 International Conference on Power Systems, Smart Grid, and Artificial Intelligence (PSGAI)","3 Mar 2026","2025","","","252","256","Modern power grids are expanding and becoming more heterogeneous, making legacy centralized condition monitoring and lifecycle assessment difficult to satisfy real-time and intelligent operation-and-maintenance requirements. This paper proposes ECCIM, a full-lifecycle intelligent assessment model that couples edge intelligence with cloud computing. On the edge, a Multi-source Temporal Feature Extractor (MTFE) and an Adaptive Graph Attention Network (AGAT) perform lightweight, event-driven state recognition and transmit only salient changes. In the cloud, a Cross-Modal Health State Encoder (CMHSE) and a Lifecycle Risk Assessment Module (LRAM) fuse sensor time series, maintenance logs, and physics-informed priors to model long-term degradation with a Transformer-enhanced digital-twin simulator. The physical priors refer to degradation monotonicity and hazard positivity constraints, insulation thermal-aging laws and maintenance-effect priors, and grid-consistent operating constraints that regularize state evolution. On the SoCal 28-Bus dataset, ECCIM improves lifecycle prediction accuracy by 12.4% over mainstream baselines, while reducing end-to-end alarm latency from 1.6s to 0.31s and lowering uplink traffic by 38.7%.","","979-8-3315-9118-2","10.1109/PSGAI68158.2025.11413458","","https://ieeexplore.ieee.org/stamp/stamp.jsp?arnumber=11413458","Edge Intelligence;Cloud Computing;Power Equipment Monitoring;Lifecycle Assessment;Digital Twin","Degradation;Cloud computing;Adaptation models;Accuracy;Fuses;Feature extraction;Digital twins;Topology;Uplink;Monitoring","","","","12","IEEE","3 Mar 2026","26-28 Dec. 2025","26-28 Dec. 2025","IEEE","IEEE Conferences"
"AI-Driven Approaches for Dynamic Melanoma Progression Analysis","K. K. G S; R. Marappan","School of Computer Science and Engineering, Vellore Institute of Technology, Chennai, Tamil Nadu; School of Computer Science and Engineering, Vellore Institute of Technology, Chennai, Tamil Nadu",2025 International Conference on Computing Technologies & Data Communication (ICCTDC),"22 Sep 2025","2025","","","1","6","Melanoma, a deadly form of skin cancer, accounts for approximately 60,000 deaths annually worldwide and demands advanced diagnostic and predictive methods to improve patient outcomes and reduce unnecessary biopsies. Recent advancements in Artificial Intelligence (AI), including Generative Adversarial Networks (GANs), hybrid models, and Deep Learning (DL) architectures, have achieved diagnostic accuracies ranging from 90% to 96% in state-of-the-art studies, showcasing significant potential in addressing challenges related to early detection and progression prediction. This research reviews the recent studies focusing on AI techniques for melanoma analysis, discussing their contributions and relevance to a dynamic melanoma progression framework. The key findings of this research reveal that GAN-based methods improve class balance and enhance model training by generating up to 20% more diverse synthetic data, while DL-based models consistently outperform traditional methods in lesion classification. The research synthesizes these insights to propose their integration into a personalized Digital Twin (DT) framework for lesion progression analysis. Additionally, it highlights challenges such as imbalanced datasets in up to 70% of reviewed cases, lack of dynamic simulation models, and the need for personalized treatment optimization while outlining opportunities for future integration of advanced AI methods.","","979-8-3315-2798-3","10.1109/ICCTDC64446.2025.11158014","","https://ieeexplore.ieee.org/stamp/stamp.jsp?arnumber=11158014","melanoma progression;artificial intelligence;adversarial networks;digital twin;early detection","Training;Analytical models;Melanoma;Data models;Numerical models;Digital twins;Lesions;Artificial intelligence;Optimization;Synthetic data","","","","15","IEEE","22 Sep 2025","4-5 July 2025","4-5 July 2025","IEEE","IEEE Conferences"
"GluGAN: Generating Personalized Glucose Time Series Using Generative Adversarial Networks","T. Zhu; K. Li; P. Herrero; P. Georgiou","Centre for Bio-inspired Technology, Imperial College London, London, U.K.; Institute of Health Informatics, University College London, London, U.K.; Centre for Bio-inspired Technology, Imperial College London, London, U.K.; Centre for Bio-inspired Technology, Imperial College London, London, U.K.",IEEE Journal of Biomedical and Health Informatics,"5 Oct 2023","2023","27","10","5122","5133","Time series data generated by continuous glucose monitoring sensors offer unparalleled opportunities for developing data-driven approaches, especially deep learning-based models, in diabetes management. Although these approaches have achieved state-of-the-art performance in various fields such as glucose prediction in type 1 diabetes (T1D), challenges remain in the acquisition of large-scale individual data for personalized modeling due to the elevated cost of clinical trials and data privacy regulations. In this work, we introduce GluGAN, a framework specifically designed for generating personalized glucose time series based on generative adversarial networks (GANs). Employing recurrent neural network (RNN) modules, the proposed framework uses a combination of unsupervised and supervised training to learn temporal dynamics in latent spaces. Aiming to assess the quality of synthetic data, we apply clinical metrics, distance scores, and discriminative and predictive scores computed by post-hoc RNNs in evaluation. Across three clinical datasets with 47 T1D subjects (including one publicly available and two proprietary datasets), GluGAN achieved better performance for all the considered metrics when compared with four baseline GAN models. The performance of data augmentation is evaluated by three machine learning-based glucose predictors. Using the training sets augmented by GluGAN significantly reduced the root mean square error for the predictors over 30 and 60-minute horizons. The results suggest that GluGAN is an effective method in generating high-quality synthetic glucose time series and has the potential to be used for evaluating the effectiveness of automated insulin delivery algorithms and as a digital twin to substitute for pre-clinical trials.","2168-2208","","10.1109/JBHI.2023.3271615","Engineering and Physical Sciences Research Council(grant numbers:EP/P00993X/1); President's Ph.D. Scholarship at Imperial College London, (U.K.); ","https://ieeexplore.ieee.org/stamp/stamp.jsp?arnumber=10114940","Artificial intelligence (AI);continuous glucose monitoring (CGM);diabetes;generative adversarial network (GAN);glucose time series","Glucose;Time series analysis;Insulin;Generative adversarial networks;Monitoring;Data models;Training","Humans;Blood Glucose;Blood Glucose Self-Monitoring;Diabetes Mellitus, Type 1;Time Factors;Glucose","44","","53","IEEE","3 May 2023","Oct. 2023","","IEEE","IEEE Journals"
"A Multi-Task Framework for Simultaneous SOH and RUL Estimation Using Partial Charging Segments and Transfer Learning","V. T. Tu; M. -D. Hoang; T. M. Hoang","School of Electrical and Electronic Engineering, Hanoi University of Science and Technology, Hanoi, Vietnam; Department of Computer Science, University of Alberta, Edmonton, Alberta, Canada; School of Electrical and Electronic Engineering, Hanoi University of Science and Technology, Hanoi, Vietnam",2026 10th International Conference on Green Energy and Applications (ICGEA),"18 Aug 2026","2026","","","322","327","Accurate estimation of state of health and remaining useful life is critical for battery safety but is often hindered by the reliance on impractical full-cycle data and poor generalization across different domains. To address these challenges, this paper proposes a framework combining multi-task learning and transfer learning, specifically designed for partial charging segments. We introduce a Bayesian-optimized Transformer architecture that integrates an adaptive loss weighting mechanism to simultaneously capture the intrinsic temporal correlations between state of health and remaining useful life. In particular, the characteristics of incremental capacity (dQ/dV) are extracted directly from an optimal voltage range (“golden window”), which reduces the requirements of raw data by approximately 70% while effectively filtering out redundant boundary noise to preserve the information of significant aging. The experimental results in the XJTU dataset demonstrate the superior performance of the model, achieving a $R^{2}$ of 0.920 for the remaining useful life and 0.947 for the state of health. Furthermore, the model exhibits exceptional computational efficiency with an inference time of 1.37 ms, which makes it 7.5 times faster than conventional Bi-LSTM approaches due to its parallelizable self-attention mechanism. Interestingly, the transfer learning strategy enables robust adaptation $(R^{2}=0.823$ for the state of health) using only 5% of the target domain data. These findings confirm the framework's suitability for scalable Cloud-BMS and Digital Twin applications.","2694-3298","979-8-3195-4229-8","10.1109/ICGEA69553.2026.11642853","","https://ieeexplore.ieee.org/stamp/stamp.jsp?arnumber=11642853","Lithium-ion battery;multi-tasking learning (MTL);state of health (SOH);remaining useful life (RUL);transfer learning;deep learning","Modeling;Lithium-ion batteries;Printing;Batteries;Ions;Multitasking;Estimation;Transfer learning;Long short term memory;Training","","","","21","IEEE","18 Aug 2026","6-8 March 2026","6-8 March 2026","IEEE","IEEE Conferences"
"Maintenance Enhancement of Smart Manufacturing Units In Industry 4.0","S. S. Reddy; T. Akhila; K. S. Ganesh; S. V. Krishna; M. P. Kali; K. Sasidhar","Dept of CSE, Lakireddy Bali Reddy College of Engineering (Autonomous) Affiliated to Jawaharlal Nehru Technological University, Kakinada, Andhra Pradesh, India; Dept of CSE, Lakireddy Bali Reddy College of Engineering (Autonomous) Affiliated to Jawaharlal Nehru Technological University, Kakinada, Andhra Pradesh, India; Dept of CSE, Lakireddy Bali Reddy College of Engineering (Autonomous) Affiliated to Jawaharlal Nehru Technological University, Kakinada, Andhra Pradesh, India; Dept of CSE, Lakireddy Bali Reddy College of Engineering (Autonomous) Affiliated to Jawaharlal Nehru Technological University, Kakinada, Andhra Pradesh, India; Dept of CSE, Lakireddy Bali Reddy College of Engineering (Autonomous) Affiliated to Jawaharlal Nehru Technological University, Kakinada, Andhra Pradesh, India; Dept of CSE, Lakireddy Bali Reddy College of Engineering (Autonomous) Affiliated to Jawaharlal Nehru Technological University, Kakinada, Andhra Pradesh, India",2023 International Conference on Inventive Computation Technologies (ICICT),"1 Jun 2023","2023","","","1488","1492","The fourth industrial revolution has had a significant impact on the modern world. The fourth industrial revolution is primarily driven by the intelligent edge systems. Industry 4.0 is the integration of Big Data, Cloud Computing, Advanced Robotics, Internet of Things, Digital twin, and several other new technologies to enhance production processes that result in better products in a shorter amount of time at a cheaper cost. Tracking of machine health, maintenance through prediction, and scheduling of production are the three main issues facing any industrial sector. Smart manufacturing can address the aforementioned issues by using data-driven deep learning techniques. The model to effectively address the aforementioned difficulties is developed using the deep convolutional LSTM encoder-decoder architecture. LSTM auto-encoder, a feed-forward neural network whose input signal is equal to its output signal, can be used to predict the machine's speed. To put it another way, an auto encoder is an individual research algorithm that uses input data without a labeled target dataset to extract features. Some performance metrics, such as RMSE, MAE, MSE, and SMAPE, are revealed by the experimental results.","2767-7788","979-8-3503-9849-6","10.1109/ICICT57646.2023.10134377","","https://ieeexplore.ieee.org/stamp/stamp.jsp?arnumber=10134377","Industry 4.0;Long Short Term Memory;Auto Encoders;Smart Manufacturing","Training;Industries;Representation learning;Service robots;Computational modeling;Production;Maintenance engineering","","2","","24","IEEE","1 Jun 2023","26-28 April 2023","26-28 April 2023","IEEE","IEEE Conferences"
"Next-Gen EV Battery State Prediction","R. Tamilkodi; N. S. Raju; V. Omkar; K. Sai; K. Prasanth; N. Chandra","Dept.of CSE(AIML&CS), Godavari Global University, Rajahmundry, AP; Dept.of CSE (AIML&CS), Godavari Institute of Engineering & Technology(A), Rajahmundry, AP; CSE(AIML&CS), Godavari Institute of Engineering& Technology(A), Rajahmundry, AP; CSE(AIML&CS), Godavari Institute of Engineering& Technology(A), Rajahmundry, AP; CSE(AIML&CS), Godavari Institute of Engineering& Technology(A), Rajahmundry, AP; CSE(AIML&CS), Godavari Institute of Engineering& Technology(A), Rajahmundry, AP",2024 9th International Conference on Communication and Electronics Systems (ICCES),"6 Feb 2025","2024","","","65","71","As the automotive industry accelerates towards electric vehicles (EVs), accurately predicting battery states has become pivotal for ensuring performance optimization, safety, and longevity. This project introduces a novel methodology leveraging Explainable Data-Driven Digital Twins to enhance battery state predictions in EVs. The approach integrates advanced machine learning algorithms, including Deep Neural Networks (DNN), Long Short-Term Memory (LSTM) networks, Convolutional Neural Networks (CNN), Support Vector Regression (SVR), Random Forests (RF), and Extreme Gradient Boosting (XGBoost). It addresses challenges in predicting key battery parameters such as State of Charge (SOC) and State of Health (SOH) across diverse operating conditions. The primary objective is to develop a robust and interpretable digital twin framework that achieves high prediction accuracy and provides actionable insights into battery behavior using explainable AI techniques. The model combines the strengths of multiple algorithms to improve prediction reliability and adaptability in real-world scenarios. Initial results demonstrate the model's superiority over conventional methods. This solution offers scalability for advanced battery management systems and contributes significantly to the advancement of intelligent electric mobility.","","979-8-3503-7797-2","10.1109/ICCES63552.2024.10859757","","https://ieeexplore.ieee.org/stamp/stamp.jsp?arnumber=10859757","Electric Vehicles;Battery State Prediction;Digital Twins;Machine Learning;Deep Neural Networks;LSTM;CNN;Support Vector Regression;Random Forests;Extreme Gradient Boosting;Explainable AI","Machine learning algorithms;Explainable AI;Predictive models;Batteries;Safety;Digital twins;Convolutional neural networks;State of charge;Long short term memory;Random forests","","","","31","IEEE","6 Feb 2025","16-18 Dec. 2024","16-18 Dec. 2024","IEEE","IEEE Conferences"
"A Cloud-Assisted Framework for Battery Fault Diagnosis and State Estimation via ThingSpeak IoT","K. Dhineshkumar; M. P. Mohandass; R. P; L. M; S. S","Department of Electrical and Electronics Engineering, KIT-Kalaignarkarunanidhi Institute of Technology, Coimbatore, India; Department of Electrical and Electronics Engineering, KIT-Kalaignarkarunanidhi Institute of Technology, Coimbatore, India; Department of Electrical and Electronics Engineering, KIT-Kalaignarkarunanidhi Institute of Technology, Coimbatore, India; Department of Electrical and Electronics Engineering, KIT-Kalaignarkarunanidhi Institute of Technology, Coimbatore, India; Department of Electrical and Electronics Engineering, KIT-Kalaignarkarunanidhi Institute of Technology, Coimbatore, India","2026 9th International Conference on Circuit, Power & Computing Technologies (ICCPCT)","21 Aug 2026","2026","","","1929","1936","Lithium-ion battery packs in electric vehicles and portable energy storage systems are susceptible to thermal accumulation during long-term charge-discharge cycling, which can lead to performance degradation, rapid capacity fade, and safety hazards. In this paper, a low-cost digital twin framework is proposed, and it consists of IoT-based real-time monitoring, active thermal management, lightweight state estimation, and rule-based fault detection including overvoltage, undervoltage, overcurrent, and overtemperature conditions in a unified ESP32-based embedded architecture. Terminal voltage, current and surface temperature are sampled at 15 second intervals using a resistive divider, Hall-effect transducer and thermistor respectively and streamed to a cloudhosted ThingSpeak dashboard. Thermal regulation is handled by a hysteresis control policy where dual DC fan assemblies are activated at 40 °C and deactivated below 35 °C to avoid rapid relay switching and long-term thermal stress.A MATLAB/Simulink digital twin, based on a Thevenin equivalent circuit, replicates electrochemical battery dynamics in parallel. To avoid the overhead of the recurrent neural network approaches, three formula-based estimators are used: Coulomb-counting state-of-charge, impedance-referenced state-of-health and cycle-regression-based remaining useful life prediction. The experimental validation for ten chargedischarge cycles shows a peak temperature reduction of 9.2 °C, a state-of-charge error below 5%, a state-of-health error below 8%, and a remaining useful life prediction error within ±20 cycles.","","979-8-3315-5198-8","10.1109/ICCPCT70290.2026.11654814","","https://ieeexplore.ieee.org/stamp/stamp.jsp?arnumber=11654814","Battery Management System;ESP32;Relay Control;Active Thermal Management;Dual-Fan Cooling;Digital Twin;Thevenin Model;ThingSpeak;State of Charge;State of Health;Remaining Useful Life;Internet of Things","Batteries;Modeling;Relays;Temperature;Voltage;Lithium-ion batteries;Digital twins;Timing;Internet of Things;Printing","","","","20","IEEE","21 Aug 2026","6-7 Aug. 2026","6-7 Aug. 2026","IEEE","IEEE Conferences"
"Keynote 3: Don’t Handicap AI without Explicit Knowledge","A. Sheth",NA,2021 IEEE World Congress on Services (SERVICES),"15 Nov 2021","2021","","","xxiv","xxiv","Summary form only given, as follows. The complete presentation was not made available for publication as part of the conference proceedings. Knowledge representation as expert system rules or using frames and variety of logics, played a key role in capturing explicit knowledge during the hay days of AI in the past century. Such knowledge, aligned with planning and reasoning are part of what we refer to as Symbolic AI. The resurgent AI of this century in the form of Statistical AI has benefitted from massive data and computing. On some tasks, deep learning methods have even exceeded human performance levels. This gave the false sense that data alone is enough, and explicit knowledge is not needed. But as we start chasing machine intelligence that is comparable with human intelligence, there is an increasing realization that we cannot do without explicit knowledge. Neuroscience (role of long-term memory, strong interactions between different specialized regions of data on tasks such as multimodal sensing), cognitive science (bottom brain versus top brain, perception versus cognition), brain-inspired computing, behavioral economics (system 1 versus system 2), and other disciplines point to need for furthering AI to neuro-symbolic AI (i.e., hybrid of Statistical AI and Symbolic AI, also referred to as the third wave of AI). As we make this progress, the role of explicit knowledge becomes more evident. I will specifically look at our endeavor to support human-like intelligence, our desire for AI systems to interact with humans naturally, and our need to explain the path and reasons for AI systems’ workings. Nevertheless, the variety of knowledge needed to support understanding and intelligence is varied and complex. Using the example of progressing from NLP to NLU, I will demonstrate the dimensions of explicit knowledge, which may include, linguistic, language syntax, common sense, general (world model), specialized (e.g., geographic), and domain-specific (e.g., mental health) knowledge. I will also argue that despite this complexity, such knowledge can be scalability created and maintained (even dynamically or continually). Finally, I will describe our work on knowledge-infused learning as an example strategy for fusing statistical and symbolic AI in a variety of ways.","2642-939X","978-1-6654-2719-7","10.1109/SERVICES51467.2021.00056","","https://ieeexplore.ieee.org/stamp/stamp.jsp?arnumber=9604465","","Artificial intelligence;Companies;Task analysis;Semantic Web;Cognition;Technological innovation;Syntactics","","","","","IEEE","15 Nov 2021","5-10 Sept. 2021","5-10 Sept. 2021","IEEE","IEEE Conferences"
"Heritage AI System for Ancient Script Transcription and Structural Damage Prediction","G. N; A. CR; G. Y","Department of Computer Science and Engineering, Sri Eshwar College of Engineering, Coimbatore, India; Department of Computer Science and Engineering, Sri Eshwar College of Engineering, Coimbatore, India; Department of Computer Science and Engineering, Sri Eshwar College of Engineering, Coimbatore, India",2025 7th International Conference on Innovative Data Communication Technologies and Application (ICIDCA),"16 Dec 2025","2025","","","1809","1814","The deciphering of early civilizations' sociological, linguistic, and architectural history depends heavily on the preservation of ancient inscriptions. Because inscriptions carved in scripts like Brahmi, Tamil to Brahmi, or Vattezhuthu are frequently discovered on weathered stone surfaces that have been subjected to centuries of erosion, traditional restoration techniques are labor intensive, subjective, and sluggish. In this research, we provide HeritageAI, an integrated AI based system that concurrently tackles two important issues in the conservation of cultural heritage: automatic transliteration and transcription of scripts, and predicting structural degradation to heritage sites. Specifically, Artificial Intelligence (AI) in HeritageAI orchestrates a multimodal pipeline combining convolutional visual encoders, sequence models, and physics-guided regression to automatically localize inscription regions, restore and transliterate damaged glyphs, and quantitatively assess and forecast structural deterioration, thereby enabling non-invasive and scalable conservation workflows. Drawing inspiration from the Aeneas model our approach uses a multimodal deep learning pipeline that includes a Vision Language Transformer and a GPT style decoder to recreate missing inscription fragments and contextual metadata like linguistic origin, place, and period. Our proposal is a physics guided digital twin architecture that extends ideas from PhyCNN and real time structural health monitoring systems to detect and predict crack propagation, erosion, and material fatigue using finite element simulations in conjunction with UAV/photogrammetric imagery for structural integrity analysis. Moreover, HeritageAI offers a dynamic learning framework which employs CLDRM with meta learning in order to enable adaptation to changing. This effort integrates damage modeling and inscription transcription to a unified, understandable, and scalable system, as opposed to recent literature's disjointed methods.","","979-8-3315-1414-3","10.1109/ICIDCA66325.2025.11280379","","https://ieeexplore.ieee.org/stamp/stamp.jsp?arnumber=11280379","HeritageAI;ancient inscription recognition;Brahmi and Tamil-Brahmi scripts;multilingual transliteration;Optical Character Recognition (OCR);Convolutional Neural Network (CNN);Transformer models;Bidirectional Long Short-Term Memory (BiLSTM);structural damage prediction;Structural Health Monitoring (SHM);Explainable AI (Grad-CAM);multimodal fusion;transfer learning;edge deployment (ONNX;TensorRT);heritage conservation","Pipelines;Optical character recognition;Predictive models;Transformers;Real-time systems;Sensors;Multilingual;Cultural differences;Artificial intelligence;Monitoring","","1","","22","IEEE","16 Dec 2025","6-8 Oct. 2025","6-8 Oct. 2025","IEEE","IEEE Conferences"
"AIoT for Smart Food Monitoring: A Review of Sensing Technologies, Edge Intelligence, and Real-Time Quality Prediction Systems","A. P. Arun; N. Sreenivasan; C. A. R; M. Sarode; V. Moses; R. Mudbidre","Dept. of Chemical Engineering, RV College Of Engineering, Bengaluru, India; Dept. of Biotechnology Engineering, RV College Of Engineering, Bengaluru, India; Dept. of Chemical Engineering, RV College Of Engineering, Bengaluru, India; Dept. of Chemical Engineering, RV College Of Engineering, Bengaluru, India; Dept. of Chemical Engineering, RV College Of Engineering, Bengaluru, India; Dept. of Chemical Engineering, RV College Of Engineering, Bengaluru, India",2025 9th International Conference on Computational System and Information Technology for Sustainable Solutions (CSITSS),"19 Dec 2025","2025","","","1","5","The combination of Artificial Intelligence (AI) and the Internet of Things (IoT), often called AIoT, is revolutionizing food quality monitoring through enhanced, immediate, and distributed decision-making. Food degradation, contamination, and poor-quality monitoring persistently pose challenges for global food sectors, resulting in health hazards and financial losses. This review offers an in-depth examination of existing sensing technologies, edge intelligence methods, and communication protocols that underpin AIoT-driven food monitoring systems. We investigate advanced sensor technologies like gas sensors for detecting VOCs, biosensors for analyzing microbes, and environmental sensors to monitor storage environments. Additionally, we emphasize the usage of lightweight machine learning and deep learning models deployed on edge devices for predictions in real-time with minimal latency and energy usage. The importance of communication protocols such as MQTT and CoAP in ensuring dependable, energy-efficient data transmission is examined. Case studies from industry leaders such as Nestlé and IBM Food Trust showcase the effective implementation of AIoT. We pinpoint crucial research gaps, such as the necessity for standardized datasets, issues with sensor drift, and cost constraints, and explore future avenues like federated learning, energy-harvesting sensors, and the integration of digital twins. This assessment not only compiles the latest advancements but also outlines a framework for scalable and smart food monitoring systems driven by AIoT.","2767-1097","979-8-3315-8894-6","10.1109/CSITSS67709.2025.11294444","","https://ieeexplore.ieee.org/stamp/stamp.jsp?arnumber=11294444","Artificial Intelligence (AI);Internet of Things (IoT);AIoT;food quality;advanced sensor technologies;VOCs;MQTT;CoAP;smart food monitoring systems","Industries;Protocols;Reviews;Image edge detection;Predictive models;Real-time systems;Sensors;Internet of Things;Artificial intelligence;Monitoring","","3","","15","IEEE","19 Dec 2025","20-22 Nov. 2025","20-22 Nov. 2025","IEEE","IEEE Conferences"
"AI-Based Predictive Maintenance of Lithium-Ion Batteries in Electric Vehicles","A. Gusain; G. Manoharan; S. Kumar; K. Arora; K. Singh; M. Sharma","Faculty of Hotel and Tourism Management, SGT University, Haryana, India; School of Business, SR University, Warangal, India; School of Hotel Management and Tourism LPU, India; School of Electronics & Electrical Engineering, Lovely Professional University, Punjab; IHM New Tehri, Uttarakhand, India; Faculty of Hotel and Tourism Management, Haryana, India","2025 IEEE International Conference on Smart Power, Energy, Renewables, and Transportation (SPERT)","14 Apr 2026","2025","","","1","5","Electric vehicles (EVs) depend on lithium-ion batteries, whose longevity and reliability remain critical challenges. Traditional maintenance strategies are often reactive or schedule-based, failing to prevent unexpected failures and higher lifecycle costs. Artificial intelligence (AI)-driven predictive maintenance (PdM) offers a transformative approach by analyzing real-time battery data (voltage, current, temperature) to forecast state-of-health (SoH) and remaining useful life (RUL). This research synthesizes recent advances in AI-based PdM for EV batteries, highlighting applications of machine learning, deep learning, and reinforcement learning in diagnostics, degradation modelling, and battery management systems. Integration with IoT and digital twin frameworks further enhances accuracy and fleet-level optimization. Despite promising outcomes, challenges such as data scarcity, model interpretability, and real-world validation persist. The paper outlines a conceptual PdM framework, implementation gaps, and future research directions to support safer, more sustainable EV deployment.","","979-8-3315-9894-5","10.1109/SPERT67079.2025.11469184","","https://ieeexplore.ieee.org/stamp/stamp.jsp?arnumber=11469184","Artificial Intelligence (AI);Predictive Maintenance (PdM);Lithium-Ion Batteries;Electric Vehicles (EVs);Battery Management System (BMS);Remaining Useful Life (RUL)","Telemetry;Aerospace and electronic systems;Feeds;System-on-chip;Circuits;Application specific integrated circuits;Circuits and systems;Internet of Things;Communication systems;Internet","","","","13","IEEE","14 Apr 2026","22-24 Dec. 2025","22-24 Dec. 2025","IEEE","IEEE Conferences"
"Physics-Informed Modeling of Gas Turbine Compressors for PHM Applications","S. Ahsan; T. A. Lemma; J. Zhang; X. Liang","Department of Mechanical Engineering, University of Manitoba, Winnipeg, Canada; Department of Mechanical Engineering, Universiti Teknologi, PETRONAS, Seri Iskander, Malaysia; School of Mechatronic Engineering, Southwest Petroleum University, Chengdu, China; Department of Mechanical Engineering, University of Manitoba, Winnipeg, Canada",2026 IEEE International Conference on Prognostics and Health Management (ICPHM),"6 Jul 2026","2026","","","175","182","Prognostics and Health Management (PHM) of gas turbines increasingly relies on digital twin (DT) models capable of delivering physically consistent and trustworthy predictions across varying operating conditions. While data-driven approaches provide computational efficiency, their lack of embedded physical constraints can lead to thermodynamically inconsistent behavior, limiting reliability in safety-critical PHM applications. This study presents a Physics-Informed Neural Network (PINN) framework for modeling the low-pressure compressor (LPC) of a gas turbine as a modular DT component. The proposed approach integrates thermodynamic differential constraint derived from the polytropic compression process directly into the neural network loss function, enforcing physically meaningful temperature-pressure relationships during training. The PINN model is benchmarked against an Artificial Neural Network (ANN) using simulated compressor data spanning diverse operating regimes. Results demonstrate that the physics-informed model achieves lower Mean Absolute Percentage Error values for outlet temperature (0.27%), outlet pressure (0.29%) and efficiency (0.15%), reflecting improved predictive consistency and adherence to thermodynamic principles. By combining data-driven learning with embedded physics, the proposed hybrid modeling strategy enhances model robustness and enforces physically consistent behavior, providing a reliable foundation for system-level DT development. Although this study focuses on the LPC, the same physics-informed learning principle can be applied to other gas turbine components. Turbine modules can incorporate similar thermodynamic differential constraints, while combustor modules may embed energy-balance based relationships within their loss formulations. These component-level PINN models can be integrated within a modular system-level architecture, enabling scalable and physically consistent modeling of the entire gas turbine to support future condition monitoring and predictive maintenance applications.","2166-5656","979-8-3315-4601-4","10.1109/ICPHM69567.2026.11585431","","https://ieeexplore.ieee.org/stamp/stamp.jsp?arnumber=11585431","Gas turbine;compressor;PINN;Digital twin","Modeling;Gases;Turbines;Physics;Training;Prognostics and health management;Equations;Learning (artificial intelligence);Printing;Temperature","","","","22","IEEE","6 Jul 2026","1-3 June 2026","1-3 June 2026","IEEE","IEEE Conferences"
"AI-Driven Approaches for Enhancing Early Detection of Dental Caries","S. B; R. Marappan","School of Computer Science and Engineering, Vellore Institute of Technology, Chennai, India; School of Computer Science and Engineering, Vellore Institute of Technology, Chennai, India",2025 International Conference on Intelligent Computing and Knowledge Extraction (ICICKE),"22 Sep 2025","2025","","","1","5","Dental caries is a widespread oral health concern that requires early detection and prevention to minimize long-term complications. Despite progress in AI-driven diagnostics, challenges such as poor image quality, limited model generalizability, and lack of interpretability hinder clinical adoption. This review explores recent advances in applying artificial intelligence (AI) to dental caries detection and prevention, including deep learning, transfer learning, and self-supervised techniques. Methods like U-Net, ResNet, and ensemble CNNs have shown effectiveness in classification, segmentation, and progression prediction, achieving accuracies of 85–99%, precisions of 86–96%, and F1-scores of 87–94%. In prevention, AI has enabled risk assessment and personalized early intervention strategies. A novel framework that integrates digital twins with Generative AI, Reinforcement Learning, and Explainable AI for real-time, personalized diagnostics is proposed to address current limitations. This work lays the foundation for a comprehensive, interpretable, and adaptive AI-based dental caries management system that can transform future oral healthcare practices.","","979-8-3315-3681-7","10.1109/ICICKE65317.2025.11136352","","https://ieeexplore.ieee.org/stamp/stamp.jsp?arnumber=11136352","dental caries;personalized care;generative AI;reinforcement learning;explainable AI;digital twin","Generative AI;Explainable AI;Reviews;Prevention and mitigation;Transfer learning;Reinforcement learning;Transforms;Real-time systems;Dentistry;Digital twins","","","","15","IEEE","22 Sep 2025","6-7 June 2025","6-7 June 2025","IEEE","IEEE Conferences"
"Asset Management And Finite Element Analysis In Smart grid","P. R. Krishnan; J. Jacob","Cochin University Of Science and Technology, Cochin, India; Cochin University Of Science and Technology, Cochin, India","2021 IEEE 6th International Conference on Computing, Communication and Automation (ICCCA)","10 Jan 2022","2021","","","497","503","Asset management deals with the process of identifying, monitoring, controlling, and supervising the assets for reliable, stable, and uninterrupted operation of the smart grid. Installing and distributing asset management analytics requires a centralized asset health unit to deploy a proactive, high precession network. This paper throws light on the fundamental aspects, giving the main focus on digital twin technology, current trends in the management of transformers and circuit breakers using intelligent relays. The overwhelming importance of Finite Element Analysis, a numerical tool based on minimum potential energy for complex problems with intricate geometry, in the field of asset monitoring and analysis is portrayed using simulations. The Finite element formulation in two-dimensional fields is given primary emphasis. Reliability centered maintenance and Root Cause Failure Analysis increases the independence of the grid, but is prone to data theft and vulnerability attacks. The future trends in this field and the cyber security risk that a smart grid poses are also taken into consideration","2642-7354","978-1-6654-1473-9","10.1109/ICCCA52192.2021.9666386","","https://ieeexplore.ieee.org/stamp/stamp.jsp?arnumber=9666386","Asset Management;Finite element analysis;Smart grid","Process control;Market research;Transformers;Software;Finite element analysis;Asset management;Smart grids","","3","","33","IEEE","10 Jan 2022","17-19 Dec. 2021","17-19 Dec. 2021","IEEE","IEEE Conferences"
"Application of GAN-based Data Augmentation in Imbalanced Classification of Industrial Internet of Things","H. Wu; J. Sun; G. Cai","School of Smart Agriculture, Yancheng Agricultural Technology College, Yancheng, China; School of Smart Agriculture, Yancheng Agricultural Technology College, Yancheng, China; Key Laboratory of Smart Agriculture Technology for Yangtze River Delta, Ministry of Agriculture and Rural Affairs, Nanjing, China","2025 IEEE 2nd International Conference on Electronics, Communications and Intelligent Science (ECIS)","28 Jul 2025","2025","","","1","6","This study focuses on the imbalanced classification problem in the Industrial Internet of Things (IIoT). Due to the scarcity of fault samples, traditional classifiers often show poor performance. To address this, a data augmentation method based on Generative Adversarial Networks (GANs) is proposed. The designed GAN architecture combines LSTM and Transformer in the generator to capture long - term dependencies and global features in time - series data, which is typical in IIoT scenarios. The discriminator uses spectral normalization to enhance stability. A two - stage training strategy is adopted to ensure the generation of high - quality samples. Dynamic threshold screening and mixing proportion optimization are introduced to balance the data distribution and improve the classifier's recognition ability for minority classes. Experiments on NASA bearing fault, TE chemical process, and PHM gearbox fault datasets demonstrate that the proposed method significantly outperforms traditional oversampling and generation methods in extremely imbalanced situations. It can improve the F1 - Score by up to 30% and achieve an AUC - ROC of 0.91 - 0.93, verifying its robustness and generalization ability. This research provides a practical solution for equipment health management in the IIoT, with potential applications in predictive maintenance and digital twin systems.","","979-8-3315-1358-0","10.1109/ECIS65594.2025.11087036","","https://ieeexplore.ieee.org/stamp/stamp.jsp?arnumber=11087036","Generative Adversarial Networks (GANs);Data Augmentation;Imbalanced Classification;Industrial Internet of Things (IIoT);Fault Sample Generation","Training;NASA;Generative adversarial networks;Data augmentation;Transformers;Robustness;Generators;Chemical processes;Prognostics and health management;Industrial Internet of Things","","","","12","IEEE","28 Jul 2025","23-25 May 2025","23-25 May 2025","IEEE","IEEE Conferences"
"Al-Driven Resilience and Risk Analysis in Disaster-Prone Transport Networks","Y. Wang","School of Management Engineering, Zhengzhou University, Zhengzhou, China",IEEE Access,"20 Aug 2026","2026","14","","126200","126215","Urban transport systems are increasingly susceptible to cascading failures, necessitating advanced methods for risk identification and mitigation. This paper presents a multi-modal risk embedding framework integrating  $\ell _{2,1}$ -regularized feature selection, spatiotemporal transformer encoding, and spatially-constrained spectral clustering for assessing vulnerability and structuring resilient communities within the transport networks of Singapore and Beijing. By fusing data from urban sensor networks—including traffic flow, structural health, and environmental metrics—into a unified 460-dimensional representation, the framework identifies and classifies cross-modal vulnerability patterns across structural, operational, and environmental dimensions. A core contribution is a novel spatially-constrained community detection algorithm that organizes the network into geographically contiguous resilient communities, enforced by a geographical shortest-path decay penalty to ensure operational actionability. The framework was trained using calibrated digital twin simulations generating one million synthetic disaster scenarios, and validated through retrospective analysis of 124 historical incidents across both cities. On real-world datasets spanning seven regional transport sub-networks, the framework achieves a macro-averaged F1 score of 0.964 in cross-modal risk classification, outperforming the best baseline (0.901), and identifies previously overlooked cross-modal vulnerability couplings (e.g., between metro lines and expressways). Furthermore, hardening the top 2% of AI-identified inter-community bridge nodes reduces systemic failure spread by 34.2%, compared to 18.6% for conventional betweenness centrality-based selection. This study provides a quantitatively validated, data-driven foundation for proactive infrastructure hardening and resilience management in high-density urban environments.","2169-3536","","10.1109/ACCESS.2026.3694321","","https://ieeexplore.ieee.org/stamp/stamp.jsp?arnumber=11523012","Transport network resilience;risk analysis;resilient community detection;multi-modal data fusion;digital twin simulation","Resilience;Modeling;Signal detection;Matrices;Measurement;Convolutional neural networks;Transformers;Licenses;Roads;Timing","","","","35","CCBYNCND","19 May 2026","2026","","IEEE","IEEE Journals"
"Heterogeneous Synthetic Data-Driven Structural Anomaly Detection Using Domain Adaptation Autoencoder","G. Kim; D. V. Nguyen; J. Kim; S. Kwon; D. Kim","Department of Civil and Environmental Engineering, Kongju National University, Seobuk-gu, Cheonan, Chungcheongnam-do, Republic of Korea; Department of Civil and Environmental Engineering, Kongju National University, Seobuk-gu, Cheonan, Chungcheongnam-do, Republic of Korea; KumOh Infra-Structure Safety diagnosis Corporation, Seoul Metro, Seoul, Republic of Korea; Engineering Planning Department, Seoul Metro, Seoul, Republic of Korea; Department of Civil and Environmental Engineering, Kongju National University, Seobuk-gu, Cheonan, Chungcheongnam-do, Republic of Korea",IEEE Transactions on Instrumentation and Measurement,"24 Apr 2026","2026","75","","1","18","Deep learning-based structural health monitoring (SHM) of large-scale structures requires extensive damage labels. Data augmentation is commonly performed with numerical simulations based on finite element (FE) models. However, a significant distributional discrepancy or domain gap, exists between the measured signals and simulation data, rendering them heterogeneous. This disparity arises because measured signals are sensitive to external conditions, while simulation results are predicated on idealized numerical analysis. This study proposes an end-to-end framework, the contrastive domain adaptation–autoencoder (CDA-AE), to learn noise-robust features and mitigate the domain gap with an unsupervised model. The proposed method generates synthetic data by extracting noise from measured signals and synthesizing it onto the clean simulation data using signal processing techniques. Since both the measured data and the synthetic data pertain to the same structure, their embedded features share key dynamic properties, i.e., eigenfrequencies. The CDA-AE architecture is designed to minimize the impact of noise and map the invariant physical features onto a common latent space. By employing contrastive learning, the framework aligns source features, enhancing sensitivity to subtle eigenfrequency changes that indicate the structure’s health state. The proposed approach was validated through its application to anomaly detection in bridge behavior using ambient vibration data. The framework successfully captures variations in the acceleration response of a real bridge, and, even with limited measured data, anomaly detection accuracy of 99.75% was achieved. These findings suggest that the proposed framework holds significant potential for the development of future real-time, digital twin-based SHM systems.","1557-9662","","10.1109/TIM.2026.3684631","Korea Hydro & Nuclear Power Company Ltd(grant numbers:2024-Tech-02); National Research Foundation of Korea (NRF) grant funded by Korean Government [Ministry of Science and ICT (MSIT)](grant numbers:RS-2024-00406320); ","https://ieeexplore.ieee.org/stamp/stamp.jsp?arnumber=11482620","Anomaly detection;autoencoder (AE);contrastive learning;domain adaptation (DA);signal processing;structural health monitoring (SHM)","Feeds;Filtering;Filters;MIMICs;Millimeter wave integrated circuits;Monolithic integrated circuits;Optical projectors;Electronic mail;Video equipment;Data communication","","","","45","IEEE","16 Apr 2026","2026","","IEEE","IEEE Journals"
"A Review of Advances in the Application of Machine Learning Methods for Intelligent Detection of Composite Materials","J. Yu; C. Lin; Q. Wang; J. Wang","Harbin Aircraft Industry(group) Co. Ltd, Harbin, China; Harbin Aircraft Industry(group) Co. Ltd, Harbin, China; Harbin Aircraft Industry(group) Co. Ltd, Harbin, China; Harbin Aircraft Industry(group) Co. Ltd, Harbin, China",2025 International Conference of Mechanical Engineering on Aerospace (CoMEA),"21 Nov 2025","2025","","","01","09","Fiber-reinforced composites are widely used in aerospace due to their superior mechanical properties, including high strength-to-weight ratio and corrosion resistance, which significantly enhance aircraft performance and fuel efficiency. However, the increasing complexity of their composition-such as diverse fiber types, matrix materials, and hierarchical structures-along with more intricate structural designs, poses significant challenges for traditional research methods. Experimental testing is often costly and timeconsuming, while numerical simulations demand massive computational resources and struggle to accurately capture nonlinear damage behaviors, making them both resource-heavy and data-intensive. Machine learning offers an efficient, datadriven alternative for addressing nonlinear damage mechanisms and performance prediction in composites. This review summarizes recent advances in the application of machine learning techniques to the structural health monitoring of composites, focusing on damage localization, damage identification, and mechanical property prediction. It compares commonly used supervised algorithms like neural networks and support vector machines as well as unsupervised techniques such as clustering, discussing their advantages, such as high prediction accuracy of supervised models, and limitations, such as the reliance of many algorithms on large labeled datasets, in various applications. Finally, the paper outlines future research directions, including multi-source data fusion from sensors and simulations, hybrid deep learning frameworks for enhanced feature extraction, and digital twin-based lifecycle management, aiming to advance intelligent monitoring systems for composite structures in aerospace.","","979-8-3315-9917-1","10.1109/CoMEA66280.2025.11241613","","https://ieeexplore.ieee.org/stamp/stamp.jsp?arnumber=11241613","composites;machine learning;intelligent detection;damage identification","Location awareness;Optical fiber sensors;Machine learning algorithms;Composite materials;Predictive models;Optical fiber networks;Prediction algorithms;Aerospace materials;Mechanical factors;Monitoring","","","","66","IEEE","21 Nov 2025","20-22 June 2025","20-22 June 2025","IEEE","IEEE Conferences"
"Core Temperature Estimation of Lithium-Ion Batteries Using Long Short-Term Memory (LSTM) Network and Kolmogorov–Arnold Network (KAN)","D. Karnehm; A. Samanta; C. Rosenmüller; A. Neve; S. Williamson","Department of Electrical Engineering and Technical Informatics, University of the Bundeswehr Munich, Neubiberg, Germany; Department of Electrical, Computer, and Software Engineering, Ontario Tech University, Oshawa, ON, Canada; Institute for Sustainable Energy Systems (ISES), Munich University of Applied Sciences, Munich, Germany; Department of Electrical Engineering and Technical Informatics, University of the Bundeswehr Munich, Neubiberg, Germany; Department of Electrical, Computer, and Software Engineering, Ontario Tech University, Oshawa, ON, Canada",IEEE Transactions on Transportation Electrification,"23 Jul 2025","2025","11","4","10391","10401","Health-conscious battery management systems (BMSs) that rely on surface temperature measurements are insufficient for managing automotive lithium-ion batteries (LIBs). Experimental studies have shown temperature differences of up to  $10~^{\circ }$ C between surface and core of cylindrical LIBs. BMSs that consider only surface temperature overlook critical thermal information. The missing monitoring can delay detecting thermal events within the cell, accelerating battery degradation and increasing the risk of thermal runaway. This article introduces two deep learning algorithms to address this: Kolmogorov-Arnold network (KAN) and interconnected long short-term memory (LSTM) network. Both approaches estimate the core temperature of LIBs without requiring surface temperature feedback to the neural network. Experimental validation revealed a core temperature mean absolute error (MAE) of  $0.55~^{\circ }$ C with a computational cost of 2.9–3.2 ms for KAN. The proposed interconnected LSTM reached a MAE of  $0.80~^{\circ }$ C. The performance of the two core temperature estimation techniques was further evaluated under dynamic loading profile using urban dynamometer driving schedule (UDDS) drive cycle. The KAN method achieved a MAE of  $0.325~^{\circ }$ C, demonstrating its adaptability to dynamic operating conditions. The two proposed methods, primarily KAN, are both adaptive and computationally efficient, making them suitable for integrating onboard BMS and cloud-enabled digital-twin-based BMS systems.","2332-7782","","10.1109/TTE.2025.3559633","Digitalization and Technology Research Center of the Bundeswehr (dtec.bw); dtec.bw through European Union–NextGenerationEU; German Federal Ministry for Education and Research (BMBF) through the Project Open6GHub(grant numbers:16KISK003K); ","https://ieeexplore.ieee.org/stamp/stamp.jsp?arnumber=10962276","Battery management systems (BMSs);data-driven techniques;digital twining;electric vehicles (EVs);machine learning (ML);state estimation","Long short term memory;Temperature sensors;Batteries;Temperature measurement;Estimation;Temperature distribution;Computational modeling;Numerical models;Heating systems;Monitoring","","15","","44","CCBY","10 Apr 2025","Aug. 2025","","IEEE","IEEE Journals"
"Moving Beyond Simulation: Data-Driven Quantitative Photoacoustic Imaging Using Tissue-Mimicking Phantoms","J. Gröhl; T. R. Else; L. Hacker; E. V. Bunce; P. W. Sweeney; S. E. Bohndiek","Cancer Research U.K. Cambridge Institute, Cambridge, U.K; Cancer Research U.K. Cambridge Institute, Cambridge, U.K; Department of Physics and the Cancer Research U.K. Cambridge Institute, University of Cambridge, Cambridge, U.K.; Cancer Research U.K. Cambridge Institute, Cambridge, U.K; Cancer Research U.K. Cambridge Institute, Cambridge, U.K; Cancer Research U.K. Cambridge Institute, Cambridge, U.K",IEEE Transactions on Medical Imaging,"5 Mar 2024","2024","43","3","1214","1224","Accurate measurement of optical absorption coefficients from photoacoustic imaging (PAI) data would enable direct mapping of molecular concentrations, providing vital clinical insight. The ill-posed nature of the problem of absorption coefficient recovery has prohibited PAI from achieving this goal in living systems due to the domain gap between simulation and experiment. To bridge this gap, we introduce a collection of experimentally well-characterised imaging phantoms and their digital twins. This first-of-a-kind phantom data set enables supervised training of a U-Net on experimental data for pixel-wise estimation of absorption coefficients. We show that training on simulated data results in artefacts and biases in the estimates, reinforcing the existence of a domain gap between simulation and experiment. Training on experimentally acquired data, however, yielded more accurate and robust estimates of optical absorption coefficients. We compare the results to fluence correction with a Monte Carlo model from reference optical properties of the materials, which yields a quantification error of approximately 20%. Application of the trained U-Nets to a blood flow phantom demonstrated spectral biases when training on simulated data, while application to a mouse model highlighted the ability of both learning-based approaches to recover the depth-dependent loss of signal intensity. We demonstrate that training on experimental phantoms can restore the correlation of signal amplitudes measured in depth. While the absolute quantification error remains high and further improvements are needed, our results highlight the promise of deep learning to advance quantitative PAI.","1558-254X","","10.1109/TMI.2023.3331198","NVIDIA Academic Hardware Grant Program and utilized two Quadro Ray Tracing Texel eXtreme (RTX) 8000; Deutsche Forschungsgemeinschaft (DFG, German Research Foundation(grant numbers:GR 5824/1); MedAccel Programme of National Physical Laboratory (NPL) financed by the Industrial Strategy Challenge Fund of the Department for Business, Energy and Industrial Strategy; Cancer Research U.K.(grant numbers:C9545/A29580); Cancer Research U.K. (Radiation Research Network (Rad- Net) Cambridge)(grant numbers:C17918/A28870); ","https://ieeexplore.ieee.org/stamp/stamp.jsp?arnumber=10312761","Deep learning;image reconstruction;photoacoustics;quantitative imaging","Phantoms;Optical imaging;Image reconstruction;Training;Imaging phantoms;Biomedical optical imaging;Adaptive optics","Animals;Mice;Phantoms, Imaging;Photoacoustic Techniques;Diagnostic Imaging;Computer Simulation;Monte Carlo Method","25","","49","CCBY","8 Nov 2023","March 2024","","IEEE","IEEE Journals"
"Automatic Liver Vessels Segmentation Using ResDense UNet And An Appropriate Preprocessing Pipeline","M. Cavicchioli; L. Pierelli; G. Pugliese; P. Cerveri","Department of Electronics Information and Bioengineering (DEIB), Politecnico di Milano, Milano, Italy; R&D Department, MIAS Academy Foundation, Milano, Italy; Executive Management MIAS Academy Foundation, Milano, Italy; Department of Electronics Information and Bioengineering (DEIB), Politecnico di Milano, Milano, Italy","2023 IEEE International Conference on Metrology for eXtended Reality, Artificial Intelligence and Neural Engineering (MetroXRAINE)","1 Feb 2024","2023","","","166","171","The 3D reconstruction of hepatic vessels has raised relevant clinical interest in various surgical procedures, including preoperative planning. This paper explores a novel deep-learning architecture for automatically reconstructing digital twins of hepatic vessels by comparing it with traditional 3D-UNet and 3D-VNet methods. Our approach automatically recognizes vessels from the portal vein (portal vessels) and the cava vein (hepatic vessels), employing innovative preprocessing techniques, introducing a fitted Hounsfield unit (HU) range, and strategically avoiding resampling the entire dataset to a common spacing. These innovations resulted in a more continuous representation of vascular structures and reduced outliers voxels. The 3D architecture used exploits ResDense encoding blocks and a Dice-Focal combined loss. Our method's performance was evaluated quantitatively, using the Dice Coefficient (DICE), Precision (PR), Recall (RE), and Matthew's Correlation Coefficient (MCC), and qualitatively, achieving more detailed predictions and maintaining a better degree of continuity. Our method's optimal performance was observed using anisotropic patches within a sliding window approach, and we addressed the problem of class imbalance with an appropriately weighted loss function.","","979-8-3503-0080-2","10.1109/MetroXRAINE58569.2023.10405781","","https://ieeexplore.ieee.org/stamp/stamp.jsp?arnumber=10405781","portal vessels;hepatic vessels;CTA;advanced UNet;CTA dataset","Training;Technological innovation;Three-dimensional displays;Veins;Liver;Encoding;Portals","","","","20","IEEE","1 Feb 2024","25-27 Oct. 2023","25-27 Oct. 2023","IEEE","IEEE Conferences"
"ML Processors Are Going Multi-Core: A performance dream or a scheduling nightmare?","M. Verhelst; M. Shi; L. Mei","Electrical Engineering Department (ESAT), MICAS Laboratories, KU Leuven, Belgium; Electrical Engineering Department (ESAT), MICAS Laboratories, KU Leuven, Belgium; Electrical Engineering Department (ESAT), MICAS Laboratories, KU Leuven, Belgium",IEEE Solid-State Circuits Magazine,"15 Nov 2022","2022","14","4","18","27","Applications of machine learning (ML) increasingly penetrate into our daily routines, our work, and our living environments. In this way, more complex machine intelligence algorithms fundamentally change and enhance the way we live, work, and interact. However, the real-time deployment of these algorithms toward the dreams of smart spaces, digital twins, the metaverse, or personalized health care requires a powerful compute continuum from cloud to (extreme) edge, capable of efficiently executing the compute-hungry ML workloads, such as deep neural networks (NNs). To enable the required real-time responsiveness at affordable energy or power budgets, many ML-optimized custom processors (also called accelerators) have been presented over the past decade, as depicted in Figure 1.","1943-0590","","10.1109/MSSC.2022.3201783","Flemish Government(grant numbers:G006718N); ","https://ieeexplore.ieee.org/stamp/stamp.jsp?arnumber=9950755","","Machine learning;Real-time systems;Smart spaces;Program processors;Metaverse;Medical services;Digital twins;Deep learning;Artificial neural networks","","15","","37","IEEE","15 Nov 2022","Fall 2022","","IEEE","IEEE Magazines"
"A Review of Artificial Intelligence and Machine Learning Based Approaches for Ergonomic Risk Assessment in Agriculture","P. S. Mahale; R. Rewatkar; K. T. V. Reddy; P. M. Gote","Datta Meghe Institute of Higher Education and Research (DU), Wardha, Maharashtra, India; Department of Bio medical Engineering, Faculty of Engineering & Technology, Datta Meghe Institute of Higher Education and Research (DU), Wardha, Maharashtra, India; Datta Meghe Institute of Higher Education and Research (DU), Wardha, Maharashtra, India; Department of Computer Science & Design, Faculty of Engineering & Technology, Datta Meghe Institute of Higher Education and Research (DU), Wardha, Maharashtra, India","2025 3rd DMIHER International Conference on Artificial Intelligence in Healthcare, Education and Industry (IDICAIHEI)","23 Feb 2026","2025","","","1","6","Work-related musculoskeletal disorders (WMSDs) remain one of the most significant occupational health risks in agriculture, where repetitive, physically demanding tasks such as planting, weeding, and harvesting are still widely performed manually. Traditional ergonomic risk assessment methods, including RULA, REBA, OWAS, and biomechanical modeling, have provided valuable insights but are often limited by subjectivity, static posture evaluation, and lack of scalability. Recent advances in artificial intelligence (AI), machine learning (ML), computer vision, and Internet of Things (IoT) technologies are reshaping this field by enabling automated, real-time, and predictive assessment of ergonomic risks. Hybrid and IoT enabled systems integrate multiple modalities and offer digital dashboards for remote monitoring, while predictive models based on deep learning and reinforcement learning allow early detection of WMSDs before symptom onset. Despite their promise, these approaches face challenges related to data availability, sensor calibration, worker acceptance, privacy concerns, and the lack of regulatory standards. This review synthesizes current methods and applications, identifies key challenges, and highlights future directions, including AR/VR based ergonomic training, digital twins, federated learning, and explainable AI, to advance safe and sustainable agricultural labor practices.","","979-8-3315-6862-7","10.1109/IDICAIHEI65991.2025.11379019","","https://ieeexplore.ieee.org/stamp/stamp.jsp?arnumber=11379019","Ergonomics;Machine learning;Computer vision;Wearable sensors;Internet of Things (IoT)","Training;Computer vision;Musculoskeletal system;Explainable AI;Reviews;Ergonomics;Scalability;Real-time systems;Open wireless architecture;Internet of Things","","","","30","IEEE","23 Feb 2026","28-29 Nov. 2025","28-29 Nov. 2025","IEEE","IEEE Conferences"
"AI-Based IoT Framework in Precision Agriculture and Crop Yield Optimization","G. Singh; G. Kaur; A. Singh","Department of Computer Science & Engineering, Guru Kashi University, Talwandi Sabo, India; Department of Computer Science, Shaheed Bhai Mani Singh Khalsa College, Longowal, India; Faculty of Computing, Guru Kashi University, Talwandi Sabo, India",2026 International Conference on Connected Intelligence for Industrial Applications (CI2A),"1 Jul 2026","2026","","","1","8","The growing food production, climate change, and insufficient natural resources have boosted the use of smart technologies in contemporary agriculture. Internet of Things and Artificial Intelligence have a complementary role in facilitating smart agriculture by helping to real-time monitor, analyze the data, and make decisions automatically. IoT technologies ensure large-scale implementation of sensors and actuators to monitor the soil conditions, crop conditions, and the environmental parameters in real-time, whereas AI techniques offer the possibility of predictive modeling and pattern recognition, as well as optimization. A common taxonomy is provided to categorize the existing literature in terms of architectural design, data modality, and AI methodology. The paper also compares cloud-based, edge-based and hybrid edge cloud architecture that can be applied to big and real time agricultural applications. Traditional machine learning, deep learning and edge-optimized models are discussed as key AI methods to be applied to smart irrigation, crop disease detection, yield prediction, soil health management, and greenhouse automation. Besides, the problems of data availability, energy efficiency, connection, model generalization, privacy and interpretability are also discussed as major challenges. Lastly, the paper identifies new areas of research such as federated learning, explainable AI, digital twins, and lightweight edge intelligence as the direction of the future research on intelligent and sustainable agricultural systems.","","979-8-3315-8457-3","10.1109/CI2A69097.2026.11576993","","https://ieeexplore.ieee.org/stamp/stamp.jsp?arnumber=11576993","Artificial Intelligence;Machine Learning;Internet of Things;AIoT;Crop Yield Prediction;Edge Computing","Artificial intelligence;Internet of Things;Modeling;Crops;Machine learning;Image sensors;Smart agriculture;Printing;Timing;Irrigation","","","","36","IEEE","1 Jul 2026","3-5 April 2026","3-5 April 2026","IEEE","IEEE Conferences"
"Development and Implementation of a Framework for Aerospace Vehicle Reasoning (FAVER)","C. M. Ezhilarasu; I. K. Jennions","Integrated Vehicle Health Management (IVHM) Centre, Cranfield University, Bedfordshire, U.K.; Integrated Vehicle Health Management (IVHM) Centre, Cranfield University, Bedfordshire, U.K.",IEEE Access,"6 Aug 2021","2021","9","","108028","108048","This paper discusses the development and implementation of the architecture of a Framework for Aerospace Vehicle Reasoning, `FAVER'. Integrated Vehicle Health Management systems require a holistic view of the aircraft to isolate faults cascading between aircraft systems. FAVER is a system-agnostic framework developed to isolate such propagating faults by incorporating Digital Twins (DTs) and reasoning techniques. The flexibility of FAVER to work with different types and scales of DTs and diagnostics, and its ability to adapt and expand for previously unknown faults and new systems are demonstrated in this paper. The paper also shows the novel combination of relationship matrix and fault attributes database used to structure the knowledge of FAVER's expert system. The paper provides the working mechanism of FAVER's reasoning and its ability to isolate faults at the system level, identify their root causes, and predict the cascading effects at the vehicle level. Four aircraft systems are used for demonstration purposes: i) the Electrical Power System, ii) the Fuel System, iii) the Engine, and iv) the Environmental Control System, and the use case scenarios are adapted from real aircraft incidents. The paper also discusses the pros and cons of FAVER's reasoning via demonstrations and evaluates the performance of FAVER's reasoning through a comparative study with a supervised neural network model.","2169-3536","","10.1109/ACCESS.2021.3100865","Boeing Company, as part of their collaboration with Cranfield University IVHM Centre; ","https://ieeexplore.ieee.org/stamp/stamp.jsp?arnumber=9500228","Reasoning;health monitoring;aircraft systems;cascading faults;aircraft accidents;OSA-CBM","Aircraft;Cognition;Monitoring;Aircraft propulsion;Engines;Sensors;Maintenance engineering","","15","","34","CCBY","28 Jul 2021","2021","","IEEE","IEEE Journals"
"Measure Theory-based Approach for Remaining Useful Lifetime Prediction in Power Converters","A. Rahnama Sadat; H. Sarma Krishnamoorthy","Department of Electrical and Computer Engineering, University of Houston, Houston, Texas, USA; Department of Electrical and Computer Engineering, University of Houston, Houston, Texas, USA",2020 IEEE Energy Conversion Congress and Exposition (ECCE),"30 Oct 2020","2020","","","2541","2547","It is well known that the reliability of each component in a power converter affects the reliability of the overall system. Due to the advancements in computing infrastructure and sensor technologies, data-driven approaches for the prediction of the health of power converters in real-time are slowly becoming popular. This paper proposes a new statistical approach using probability density functions (PDFs) and associated concepts in measure theory to predict the probability of system failure using individual components’ degradation data. For this purpose, remaining-useful-life (RUL) is estimated for each power component (or sub-system) using qualification data, followed by an evaluation of a cumulative probability of survival for the converter. An artificial neural network (ANN) is then trained to quickly estimate in real-time, the probability of survival of the power converter in the future. While the algorithm involves multiple computation steps, the RUL prediction accuracy using the proposed method will be high due to the data-driven approach. Moreover, the machine learning-based model resulting from this approach to predict the probability of survival is light on memory utilization. It is envisioned that this approach can be used to create digital twins of power converters in practical circuits, optimize performance, and predict RUL. This paper explains the theory followed by an example analysis of an isolated DC-DC converter. An experimental qualification setup for device degradation test and system-level RUL measurement methods are provided.","2329-3748","978-1-7281-5826-6","10.1109/ECCE44975.2020.9235635","","https://ieeexplore.ieee.org/stamp/stamp.jsp?arnumber=9235635","Measure theory;reliability prediction;power converter;RUL;neural network","Degradation;Reliability;Capacitors;Qualifications;Junctions;Monitoring;Temperature measurement","","6","","14","IEEE","30 Oct 2020","11-15 Oct. 2020","11-15 Oct. 2020","IEEE","IEEE Conferences"
"Hybrid Modeling of an Induction Machine to Support Bearing Diagnostics","P. Amitabh; D. Bozalakov; F. De Belie","Department of Electromechanical, System and Metal Engineering, Ghent University, Ghent, Belgium; Department of Electromechanical, System and Metal Engineering, Ghent University, Ghent, Belgium; Department of Electromechanical, System and Metal Engineering, Ghent University, Ghent, Belgium",IEEE Open Journal of the Industrial Electronics Society,"21 Oct 2024","2024","5","","1140","1157","In this article, a novel hybrid model of an induction machine is proposed that can emulate the response of a machine with a faulty bearing. The idea behind developing such a topology is to have the response quite close to that from a real asset while keeping it computationally efficient. The aim is to develop an accurate and efficient model, akin to digital twins, which have the potential for real-time operation. Therefore, the model is divided into two parts. One is a physics-based model that takes fundamental equations and motor construction parameters to yield an intermediate response. All the major parameters are taken into account such that the fundamental component comes quite close to that of the real asset and the bearing fault signature comes in the same order. These signatures are quite small and some small parasitic effects or the assumptions taken while simplifying the model might not impact the fundamental component that much but they alter the signature's amplitude quite significantly. One way is to model all the parasitic effects, which might increase the computation effort significantly. Another way is to take all the parasitic effects altogether and bridge the difference using a statistical approach which is developed using experimental data. Therefore, the current measurements were taken for several bearings with different fault severity. These measurements are processed and quantified such that the net outcome can express the evolution of the signature with increasing fault severity. The same is done for the data generated using the physics-based model. Finally, the difference in the responses is reduced using the neural network such that it can mimic real-world machine behavior closely. The analytical model followed by statistical adjustment overall is considered a hybrid model. The ultimate goal of this methodology is to generate extensive datasets encompassing diverse operating conditions that can be used further to estimate the health of the bearing and possibly be used for training predictive algorithms to estimate bearing RUL in motors. The proposed methodology is developed for the machine operating at 1000 and 1500 RPM and is validated for three different operating speeds.","2644-1284","","10.1109/OJIES.2024.3461949","Flanders Make, Leuven, Belgium; ","https://ieeexplore.ieee.org/stamp/stamp.jsp?arnumber=10681032","Bearing faults;diagnostics;induction motor;motor current signature analysis","Circuit faults;Computational modeling;Mathematical models;Current measurement;Atmospheric modeling;Air gaps;Vibrations;Current measurement;Induction machines","","4","","31","CCBYNCND","16 Sep 2024","2024","","IEEE","IEEE Journals"
"Automated Morphometric Profiling of Brain Ventricles: Bridging Radiologic Imaging and Artificial Intelligence","A. S. Thul; K. Chaudhary; S. Rawlani; A. Sawal; V. Anjankar; N. Ragit","Department of Anatomy, Jawaharlal Nehru Medical College, DMIHER, Wardha, India; Department of Anatomy, Jawaharlal Nehru Medical College, DMIHER, Wardha, India; Department of Anatomy, Jawaharlal Nehru Medical College, DMIHER, Wardha, India; Department of Anatomy, Jawaharlal Nehru Medical College, DMIHER, Wardha, India; Department of Anatomy, Jawaharlal Nehru Medical College, DMIHER, Wardha, India; Department of Anatomy, Jawaharlal Nehru Medical College, DMIHER, Wardha, India",2026 IEEE 1st International Conference on Intelligent Technologies for a Sustainable and Inclusive Future (ICITSIF),"22 Jul 2026","2026","","","826","831","Artificial Intelligence (AI) is revolutionizing the field of brain ventricle morphometry with the ability to quantitatively and high-resolution analyze ventricle morphology at a faster and reproducible scale. The existing process using human expertise and semi-automated analysis is prone to human error, high interventional effort and a lack of scalability, while deep learning architectures such as CNNs, UNet and the combination of CNNs and UNet offer high accuracy and better integration of image and Clinical information compared to human expertise and semi-automated analysis. AI-assisted tools and techniques have proved their utility in the early diagnosis and continuous monitoring of hydrocephalus, Alzheimer’s disease, Parkinson’s disease, multiple sclerosis and schizophrenia and neurosurgery and its follow-up. These tools and techniques can compute volumetric information, asymmetry ratios and a risk score for a particular disease, further providing possibilities for precision medicine. Still, issues such as heterogeneity in scanner types, the lack of computational models for specific partial volume effects, the scarcity of human-annotated examples and performance inefficiencies in complex scenarios persist. Emerging trends include multimodal learning, federated learning, explainability in AI, edge computing, quantum computing, digital twin model and use of AI in neurosurgical tools with augmented reality assistance.","","979-8-3315-7058-3","10.1109/ICITSIF69060.2026.11609067","","https://ieeexplore.ieee.org/stamp/stamp.jsp?arnumber=11609067","Artificial intelligence;Brain ventricle morphometry;Deep learning;CNNs (Convolutional Neural Networks);U-Net;Hybrid frameworks;Automated segmentation;Volumetric measures;Explainable AI (XAI)","Artificial intelligence;Modeling;Neuroimaging;Diseases;Brain;Magnetic resonance imaging;Brain ventricles;Timing;Hydrocephalus;Printing","","","","19","IEEE","22 Jul 2026","29-30 May 2026","29-30 May 2026","IEEE","IEEE Conferences"
"Faulty Phase Localization and Severity Estimation of Interturn Short-Circuit Fault in PMSG of Wind Power System Under Wind Fluctuations","B. Sun; Y. Zhu; Z. Wei","School of Electrical and Power Engineering, Hohai University, Nanjing, China; School of Electrical and Power Engineering, Hohai University, Nanjing, China; School of Electrical and Power Engineering, Hohai University, Nanjing, China",IEEE Transactions on Power Electronics,"25 Jun 2025","2025","40","9","13246","13259","Interturn short-circuit fault (ISCF) is among the most common electrical faults in permanent magnet synchronous generators (PMSGs), with subtle early indicators that make detection challenging, especially under wind fluctuations. To improve the reliability of wind power systems and extend the lifespan of PMSGs, this article presents an innovative approach for localizing faulty phase and estimating the severity of ISCF. First, the root mean square (RMS) of stator current space vector (SCSV) is measured as the diagnostic variable. Subsequently, a novel one-dimensional convolutional neural networks digital twin model is developed, accounting for wind fluctuations to calculate the reference RMS of SCSV. Fault diagnosis is conducted by analyzing the residuals between the measured values and the reference values, complemented by adaptive thresholds, which innovatively adjusts based on wind variation rate. Finally, the faulty phase is localized through the phase current, and the severity is estimated by comparing the measured SCSV RMS with the calculated value. Experiments on a specially designed motor drive platform yielded 2 million health data samples under different wind conditions for model training. The proposed method demonstrated high sensitivity and robustness, even for the minor faults, outperforming various existing approaches.","1941-0107","","10.1109/TPEL.2025.3559297","National Natural Science Foundation of China(grant numbers:52477045); ","https://ieeexplore.ieee.org/stamp/stamp.jsp?arnumber=10959720","Adaptive threshold;current space vector;digital twin model;interturn short-circuit fault;one-dimensional convolutional neural networks (1D-CNNs);permanent magnet synchronous generator (PMSG);wind fluctuations","Circuit faults;Wind power generation;Root mean square;Mathematical models;Adaptation models;Fluctuations;Fault diagnosis;Harmonic analysis;Digital twins;Current measurement;Permanent magnet motors","","3","","34","IEEE","9 Apr 2025","Sept. 2025","","IEEE","IEEE Journals"
"Industry 5.0-Oriented Edge-AI and 6G Framework for Real-Time Microbiome Engineering in Smart Agriculture","A. N D; M. S B; N. K B; B. N. Shobha; M. B. Anandaraju; M. G","Department of E&C, BGS Institute of Technology, Adichunchanagiri University, B G Nagara, Karnataka, India; Department of E&C, BGS Institute of Technology, Adichunchanagiri University, B G Nagara, Karnataka, India; Department of E&C, BGS Institute of Technology, Adichunchanagiri University, B G Nagara, Karnataka, India; Department of E&C, BGS Institute of Technology, Adichunchanagiri University, B G Nagara, Karnataka, India; Department of E&C, BGS Institute of Technology, Adichunchanagiri University, B G Nagara, Karnataka, India; Department of CSD, VTU, PES Instituite of Technology & Management, Shivamogga, Karnataka, India",2026 International Conference on Emerging Research in Smart Electronics and Machine Informatics (ECMI),"15 Jul 2026","2026","","","1","10","Industry 5.0 emphasizes human-centric, resilient, and sustainable systems by combining artificial intelligence with next-generation communication technologies. In this work, an Industry 5.0-oriented Edge-AI and 6G-enabled framework is proposed for real-time microbiome engineering in smart agriculture, aiming to enhance soil health, crop productivity, and resource efficiency. The proposed architecture integrates edge-based deep learning for microbial profiling, ultra-low-latency 6G communication for real-time data exchange, and secure blockchain-enabled data management. A digital twin of the agricultural environment enables simulation-driven optimization of irrigation, fertilization, and microbial interventions before physical deployment. Experimental evaluation using simulated 6G networks and validated soil microbiome datasets demonstrates a microbial profiling accuracy of 97.8 %, soil fertility improvement of 45 %, and crop yield enhancement of 26 %, while achieving $\mathbf{0. 2 5 m s}$ latency and $\mathbf{3. 6 M B} / \mathbf{W}$ energy efficiency. The framework further supports adaptive decision-making through self- evolving AI models aligned with Industry 5.0 principles. The results indicate that the proposed system significantly outperforms conventional and AI-assisted farming approaches, offering a scalable and sustainable solution for next-generation smart agriculture.","","979-8-3315-5638-9","10.1109/ECMI68341.2026.11603173","","https://ieeexplore.ieee.org/stamp/stamp.jsp?arnumber=11603173","Industry 5.0;Edge Artificial Intelligence;6G Communication;Digital Twin Agriculture;Microbiome Engineering;Precision Farming;Blockchain Security;Sustainable Smart Agriculture","Artificial intelligence;Soil;Modeling;Timing;Real-time systems;Edge AI;Farming;Fifth Industrial Revolution;Smart agriculture;Crops","","","","15","IEEE","15 Jul 2026","9-10 April 2026","9-10 April 2026","IEEE","IEEE Conferences"
"Spatiotemporal Attention Networks for Reliable Real-Time Wildfire Detection","L. Sphoorthi; G. Sathwika; G. Dwarakamai; G. Deekshitha; G. Keerthana; G. S. Laxmi","Computer Science and Engineering, Malla Reddy Engineering College for Women, Hyderabad, India; Computer Science and Engineering, Malla Reddy Engineering College for Women, Hyderabad, India; Computer Science and Engineering, Malla Reddy Engineering College for Women, Hyderabad, India; Computer Science and Engineering, Malla Reddy Engineering College for Women, Hyderabad, India; Computer Science and Engineering, Malla Reddy Engineering College for Women, Hyderabad, India; Computer Science and Engineering, Malla Reddy Engineering College for Women, Hyderabad, India",2026 6th International Conference on Intelligent Technologies (CONIT),"28 Jul 2026","2026","","","1","6","The detection of wildfires has been considered to be the most important step to reduce the ecological and health- related issues. Deep learning methodologies like FireNet-CNN and YOLO have been proposed to improve the precision of the model. However, the model has been facing problems like high false detection rates, which has been termed ""benign"" distractors. The major reasons for this problem are the movement of clouds, sun glint, and fireplaces. In the present paper, a new concept called ""Hybrid Spatiotemporal Attention Framework (HSTAF)"" has been proposed to solve the problems faced by 2D vision models using 3D CNN models. Additionally, unlike the previous model, the proposed methodology has taken into account the dynamic nature of the growth signature of smoke and fire. Additionally, the proposed methodology has taken into account the real-time meteorological conditions like wind, humidity, temperature, etc., using the proposed concept called ""Environmental Digital Twin (EDT)."" In the proposed model, it has been possible to achieve a high accuracy of 99.65% with reduced false positive rates. Additionally, the proposed model size has also been kept compact, i.e., 12 MB.","","979-8-3195-1858-3","10.1109/CONIT69683.2026.11620749","","https://ieeexplore.ieee.org/stamp/stamp.jsp?arnumber=11620749","Wildfire Detection;Spatiotemporal Attention;3D Convolutional Neural Networks;Digital Twin;Real-Time Surveillance;Multi-Modal Fusion;Explainable AI (XAI);Edge Computing","Modeling;Machine learning;Fires;Firing;Wildfires;Machining;Signal detection;Clouds;Technology;Convolutional neural networks","","","","12","IEEE","28 Jul 2026","19-21 June 2026","19-21 June 2026","IEEE","IEEE Conferences"
"Dynamic Model-Embedded Intelligent Machine Fault Diagnosis Without Fault Data","X. Yu; Y. Yang; M. Du; Q. He; Z. Peng","State Key Laboratory of Mechanical System and Vibration, Shanghai Jiao Tong University, Shanghai, China; Science and Technology on Vehicle Transmission Laboratory, China North Vehicle Research Institute, Beijing, China; Science and Technology on Vehicle Transmission Laboratory, China North Vehicle Research Institute, Beijing, China; State Key Laboratory of Mechanical System and Vibration, Shanghai Jiao Tong University, Shanghai, China; State Key Laboratory of Mechanical System and Vibration, Shanghai Jiao Tong University, Shanghai, China",IEEE Transactions on Industrial Informatics,"19 Oct 2023","2023","19","12","11466","11476","Intelligent machine fault diagnosis technique has recently exploded interest in digital health, energy power, and industrial maintenance. Collecting machine fault data in engineering practice is usually costly, causing big challenges in the intelligent diagnosis of most fresh-from-the-factory machines that are missing fault data. Inspired by the main idea of the digital twin, in this article, we propose a dynamic model-embedded intelligent machine fault diagnosis framework. Specifically, a machine dynamic modeling and parameter identification approach is introduced for building the machine digital model. The digital model is used to predict machine fault data from the measured healthy vibration signals. Furthermore, a parameterized convolutional neural network structure is designed for learning optimization features and recognizing the machine's healthy state. Experimental investigation demonstrates the effectiveness of the framework. The results show that the proposed framework enables intelligent machine fault diagnosis without fault data. The diagnosis effect outperforms supervised, unsupervised, and small-sample learning approaches and can be generalized to another load and speed with acceptable accuracy.","1941-0050","","10.1109/TII.2023.3245677","Russian Foundation for Basic Research(grant numbers:MKF20210013); ","https://ieeexplore.ieee.org/stamp/stamp.jsp?arnumber=10049272","Convolutional neural network;digital twin;dynamics;fault;intelligent machine fault diagnosis","Gears;Fault diagnosis;Data models;Feature extraction;Vibrations;Mathematical models;Digital twins","","44","","35","IEEE","20 Feb 2023","Dec. 2023","","IEEE","IEEE Journals"
"Chaos Engineering Based Kubernetes Pod Rescheduling Through Deep Sets and Reinforcement Learning","M. Zaccarini; F. Poltronieri; D. Borsatti; W. Cerroni; L. Foschini; G. Y. Grabarnik; D. Scotece; L. Shwartz; C. Stefanelli; M. Tortonesi","Distributed Systems Research Group, University of Ferrara, Ferrara, Italy; Distributed Systems Research Group, University of Ferrara, Ferrara, Italy; University of Bologna, Bologna, Italy; University of Bologna, Bologna, Italy; University of Bologna, Bologna, Italy; Department of Mathematics and Computer Science, St. John's University, Queens, NY, USA; University of Bologna, Bologna, Italy; Operational Innovation, IBM Consulting, NY, USA; Distributed Systems Research Group, University of Ferrara, Ferrara, Italy; Distributed Systems Research Group, University of Ferrara, Ferrara, Italy",NOMS 2025-2025 IEEE Network Operations and Management Symposium,"15 Jul 2025","2025","","","1","7","Kubernetes (K8S) is a widely used orchestration solution that helps manage complex IT applications by providing mechanisms for autoscaling, health checking, cluster formation, and replication, which are essential to deploy and manage the multitude of connected microservices. However, they may suffer in case of unexpected faults which can severely change the underlying computing infrastructure and lead to service outages, highlighting the need for resilient solutions capable of mitigating the adverse effects of faults. To address this, the TELKA sched-uler integrates Chaos Engineering (CE), Reinforcement Learning (RL), and Digital Twin (DT) to reallocate K8S pods evicted due to unexpected faults. While TELKA showed promising results in reallocating evicted pods, its preliminary implementations suffered from scalability issues, as the RL agent could only effectively operate on scenarios with the same number of nodes seen during training. To overcome this limitation, this paper improves TELKA by incorporating a neural network architecture called Deep Sets (DS), which can generalize the operation of TELKA on different numbers of nodes. Experimental results not only demonstrate the validity of the improved TELKA but also show how it can be used to identify good operating conditions.","2374-9709","979-8-3315-3163-8","10.1109/NOMS57970.2025.11073590","","https://ieeexplore.ieee.org/stamp/stamp.jsp?arnumber=11073590","Chaos Engineering;Digital Twin;Reinforcement Learning;Optimization;Kubernetes","Chaos;Training;Scalability;Neural networks;Microservice architectures;Reinforcement learning;Computer architecture;Digital twins;Optimization","","1","","30","IEEE","15 Jul 2025","12-16 May 2025","12-16 May 2025","IEEE","IEEE Conferences"
"Machine Learning-Based Enhanced Telematics Data Simulation for Predictive Maintenance in E-Mobility Fleet Operations","A. Ambulkar; S. J. Deshpande","General Manager Advanced Engineering Program Accolade Electronics Pvt. Ltd., Pune, India; Engineer Advanced Engineering Accolade Electronics Pvt. Ltd., Pune, India",2025 IEEE International Transportation Electrification Conference (ITEC-India),"24 Mar 2026","2025","","","1","6","Predictive maintenance is a cornerstone for reliable e-mobility fleet management, yet acquiring sufficient failure-mode data in real fleets is both expensive and time-consuming. This paper introduces a machine learning-enhanced simulation pipeline to generate synthetic telematics datasets that mimic real-world electric vehicle operational patterns and component degradation. A generative adversarial network (GAN) is trained on limited real-world battery, motor, and sensor data from telematics units to produce diverse, physically plausible trajectories of state-of-health indicators. The simulated data populates a digital twin of an EV fleet, upon which gradient boosting and recurrent neural network models are evaluated for anomaly detection and remaining useful life (RUL) prediction. In comparison to purely heuristic simulations, our approach improves predictive maintenance scheduling accuracy by 28 % and reduces false-positive warnings by 40 %. Results indicate that ML-driven synthetic data generation can accelerate the development of reliable maintenance algorithms, ultimately enhancing fleet uptime and reducing operational costs.","","979-8-3315-5400-2","10.1109/ITEC-India67626.2025.11439548","","https://ieeexplore.ieee.org/stamp/stamp.jsp?arnumber=11439548","Predictive maintenance;electric vehicles;telematics;generative adversarial networks;fleet management;digital twin","Costs;Predictive models;Telematics;Generative adversarial networks;Electric vehicles;Data models;Digital twins;Maintenance;Predictive maintenance;Synthetic data","","","","9","IEEE","24 Mar 2026","16-19 Sept. 2025","16-19 Sept. 2025","IEEE","IEEE Conferences"
