id,source,year,decision,stage,rule_i,rule_ii,rule_iii,doi,title
42766171,pubmed,2026,eligible,rules,True,True,True,10.1007/s00210-024-03058-y,PathSepsisNet: a pathway-aware temporal graph attention network integrating inflammatory crosstalk dynamics for early prediction of multi-organ dysfunction in sepsis.
42763818,pubmed,2026,eligible,rules,True,True,True,10.1016/j.media.2021.102338,Lumina-Net: temporal learning with feature fusion for endoscopic artifact removal.
42762276,pubmed,2026,excluded_iii_no_quantitative_comparison,rules,True,True,False,10.1016/j.xagr.2022.100050,"Congenital Syphilis in Brazil: Municipal Antenatal Care, Primary Health Care Capacity, and Territorial Inequalities, 2015-2024."
42761300,pubmed,2026,excluded_iii_no_quantitative_comparison,rules,True,True,False,10.7759/cureus.114763,Objective Assessment of Ideomotor Limb Apraxia Using Markerless Computer Vision and Machine Learning: A Proposed Framework and Validation Design.
42756400,pubmed,2026,excluded_ii_not_human_health,rules,True,False,True,10.1109/access.2021.3101650,Advanced security framework for 5G-SDN attack detection and mitigation using Affinity Cohesive Clustering and Improved Chaotic Walrus-Optimized Convolutional LSTM with Deep Dual Info-Varcoder.
42749078,pubmed,2026,eligible,rules,True,True,True,10.1016/j.neuroscience.2026.09.015,Adaptive hypergraph learning reveals high-order functional network alterations in mild cognitive impairment.
42743980,pubmed,2026,eligible,rules,True,True,True,10.1088/1741-2552/aea7db,BRAINet: A brain-region-aware interaction network for EEG-based diagnosis of disorders of consciousness.
42743951,pubmed,2026,excluded_iii_no_quantitative_comparison,rules,True,True,False,10.1088/2057-1976/aea7a0,Dynamic coarsened spatio-temporal graph convolutional networks for fMRI classification of addiction-induced sleep disorders.
42742387,pubmed,2026,excluded_iii_no_quantitative_comparison,rules,True,True,False,10.1093/neuonc/noag209,The Spatiotemporal Evolution of Radiation Resistance in Glioblastoma.
42740243,pubmed,2026,excluded_iii_no_quantitative_comparison,rules,True,True,False,10.1109/tcyb.2021.3071860,MF-TopoNet: A Multi-Frequency Topological Neural Network for Epileptic Seizure Prediction.
42732216,pubmed,2026,excluded_iii_no_quantitative_comparison,rules,True,True,False,10.1016/j.bbrep.2026.102764,A recurrent CCDC82 frameshift variant associated with syndromic neurodevelopmental disorder in a consanguineous Pakistani family.
42731390,pubmed,2026,excluded_ii_not_human_health,rules,True,False,False,10.1016/j.media.2026.104296,Learning efficient non-rigid registration in k-space for accelerated Magnetic Resonance Imaging.
42725427,pubmed,2026,excluded_iii_no_quantitative_comparison,rules,True,True,False,10.5603/ep.112817,"Beyond traditional biopsy: integrating liquid biopsy, molecular panels, and advanced imaging techniques in thyroid cancer management."
42724925,pubmed,2026,excluded_review,item_type,,,,10.1002/puh2.70278,AI-Driven Dentistry and Public Health Surveillance: Opportunities and Challenges.
42724121,pubmed,2026,excluded_review,item_type,,,,10.1159/000547232,Artificial intelligence-empowered echocardiography: an updated review of clinical management in hypertrophic cardiomyopathy.
42715650,pubmed,2026,excluded_i_no_spacetime_structure,rules,False,True,True,10.1016/j.artmed.2026.103520,AI-based mid-term effectiveness prediction of bracing treatments for adolescent idiopathic scoliosis.
42712913,pubmed,2026,eligible,rules,True,True,True,10.1007/s00330-020-07641-8,Dynamic Vascular Spatiotemporal Heterogeneity on Multiphase CT for Preoperative Prediction of Microvascular Invasion in Hepatocellular Carcinoma.
42711623,pubmed,2026,eligible,rules,True,True,True,10.1002/path.70113,DUCK-Net: automated deep learning segmentation of ductular reactions in murine liver injury captures multicellular niche dynamics from H&E morphology.
42707129,pubmed,2026,eligible,rules,True,True,True,10.1002/mco2.70980,An Intraoperative EEG Biomarker for Postoperative Delirium Predicting Based on Interpretable Deep Learning Framework.
42702138,pubmed,2026,excluded_ii_not_human_health,rules,True,False,True,10.1016/j.neunet.2026.109575,Long-short-term decoupled residual learning for high-resolution spatio-temporal air quality inference.
42701578,pubmed,2026,eligible,rules,True,True,True,10.1371/journal.pone.0183259,Spatially and temporally resolved assessment of quantitative skeletal muscle perfusion with non-contrast MRI in patients with PAD and healthy controls.
42700517,pubmed,2026,excluded_review,item_type,,,,10.1016/j.compbiomed.2026.111921,"Brain organoids, high-density MEAs, and deep learning: A new paradigm for functional neurobiomarker discovery."
42694253,pubmed,2026,eligible,rules,True,True,True,10.1109/access.2023.3332196,Quantum-optimized spatio-temporal transformer for multimodal cardiovascular risk prediction from clinical and wearable data.
42690533,pubmed,2026,eligible,rules,True,True,True,10.59717/j.xinn-med.2023.100030,Lightweight Transformer-based knowledge distillation framework for high-dimensional spatiotemporal radiomics in breast cancer risk prediction.
42689811,pubmed,2026,excluded_ii_not_human_health,rules,True,False,False,10.1021/acs.est.6c04403,Probabilistic Assessment of PM2.5 and Ozone Co-Occurring Extremes under Wildfire Smoke in the Contiguous United States.
42689126,pubmed,2026,excluded_review,item_type,,,,10.1016/j.ymgmr.2022.100901,"Glycosylation disorders in pediatric epilepsy: pathophysiology, imaging and precision therapy."
42680271,pubmed,2026,excluded_review,item_type,,,,10.1016/j.foodres.2026.119937,Decoding the spatiotemporal patterns of food spoilage microbial communities: Integrating multi-omics and artificial intelligence to enable precision preservation.
42668810,pubmed,2026,excluded_iii_no_quantitative_comparison,rules,True,True,False,10.1111/ijmr.12381,Trends and hotspots in artificial intelligence applications for atherosclerosis research: A bibliometric analysis.
42667695,pubmed,2026,eligible,rules,True,True,True,10.1016/j.cmpb.2026.109613,A clinical decision support system for ECG diagnosis: Surpassing commercial standards through dual-stream feature fusion.
42664663,pubmed,2026,eligible,rules,True,True,True,10.1016/j.media.2026.104260,Gait-based diagnostic network for localization and pathological characterization of spine and pelvis diseases.
42663540,pubmed,2026,excluded_iii_no_quantitative_comparison,rules,True,True,False,10.4103/jvbd.jvbd_105_26,"Mapping Spatio-Temporal Hotspots of Dengue Transmission in Tasikmalaya, Indonesia."
42662501,pubmed,2026,excluded_iii_no_quantitative_comparison,rules,True,True,False,10.1016/j.lanwpc.2025.101517,Quantifying inequalities and forecasting the burden of chronic kidney disease from 1990 to 2040.
42652693,pubmed,2026,excluded_i_no_spacetime_structure,rules,False,True,False,10.1089/neu.2023.0486,A Pilot Feasibility Trial of Multi-Program Epidural Spinal Cord Stimulation for Bladder Function Recovery in Chronic Spinal Cord Injury.
42651830,pubmed,2026,excluded_review,item_type,,,,10.1007/s43032-025-01882-y,The Role of Macrophages in Endometrial Cyclical Changes and Female Reproductive System Diseases: A Review.
42651180,pubmed,2026,excluded_iii_no_quantitative_comparison,rules,True,True,False,10.1038/s41398-025-03758-w,HDGNN-Mamba2: Mamba-Based Spatiotemporal Heterogeneous Dynamic Graph Neural Network for Major Depressive Disorder Classification.
42649809,pubmed,2026,eligible,rules,True,True,True,10.1016/j.jisa.2020.102518,Patient-Specific Spatio-Temporal False Data Injection Attack Detection for IoMT Using a Graph-GRU Digital Twin and Kalman Innovation Features.
42649750,pubmed,2026,eligible,rules,True,True,True,10.1038/s41531-024-00721-2,Multi-Task Wearable Parkinson's Disease Detection with a Pretrained Spatio-Temporal Graph Encoder and Task-Level Token Aggregation.
42648173,pubmed,2026,excluded_iii_no_quantitative_comparison,rules,True,True,False,10.1016/j.scitotenv.2026.182227,"Wildfire smoke, PM2.5 exposure and respiratory morbidity in a densely populated urban setting: Spatial mapping and time-series evidence."
42645955,pubmed,2026,excluded_review,item_type,,,,10.3390/healthcare9020169,"Quantitative Ultrasound Imaging and Artificial Intelligence in Neonatal Echocardiography: Methodological Advances, Reproducibility Challenges, and Computational Perspectives."
42644119,pubmed,2026,eligible,rules,True,True,True,10.48550/arxiv.2312.16602,Deep Generative Model of Macrophage Immune Response for Hepato-intestinal Tumor Therapy Optimization.
42638852,pubmed,2026,excluded_review,item_type,,,,10.1049/htl2.12056,Laparoscopic image segmentation of the hepatobiliary system: Current status and advances from a deep learning perspective.
42636117,pubmed,2026,excluded_iii_no_quantitative_comparison,rules,True,True,False,10.1109/tbme.2026.3727079,Estimation of Walking Body Center of Mass Velocity by Means of Microwave Radars and Deep Learning.
42631223,pubmed,2026,eligible,rules,True,True,True,10.1117/12.3045410,Multi-view and multi-frame voting-based stenosis detection and quantification in X-ray coronary angiography.
42630335,pubmed,2026,excluded_iii_no_quantitative_comparison,rules,True,True,False,10.1038/s41375-024-02228-4,"Decoding serum C-reactive protein-associated molecular patterns in aging and secondhand smoke exposure chronic obstructive pulmonary disease male patients: evidence from cross-sectional, multi-omic and clinical studies."
42627745,pubmed,2026,excluded_ii_not_human_health,rules,True,False,True,10.1109/jbhi.2026.3726594,Unsupervised Dynamic MRI Reconstruction via Low-Rank Patch-Based Tensor Functions with Implicit Neural Representation.
42626002,pubmed,2026,excluded_ii_not_human_health,rules,True,False,True,10.4174/jkss.2012.83.3.183,Quaternion-based recurrent neural networks and machine learning for 3D modeling of superficial femoral artery dynamics: a theoretical framework for enhanced treatment outcomes.
42616265,pubmed,2026,eligible,rules,True,True,True,10.1145/3733834,A study on eye movement trajectory classification for strabismus screening via integration of global dependencies and temporal dynamics.
42604955,pubmed,2026,eligible,rules,True,True,True,10.1142/s0129065727500109,Large Pre-trained EEG Model for Electrical Status Epilepticus during Sleep Detection.
42602542,pubmed,2026,excluded_review,item_type,,,,10.1038/s42256-023-00633-5,Multimodal AI in high-grade serous ovarian cancer: integrated prediction and clinical decision-making.
42600438,pubmed,2026,eligible,rules,True,True,True,10.1016/j.cmpb.2026.109582,Epi-Spec2State: Convolutional state space model via spectrogram image sequences for prediction-oriented seizure state classification in EEG signals.
42594013,pubmed,2026,eligible,rules,True,True,True,10.1109/tbme.2026.3723565,Analyzing Frequency-Space-Time EEG Signatures via Interpretable Neural Networks: A Simulation Study.
42593624,pubmed,2026,eligible,rules,True,True,True,10.1371/journal.pone.0330924,From time-lapse to morphokinetics: neural ODE dynamics for reliable embryo stage transition timing.
42590135,pubmed,2026,eligible,rules,True,True,True,10.3390/app15084546,Postoperative Gait Characteristics After Arthroscopic Ankle Arthrodesis Using a Deep Learning-Based Markerless Motion Capture System: A Pilot Observational Study.
42589301,pubmed,2026,excluded_iii_no_quantitative_comparison,rules,True,True,False,10.1101/2023.11.05.565674,Deciphering the Leading-Edge Spatiotemporal Microenvironment of Hepatocellular Carcinoma for Targeted Drug Discovery Using SpaPred.
42586153,pubmed,2026,excluded_ii_not_human_health,rules,True,False,False,10.1088/1361-6579/ae98e0,Reliability-aware hierarchical learning for Chagas disease screening from 12-lead ECGs: tackling label uncertainty and class imbalance.
42582799,pubmed,2026,eligible,rules,True,True,True,10.1148/radiol.232653,Attention-Enhanced Hybrid Bidirectional LSTM and Temporal Convolutional Network for Early Detection of Lung Cancer in Low-Dose CT Scans.
42581369,pubmed,2026,excluded_review,item_type,,,,10.1038/s41598-019-46875-5,"Epigenetic dysregulation in depression: molecular mechanisms, clinical biomarkers, and therapeutic opportunities."
42576121,pubmed,2026,excluded_ii_not_human_health,rules,True,False,True,10.1109/access.2019.2931922,TempoSafe-CVS: A Temporal Multi-scale Deep Learning Framework for Automated Assessment of the Critical View of Safety in Laparoscopic Cholecystectomy.
42573936,pubmed,2026,excluded_iii_no_quantitative_comparison,rules,True,True,False,10.1007/s00455-022-10549-8,Multimodal graph-based classification of esophageal motility disorders.
42570594,pubmed,2026,excluded_ii_not_human_health,rules,True,False,False,10.1016/j.watres.2026.126646,Three-dimensional settling map for intelligent detection of activated sludge (AS) properties and health evaluation of AS based wastewater treatment.
42561739,pubmed,2026,eligible,rules,True,True,True,10.1016/j.gaitpost.2026.110610,Wearable gait analysis for differentiating progressive supranuclear palsy and Parkinson's disease: Clinically interpretable digital biomarkers using machine learning.
42558874,pubmed,2026,excluded_review,item_type,,,,10.1371/journal.pntd.0012345,From graph models to intelligent decision-making: a review of spatio-temporal graph neural networks for regional disease risk prediction and etiology mining.
42556553,pubmed,2026,excluded_review,item_type,,,,10.1016/j.pnpbp.2026.111872,Deep learning for EEG-based depression detection: A systematic literature review of methods and interpretability techniques.
42552340,pubmed,2026,excluded_ii_not_human_health,rules,True,False,False,10.3390/rs9010022,A spatiotemporal U-Net++ deep learning framework for dengue risk mapping in Colombia.
42548576,pubmed,2026,eligible,rules,True,True,True,10.1038/s41467-019-08987-4,EEGDecoder-x: an explainable deep learning framework for cross-subject EEG-based detection of Alzheimer's and Creutzfeldt-Jakob disease.
42542499,pubmed,2026,excluded_ii_not_human_health,rules,True,False,True,10.1016/j.scitotenv.2024.174641,"Long-term remote sensing monitoring of turbidity in the Danjiangkou Reservoir, China: spatiotemporal dynamics and influencing factors."
42542450,pubmed,2026,excluded_ii_not_human_health,rules,True,False,True,10.1016/j.jhydrol.2025.133949,Hyperparameter-optimized deep learning for next-day pH forecasting in distributed water quality monitoring systems.
42536693,pubmed,2026,eligible,rules,True,True,True,10.1016/j.psychres.2007.05.006,Deep learning architectures for EEG-based classification of Dravet syndrome: A comparative study of pre-trained and non-pretrained hybrid CNN-LSTM models.
42533414,pubmed,2026,eligible,rules,True,True,True,10.1016/j.gaitpost.2011.12.016,Falls in Huntington's Disease: A Cross-Sectional Analysis of Clinical Features and Potential Contributors.
42529023,pubmed,2026,eligible,rules,True,True,True,10.3390/s24113352,Spatio-temporal graph convolutional networks with transfer learning for continuous ground reaction force estimation in hemiparetic gait.
42524712,pubmed,2026,eligible,rules,True,True,True,10.1148/ryai.250888,A Deep Learning Model Incorporating Spatiotemporal Asymmetries on Longitudinal Mammograms to Predict Breast Cancer Risk.
42522906,pubmed,2026,excluded_ii_not_human_health,rules,True,False,True,10.1080/09593330.2026.2692045,Dynamic feature-adaptive representation learning for spatiotemporal air pollution forecasting.
42520874,pubmed,2026,excluded_iii_no_quantitative_comparison,rules,True,True,False,10.1016/j.envpol.2026.128840,Long-term particulate matter exposure and coronary inflammation: A large-scale cohort study assessed by pericoronary fat attenuation index.
42520836,pubmed,2026,excluded_iii_no_quantitative_comparison,rules,True,True,False,10.1088/1741-2552/ae9190,HFG-Net: high-frequency guided multi-view graph convolution and dynamic spatio-temporal fusion for ASD diagnosis.
42516350,pubmed,2026,eligible,rules,True,True,True,10.1007/s10916-024-02037-3,Hybrid Convolutional-Gated Recurrent Neural Network for Robust Mobile Health Activities Classification.
42515462,pubmed,2026,eligible,rules,True,True,True,10.3354/cr030079,Validation of a Markerless Non-Contact Gait Analysis System for Three-Dimensional Gait Kinematics in Patients with Ankle Injuries: A Concurrent Comparison Study with the Vicon Three-Dimensional Motion Capture System.
42515448,pubmed,2026,eligible,rules,True,True,True,10.1109/tim.2024.3366277,AWARE-Net: A Lightweight Joint Optimization Framework for Robust Sensor-Based Human Activity Recognition.
42515253,pubmed,2026,excluded_ii_not_human_health,rules,True,False,True,10.1145/3292500.3330701,Spatio-Temporal Graph Autoencoder for Sensor Data Reconstruction in Vineyard Microclimate Monitoring.
42512520,pubmed,2026,eligible,rules,True,True,True,10.3390/diagnostics12040959,A Novel Depression Recognition Network Based on Brain Functional Connectivity from Prefrontal Emotional State EEG.
42510442,pubmed,2026,excluded_review,item_type,,,,10.1145/2816795.2818013,From Optical to AI-Driven Markerless Motion Capture in Motor Learning and Rehabilitation.
42510421,pubmed,2026,eligible,rules,True,True,True,10.1016/j.engappai.2024.108665,CosFNet: A Lightweight Epileptic EEG Detection Model Based on Cosine Convolution and FNet.
42510403,pubmed,2026,eligible,rules,True,True,True,10.1111/j.1542-474x.2008.00246.x,Temporal Convolutional Neural Network Analysis of Magnetocardiography Signals for Detection of Pulmonary Hypertension.
42510385,pubmed,2026,excluded_iii_no_quantitative_comparison,rules,True,True,False,10.1155/2021/7963616,Attention-Based Multimodal Framework for Athlete-Performance Analysis and Rehabilitation Monitoring Using Vision and Wearable Sensors.
42510381,pubmed,2026,eligible,rules,True,True,True,10.1109/tgrs.2024.3452550,DCP-TS: A Unified Spatiotemporal Framework for Real-Time Desmoking and Flicker Suppression in Laparoscopic Surgical Videos.
42501626,pubmed,2026,excluded_ii_not_human_health,rules,True,False,True,10.1016/j.jenvman.2026.130515,An Adaptive Spatiotemporal Graph Transformer for Multi-Site PM2.5 Multi-Step Forecasting with Non-stationary and Sparse-Aware Method.
42497882,pubmed,2026,eligible,rules,True,True,True,10.1088/2057-1976/ae8fdb,"Unmasking data leakage in EEG-ADHD literature: a rigorous, interpretable SOTA framework (DSAEN)."
42490678,pubmed,2026,excluded_iii_no_quantitative_comparison,rules,True,True,False,10.1186/s12889-020-08846-8,"Multi-district molecular surveillance of dengue virus in Pakistan reveals serotype cycling and recurrent DENV-2 dominance, 2021-2025."
42488364,pubmed,2026,eligible,rules,True,True,True,10.1109/access.2024.3406909,Hierarchical temporal-separable convolutional-recurrent attention network for EEG-based epileptic seizure prediction.
42487269,pubmed,2026,excluded_i_no_spacetime_structure,rules,False,True,True,10.56441/hilbertpress.2207.6598,A Multiscale Spatiotemporal Causal Mapping Algorithm for Revealing Neural Network Mechanisms of Transcutaneous Auricular Vagus Nerve Stimulation.
42486235,pubmed,2026,eligible,rules,True,True,True,10.1016/j.jneumeth.2026.110866,Diagnosis of neurological dysfunction from EEG signals using DuelQ-SeizureNet and meta black ant optimization for epileptic seizure detection.
42485197,pubmed,2026,excluded_iii_no_quantitative_comparison,rules,True,True,False,10.1109/tmi.2026.3715753,MoST-Net: Motion Memory Spatiotemporal Transformer Network for Myocardial Echocardiography Segmentation.
42483225,pubmed,2026,excluded_ii_not_human_health,rules,True,False,False,10.1007/s10489-022-04228-2,A dual-branch network with brain region-constrained attention for EEG emotion recognition.
42482168,pubmed,2026,excluded_iii_no_quantitative_comparison,rules,True,True,False,10.1093/neuonc/noag164,Early increase in apparent diffusion coefficient predicts favorable response to Dordaviprone (ONC201) therapy in H3K27M-mutant diffuse midline glioma.
42479527,pubmed,2026,eligible,rules,True,True,True,10.1109/jbhi.2026.3715842,EEG-X: An Integrated Framework for Automated Quantitative EEG Analysis in Epilepsy Diagnosis.
42476176,pubmed,2026,excluded_i_no_spacetime_structure,rules,False,True,False,10.1088/2057-1976/ae8d2d,HPA-Net: a lightweight hierarchical progressive fusion network for cardiac disease detection based on ECG-PCG signals.
42474602,pubmed,2026,eligible,rules,True,True,True,10.1016/j.brs.2020.10.001,A Convolutional Neural Network Combining Multi-scale Convolution and Functional Connectivity for Predicting rTMS Efficacy in MUD.
42469314,pubmed,2026,excluded_iii_no_quantitative_comparison,rules,True,True,False,10.1016/j.apacoust.2020.107243,An end-to-end deep learning pipeline for urban noise monitoring with spatiotemporal analysis.
42465961,pubmed,2026,eligible,rules,True,True,True,10.64898/2026.07.07.26357474,MuSTAF: Clinically Relevant Multi-task Spatiotemporal Attention Fusion Framework for Breast Cancer Detection with Longitudinal Mammography.
42460342,pubmed,2026,eligible,rules,True,True,True,10.1109/jstsp.2022.3152352,Towards generalizable contactless oximetry from multispectral video via deep domain-adaptive learning strategy.
42460131,pubmed,2026,eligible,rules,True,True,True,10.1609/aaai.v32i1.11671,Deep Learning Predicts Imminent Tumor Progression in Advanced Pancreatic Adenocarcinoma Using Serial CT Scans During Chemotherapy.
42459054,pubmed,2026,eligible,rules,True,True,True,10.1142/s0129065727500055,Deep Model Families for EEG-Based Multi-Class Dementia Classification.
42456718,pubmed,2026,eligible,rules,True,True,True,10.1088/2057-1976/ae8afa,CRGFFNet: an adaptive inter-channel relation guided feature fusion network for enhanced EEG personality recognition.
42454147,pubmed,2026,eligible,rules,True,True,True,10.1542/9781610024129-part01-clinical,Digital pathology of the living brain: a voxel-level spatio-temporal network for explainable ADHD diagnosis from raw rs-fMRI across multiple scanner sites.
42451378,pubmed,2026,eligible,rules,True,True,True,10.1109/cybconf.2013.6617456,Decentralized Tele-Rehabilitation via Edge AI-Oracle Architecture for Spatiotemporal Pain Assessment.
42446265,pubmed,2026,excluded_iii_no_quantitative_comparison,rules,True,True,False,10.1177/09287329261468631,Gait adaptation in adults with intellectual disability with and without Down syndrome: A Kinect-based neural network approach.
42443286,pubmed,2026,eligible,rules,True,True,True,10.1038/s41598-026-61851-6,Fractal Sierpinski triangle block division for retina-based glaucoma detection using an optimized hybrid deep learning model.
42443195,pubmed,2026,eligible,rules,True,True,True,10.1038/s41531-026-01477-7,Spatiotemporal deep learning for early detection of isolated REM sleep behavior disorder and Parkinson's disease using functional MRI data.
42437844,pubmed,2026,excluded_iii_no_quantitative_comparison,rules,True,True,False,10.1007/s12672-026-05438-7,Machine learning and multi-omic empowered risk stratification and therapeutic framework targeting nucleotide metabolism and mast cell for stomach adenocarcinoma patients.
42435758,pubmed,2026,excluded_i_no_spacetime_structure,rules,False,True,False,10.1038/s41467-017-02171-2,Unraveling Bone-Skin Crosstalk Enables miRNA Nanoformulation for Cutaneous Neurovascular Reconstruction in Diabetic Mice.
42434909,pubmed,2026,excluded_iii_no_quantitative_comparison,rules,True,True,False,10.1093/biolre/ioag145,Compartment-specific aberrant YAP activation impairs endometrial receptivity and decidualization in recurrent implantation failure and recurrent pregnancy loss†.
42434741,pubmed,2026,excluded_review,item_type,,,,10.1227/neu.0000000000003260,A spatiotemporal state-inference framework for adaptive immunotherapy in glioblastoma.
42433532,pubmed,2026,eligible,rules,True,True,True,10.3390/biom13081236,Spatial-temporal and physical constrained deep learning model for simultaneous T1 and T2 reconstruction and mapping (STEP).
42432732,pubmed,2026,eligible,rules,True,True,True,10.1186/s13040-026-00585-7,A three-level risk stratification algorithm for arrhythmia based on CNN-LSTM palindromic structure.
42432514,pubmed,2026,eligible,rules,True,True,True,10.1186/s12880-026-02567-x,Dual-attention temporal graph neural network on resting-state fMRI dynamic functional connectivity identifies risk-related patterns of migraine chronification.
42429020,pubmed,2026,excluded_iii_no_quantitative_comparison,rules,True,True,False,10.1177/03635465261456992,Quantitative Investigation of Tibiofemoral Cartilage Early Degeneration After ACL Reconstruction: An Integrated Biomechanical and Longitudinal MRI Analysis.
42428005,pubmed,2026,eligible,rules,True,True,True,10.1016/j.cose.2024.103821,GeoGuard-PTI: a geo-temporal predictive threat intelligence framework with spatiotemporal attack forecasting and closed-loop adaptive defense.
42426651,pubmed,2026,excluded_iii_no_quantitative_comparison,rules,True,True,False,10.1016/j.jad.2011.08.020,"Brain network correlates of fatigue, depression, and anxiety in patients with Crohn's Disease in different disease states."
42426397,pubmed,2026,eligible,rules,True,True,True,10.21873/anticanres.17229,Spatiotemporal heterogeneity of recurrence and predictors after radical surgery for pancreatic ductal adenocarcinoma: a retrospective observational study.
42425162,pubmed,2026,eligible,rules,True,True,True,10.1088/1361-6579/ae88b5,Deep learning-enabled robust regional lung function assessment in mechanically ventilated AECOPD patients using EIT parameters.
42424745,pubmed,2026,excluded_iii_no_quantitative_comparison,rules,True,True,False,10.1016/j.sleep.2026.109102,Spatiotemporal neurodynamic mapping of tinnitus from pre-sleep through sleep cycles.
42422010,pubmed,2026,excluded_iii_no_quantitative_comparison,rules,True,True,False,10.1561/2200000016,A kernelized data-driven approach for analyzing and predicting brucellosis in Inner Mongolia.
42420878,pubmed,2026,excluded_ii_not_human_health,rules,True,False,True,10.1186/s12879-026-13811-8,"Multi-source machine learning for short-term influenza forecasting in Hunan Province, China: a spatiotemporal analysis using surveillance, search, meteorological and air-quality data."
42420590,pubmed,2026,eligible,rules,True,True,True,10.3390/biomimetics9110670,An Intelligent IoT-Compatible Arrhythmia Detection System Using a Hybrid Vision Transformer-LSTM Framework.
42419004,pubmed,2026,eligible,rules,True,True,True,10.1016/j.epidem.2026.100933,When and where: Spatiotemporal machine learning forecasts of respiratory infection-related primary care visits.
42418380,pubmed,2026,eligible,rules,True,True,True,10.1109/jbhi.2026.3711179,A Gradient-Guided Spatio-Temporal Graph Convolutional Network for Population-Level Major Depressive Disorder Classification.
42418376,pubmed,2026,eligible,rules,True,True,True,10.1109/tnsre.2026.3711545,Uncertainty-Enhanced Spatiotemporal Framework for Sit-to-Stand Temporal Segmentation in Parkinson's Disease.
42415597,pubmed,2026,eligible,rules,True,True,True,10.1111/tmi.70198,"Decline in Calmette-Guérin Bacillus Vaccination Coverage and Change in the Spatiotemporal Pattern of Extrapulmonary Tuberculosis in Children and Adolescents in Brazil: An Ecological Study, 2004-2023."
42411784,pubmed,2026,excluded_review,item_type,,,,10.1080/13546805.2026.2695647,Neurological roots of emotional ambivalence: from brain networks to clinical implications.
42410361,pubmed,2026,excluded_i_no_spacetime_structure,rules,False,True,True,10.1186/s12880-026-02544-4,Hierarchical multi-instance learning for targeted triage and classification of common left-to-right shunt lesions from echocardiography videos.
42407006,pubmed,2026,eligible,rules,True,True,True,10.1200/po-26-00124,Multimodal Spatiotemporal Signature Integrating Pathomics and Longitudinal Magnetic Resonance Imaging Predicts Response to Neoadjuvant Therapy and Prognosis in Rectal Cancer.
42406767,pubmed,2026,excluded_ii_not_human_health,rules,False,False,True,10.1097/ee9.0000000000000094,"Development of a predictive model for PM2.5 over the greater Athens metropolitan area, Greece, at a 1 km by 1 km grid using satellite measurements and machine learning methods."
42404929,pubmed,2026,eligible,rules,True,True,True,10.1212/wnl.0000000000214356,An equity-aware generative AI copilot for digital public health surveillance.
42404353,pubmed,2026,eligible,rules,True,True,True,10.34133/research.1339,Spatiotemporal Deep Video-Phenomapping Decodes Microvascular Rarefaction in Middle-Aged and Elder Renovascular Hypertension: A Multi-Modal Study Integrating Spatial Transcriptomics and Mitochondrial Pyroptosis.
42398341,pubmed,2026,eligible,rules,True,True,True,10.1016/j.media.2026.104198,Respiratory motion augmentation for personalized super-resolution (RMApSR) of 3D cine MR images in MRI-guided radiotherapy.
42393586,pubmed,2026,excluded_iii_no_quantitative_comparison,rules,True,True,False,10.1186/s12887-026-07250-2,"Spatiotemporal distribution of pregnancies among girls aged 14 years or younger in Bahia, Brazil, 2014-2023: an ecological study under the Brazilian legal framework of statutory rape."
42393483,pubmed,2026,eligible,rules,True,True,True,10.1016/j.bspc.2024.106491,Deep multi-modal features based spatio-temporal video regression for non-invasive hemoglobin estimation.
42391081,pubmed,2026,eligible,rules,True,True,True,10.1109/jbhi.2026.3709476,Multimodal Contrastive Spatiotemporal Self-Organizing Neural Networks for In-Home Activity Learning of Mild Cognitive Impairment.
42386878,pubmed,2026,eligible,rules,True,True,True,10.1038/s41598-026-60629-0,Neural CDE-GAT framework for spatio-temporal air pollution prediction.
42386425,pubmed,2026,excluded_iii_no_quantitative_comparison,rules,True,True,False,10.1016/j.ultrasmedbio.2026.06.005,Cardiac Natural Mechanical Wave Detection and Speed Estimation Using Deep Learning-Based 2-D Ultrasound Imaging: A Feasibility Study.
42385825,pubmed,2026,excluded_iii_no_quantitative_comparison,rules,True,True,False,10.1016/j.envpol.2026.128592,Seasonal phenology and spatiotemporal persistence of fecal coliform contamination in shellfish-harvesting waters of Canada's Pacific and Atlantic coasts.
42381667,pubmed,2026,excluded_review,item_type,,,,10.1128/msphere.00602-20,"Hendra and Nipah viruses: Biosafety evidence for risk-based containment, inactivation practices, and one health preparedness."
42380334,pubmed,2026,excluded_ii_not_human_health,rules,True,False,True,10.1038/s41598-026-55848-4,PM2.5 performance analysis under varying imputation strategies for incomplete sensor data.
42378149,pubmed,2026,excluded_i_no_spacetime_structure,rules,False,True,False,10.1109/tmi.2026.3708472,Physiology-Guided Self-Supervised Learning for Simultaneous Dual-Tracer PET Separation.
42374117,pubmed,2026,excluded_iii_no_quantitative_comparison,rules,True,True,False,10.1038/s41598-026-59858-0,Classification of functional movement screening scores and reported fall-incident history from deep squat videos among logistics service workers using deep learning.
42374109,pubmed,2026,eligible,rules,True,True,True,10.1038/s41598-026-59208-0,Hybrid CNN transformer framework for EEG-based epileptic seizure detection.
42368832,pubmed,2026,eligible,rules,True,True,True,10.1109/access.2024.3404634,MSCANet: a cross-attention-based multi-scale convolutional fusion neural network for EEG motor imagery classification.
42366434,pubmed,2026,excluded_ii_not_human_health,rules,True,False,True,10.1007/s44443-025-00279-w,[An electroencephalogram-based emotion recognition method using multi-branch convolutional neural networks and Transformer].
42362645,pubmed,2026,excluded_ii_not_human_health,rules,True,False,True,10.1038/s41598-026-57791-w,Vehicle-level multi-strategy benchmarking of NOx emission forecasting using integrated onboard and meteorological data.
42359645,pubmed,2026,excluded_review,item_type,,,,10.1016/j.resuscitation.2026.111102,Quantitative EEG Analyses for Outcome Prediction in Comatose Patients After Cardiac Arrest.
42356863,pubmed,2026,eligible,rules,True,True,True,10.1016/j.prdoa.2025.100410,LiquidGAN for Handwriting-Based Detection and Severity Classification of Extrapyramidal Symptoms.
42356862,pubmed,2026,excluded_ii_not_human_health,rules,True,False,False,10.3390/s26051597,Decoupled Graph Attention Modeling and Anomaly Traceability Method for Multisystem Coupling in SLM Equipment.
42356750,pubmed,2026,excluded_ii_not_human_health,rules,True,False,True,10.1145/3439950,An Unsupervised Detection-to-Mitigation Framework for Resource Exhaustion Attacks in 5G/6G Network Slicing.
42356666,pubmed,2026,eligible,rules,True,True,True,10.3390/electronics14244877,"STAR: A Privacy-Preserving, Energy-Efficient Edge AI Framework for Human Activity Recognition via Wi-Fi CSI in Mobile and Pervasive Computing Environments."
42353490,pubmed,2026,excluded_ii_not_human_health,rules,True,False,True,10.1007/s11263-006-0028-6,Beef Cattle Behavior Recognition Based on Nighttime Farm Videos via Spatio-Temporal Enhancement and Dynamic Fusion.
42351932,pubmed,2026,excluded_review,item_type,,,,10.1093/humrep/dead184,Artificial Intelligence in Embryo Selection: Current Approaches and Clinical Implications.
42351233,pubmed,2026,eligible,rules,True,True,True,10.1186/s12889-025-21762-z,Reinforcement learning-driven adaptive game therapy for cognitive impairment patients with improved vision transformer based detection model.
42344846,pubmed,2026,eligible,rules,True,True,True,10.1609/aaai.v32i1.12328,A multimodal spatio-temporal graph neural network framework for fatigue detection in tennis serving.
42344184,pubmed,2026,eligible,rules,True,True,True,10.1038/s41598-024-62990-4,Modeling multiscale neural dynamics for EEG-based emotion recognition using an attentive wavelet-transformer framework.
42339397,pubmed,2026,excluded_iii_no_quantitative_comparison,rules,True,True,False,10.1002/smmd.20230002,SPSGL: uncovering psychiatric network mechanisms via structural-prior guided synaptic graph learning.
42337704,pubmed,2026,excluded_ii_not_human_health,rules,True,False,True,10.1021/acs.est.6c03043,A Spatiotemporal Decomposition Framework for Temporal Persistence and Regional Transport in PM2.5 Variability.
42337001,pubmed,2026,eligible,rules,True,True,True,10.1080/01621459.2012.737745,End to end AI system for surgical gesture sequence recognition and clinical outcome prediction.
42335056,pubmed,2026,excluded_ii_not_human_health,rules,True,False,True,10.1109/tnnls.2026.3700137,CausalPD: Joint Causal Discovery and Intervention for Large-Scale Pavement Distress Distribution Data.
42332012,pubmed,2026,excluded_ii_not_human_health,rules,False,False,True,10.1016/j.ish.2024.12.003,Analysis of decision support system of basketball sports competition based on machine learning and IoT.
42330988,pubmed,2026,excluded_iii_no_quantitative_comparison,rules,True,True,False,10.1111/epi.18487,The seizure embedding map: a spatio-temporal transformer for comparing patients by ictal intracranial EEG features at scale.
42330981,pubmed,2026,eligible,rules,True,True,True,10.1088/2057-1976/ae802c,EEG-EMG spatiotemporal cross-attention fusion network for functional upper-limb movement classification.
42326577,pubmed,2026,excluded_iii_no_quantitative_comparison,rules,True,True,False,10.1016/j.arrct.2026.100595,Effects of Tai Chi Chuan on Postural Stability and Lower-Limb Biomechanical Characteristics in Patients With Functional Ankle Instability: A Randomized Controlled Trial.
42325440,pubmed,2026,excluded_iii_no_quantitative_comparison,rules,True,True,False,10.1155/2021/8857204,Analyzing Gait Pattern Associated With Neuropsychiatric Symptoms in Parkinson's Disease by a Comprehensive Approach.
42324764,pubmed,2026,excluded_iii_no_quantitative_comparison,rules,True,True,False,10.1093/biolre/ioag126,Spatiotemporal dynamics of natural killer cell immune checkpoints Tim-3 and Lag-3 in human pregnancy: an integrated peripheral and decidual compartment analysis.
42318583,pubmed,2026,excluded_ii_not_human_health,rules,True,False,True,10.1007/s10207-025-01036-w,Attention integrated deep learning models for interpretable multi-class IoT intrusion detection using SHAP.
42317824,pubmed,2026,excluded_iii_no_quantitative_comparison,rules,True,True,False,,Spatio-Temporal Modeling for Multi-County Opioid Overdose Surveillance: A Unified Graph Convolutional Framework.
42317802,pubmed,2026,excluded_iii_no_quantitative_comparison,rules,True,True,False,,Opioid Overdose Death Prediction with Graph Neural Networks.
42315945,pubmed,2026,eligible,rules,True,True,True,10.1371/journal.pcbi.1007885,A multiscale spatio-temporal convolutional attention network for depressive disorder diagnosis via coarse-grained signal reconstruction based on EEG.
42315816,pubmed,2026,eligible,rules,True,True,True,10.1109/tbme.2022.3176097,Denoising of 4D dynamic PET images using spatiotemporal regularization with integrated temporal restoration (SPRINTER).
42310346,pubmed,2026,excluded_iii_no_quantitative_comparison,rules,True,True,False,10.1016/j.jneumeth.2004.03.002,A novel transformer architecture for EEG decoding and neuroscientific analysis.
42298924,pubmed,2026,eligible,rules,True,True,True,10.1016/j.compbiomed.2023.106782,Explainable Temporal Deep Learning for EEG-Based Depression Detection Using Resting-State Brain Dynamics.
42295582,pubmed,2026,excluded_i_no_spacetime_structure,rules,False,True,True,10.1186/s12984-025-01571-6,A Multiscale Decoding Approach of Subject-Independent Motor Imagery EEG Signal Combined with Data Alignment Strategy.
42294079,pubmed,2026,eligible,rules,True,True,True,10.1109/jssc.2016.2616357,A noval 4D graph temporal brain network model for EEG-based depression detection.
42293551,pubmed,2026,excluded_iii_no_quantitative_comparison,rules,True,True,False,10.1038/s41586-023-06631-2,Germany as a key transit hub for the emergence and spread of high pathogenicity avian influenza H5 clade 2.3.4.4b reassortants in Europe.
42293151,pubmed,2026,excluded_review,item_type,,,,10.1016/j.cmpb.2025.109014,Mitochondrial dysfunction in Alzheimer's disease: connecting pathophysiology with neuroimaging.
42289574,pubmed,2026,excluded_ii_not_human_health,rules,True,False,True,10.3390/s24051434,Digital twin-driven multiscale modelling for real-time defect prediction in metal additive manufacturing.
42289546,pubmed,2026,eligible,rules,True,True,True,10.1186/1743-0003-11-48,Intelligent fall risk prediction and real-time warning system for elderly care based on multimodal deep learning and wearable sensor fusion.
42286261,pubmed,2026,eligible,rules,True,True,True,10.1038/s41698-026-01557-0,Spatial-temporal recurrence patterns of grade 4 glioma using deep learning integrated multiparametric MRI and molecular pathology.
42276437,pubmed,2026,excluded_iii_no_quantitative_comparison,rules,True,True,False,10.1016/j.neuroimage.2026.122044,Dynamic mode decomposition analysis of brain dynamics in autism spectrum disorder patients.
42274869,pubmed,2026,excluded_ii_not_human_health,rules,True,False,False,10.1016/j.jclepro.2016.11.104,A novel multistep framework for PM2.5 concentration assessment using probabilistic and spatial methods.
42274865,pubmed,2026,eligible,rules,True,True,True,10.1017/cbo9780511755446,A Spatiotemporal Transformer Framework on 4D-CT for Early Prediction of Progressive Pulmonary Fibrosis.
42270597,pubmed,2026,excluded_review,item_type,,,,10.1038/s41531-026-01416-6,A comprehensive survey on diagnosis and assessment of Parkinson's disease via plantar pressure analysis.
42270154,pubmed,2026,excluded_iii_no_quantitative_comparison,rules,True,True,False,10.1136/rapm-2026-107857,Transcriptomic decoding of dynamic brain activity alterations in chronic non-specific low back pain.
42269199,pubmed,2026,eligible,rules,True,True,True,10.1016/j.media.2026.104147,A spatiotemporal dependency-aware lightweight CNN-ViT network for 3D MRF with a balanced acceleration strategy.
42260099,pubmed,2026,excluded_iii_no_quantitative_comparison,rules,True,True,False,10.1109/tpami.2016.2577031,Deep learning-based spatiotemporal estimation of lesion changes for patient-level assessment of breast cancer lung metastases on longitudinal CT.
42260036,pubmed,2026,eligible,rules,True,True,True,10.1186/s40634-021-00346-x,MyoFormer: Anatomy-guided transformer for muscle-level pathological gait assessment.
42248234,pubmed,2026,eligible,rules,True,True,True,10.1016/j.neuroscience.2026.06.005,Multimodal neuroimaging-based deep learning framework for pattern analysis and early prediction of neurodegenerative diseases.
42247549,pubmed,2026,eligible,rules,True,True,True,10.1109/tnsre.2026.3700640,Adaptive Dynamic Functional Connectivity With Deep Spatio-Temporal Fusion for High-Accuracy Identification of Major Depressive Disorder.
42247025,pubmed,2026,excluded_review,item_type,,,,10.1016/j.sedgeo.2021.106049,"YOLO-geochemical integration for real-time aeolian dust monitoring: a critical review of signatures, health risks, and policy implications."
42245954,pubmed,2026,eligible,rules,True,True,True,10.1007/s10489-022-03200-4,Behavior recognition and assessment of spinal dysfunction based on an attention mechanism.
42245135,pubmed,2026,excluded_review,item_type,,,,10.1038/s41413-021-00142-4,Cognitive decline and reduced bone mineral density under the bone-brain axis: mechanistic insights and imaging evaluation strategies.
42242080,pubmed,2026,excluded_iii_no_quantitative_comparison,rules,True,True,False,10.1016/j.media.2026.104149,CardioMorphNet: Cardiac motion prediction using a shape-guided Bayesian recurrent deep network.
42240303,pubmed,2026,eligible,rules,True,True,True,10.1080/00207454.2026.2683880,Bobcat-optimized hybrid quantum-classical spike-driven network for MRI-based Alzheimer's stage prediction.
42240066,pubmed,2026,excluded_review,item_type,,,,10.1021/acsabm.6c00500,Advances in the Application of Responsive Hydrogels for Diabetic Wound Therapy.
42237270,pubmed,2026,eligible,rules,True,True,True,10.1177/1559827610387255,Spatiotemporal analysis of electronic cigarette discussion on Twitter/X using natural language processing.
42236786,pubmed,2026,excluded_ii_not_human_health,rules,True,False,True,10.1007/s10845-021-01750-x,Smart meter health state prediction based on residual-connected self-attention ConvLSTM network.
42236259,pubmed,2026,excluded_ii_not_human_health,rules,True,False,True,10.1111/dom.70930,Diabetes Management Through Glucose Dynamics Analysis Network: A Novel Approach for Accurate Blood Glucose Level Forecasting.
42234066,pubmed,2026,eligible,rules,True,True,True,10.1109/tnsre.2022.3143540,A Hybrid Deep Learning Framework with Supervised Contrastive Learning for Robust Seizure Detection in Long-Term EEG.
42232896,pubmed,2026,eligible,rules,True,True,True,10.4028/p-2jc2qf,Rehab-DRLX: explainable neurorehabilitation prognosis using deep reinforcement learning and transformer-based models.
42231029,pubmed,2026,excluded_iii_no_quantitative_comparison,rules,True,True,False,10.1038/s41416-022-02031-x,"Spatial, temporal, and molecular heterogeneity of ADC targets in high-grade serous ovarian carcinoma."
42226704,pubmed,2026,excluded_ii_not_human_health,rules,True,False,True,10.1021/acs.est.6c01808,Specific-Source Insights into Changes of O3 Concentrations and Health Risks in China.
42226297,pubmed,2026,excluded_ii_not_human_health,rules,True,False,True,10.1371/journal.pcbi.1008618,Spatio-temporal epidemic forecasting with graph-based transformer.
42225912,pubmed,2026,eligible,rules,True,True,True,10.3390/medicina62010042,A deep learning approach for keratoconus detection using spatio-temporal features from corneal imaging.
42225851,pubmed,2026,eligible,rules,True,True,True,10.1109/tce.2017.014710,Privacy-aware continuous federated biometric authentication (PACFBA) using federated deep learning: a novel usable security framework.
42224851,pubmed,2026,excluded_iii_no_quantitative_comparison,rules,True,True,False,10.1016/j.cmpb.2026.109468,Memory-augmented graph neural networks for multi-class cardiovascular disease recognition from 12-lead ECG signals.
42224114,pubmed,2026,excluded_non_research,item_type,,,,10.3791/70025,Deep Learning-Based Spatiotemporal Analysis of Cataract Surgery Videos for Surgical Risk Assessment.
42215522,pubmed,2026,eligible,rules,True,True,True,10.1186/s12967-023-04321-1,Leveraging large language models for gastrointestinal injury detection in athletes: a medical image analysis approach.
42210053,pubmed,2026,excluded_review,item_type,,,,10.1021/acs.analchem.1c04641,Trigeminal neuralgia: from clinical challenges to molecular insights.
42208570,pubmed,2026,eligible,rules,True,True,True,10.1088/2057-1976/ae744a,Epilepsy seizure prediction based on ViT-2DCNN spatio-temporal fusion model.
42204343,pubmed,2026,eligible,rules,True,True,True,10.1038/s41586-022-05644-7,A deep mutational scanning-informed protein language model predicts SARS-CoV-2 evolution dynamics with spatiotemporal resolution.
42204202,pubmed,2026,eligible,rules,True,True,True,10.1109/jiot.2023.3283347,A federated learning-enabled energy-aware anomaly detection algorithm for secure big data analytics in IoT-based smart healthcare systems.
42202178,pubmed,2026,eligible,rules,True,True,True,10.1109/tmi.2026.3697520,Echocardiography Video Segmentation via Mamba-Based Spatiotemporal Synergistic Network and Adaptive-Dynamic Learning.
42198080,pubmed,2026,excluded_i_no_spacetime_structure,rules,False,True,True,10.1007/s00357-020-09362-5,A Robust Deep Learning Framework for Skill Level Discrimination in Tennis Strokes Using Bilateral IMU Measurements.
42197971,pubmed,2026,eligible,rules,True,True,True,10.1016/0377-0427(87)90125-7,Dynamic-Attentive Selective Mamba with Group-Aware Convolution for Wearable Sensor-Based Sports and Daily Activity Recognition.
42197924,pubmed,2026,excluded_ii_not_human_health,rules,True,False,True,10.48550/arxiv.2008.05756,Small-Satellite System Fault Diagnosis via a Temporal-Spatial 3D-CNN with Imbalanced-Aware Training.
42190842,pubmed,2026,excluded_i_no_spacetime_structure,rules,False,True,False,10.1016/j.mri.2026.110703,Fast MR elastography via deep learning-based phase interpolation: A technical feasibility study.
42186087,pubmed,2026,eligible,rules,True,True,True,10.1016/j.gaitpost.2004.07.009,Construction of a sports bio mechanical injury prediction and AI warning system based on wearable sensors.
42185388,pubmed,2026,excluded_ii_not_human_health,rules,True,False,True,10.1109/jsen.2024.3383665,Spatio-temporal multi-fault and severity aware diagnosis in WSN via GNN transformers.
42184279,pubmed,2026,excluded_non_research,item_type,,,,10.1259/bjr.20220357,"PET/MR: history, current state, and technology."
42183933,pubmed,2026,eligible,rules,True,True,True,10.1007/s11042-024-19092-0,Spatio-temporal graph attention network for rehabilitation movement classification.
42182459,pubmed,2026,excluded_iii_no_quantitative_comparison,rules,True,True,False,10.64898/2026.05.13.725006,Paired Tumor Biopsies Reveal Spatiotemporal Myeloid Remodeling After Local Chemotherapy in Glioblastoma.
42174084,pubmed,2026,excluded_ii_not_human_health,rules,True,False,True,10.1016/j.jer.2023.100122,Enhanced detection of network intrusions and anomalies in internet of things applications using a hybrid artificial intelligence model combining CNN and LSTM.
42170228,pubmed,2026,eligible,rules,True,True,True,10.1038/s41598-025-00386-8,Smart home Internet of Things-based behavioural analysis for early detection of cognitive decline: toward Saudi future vision.
42169480,pubmed,2026,excluded_iii_no_quantitative_comparison,rules,True,True,False,10.1002/mp.70495,Incremental feature fusion based time series forecasting with cumulative risk constraint for longitudinal overall survival prediction.
42169474,pubmed,2026,eligible,rules,True,True,True,10.1142/s0129065726500449,Spatio-Temporal Attention with Spiking Neural Networks for Seizure Detection from Electroencephalogram Signals.
42167692,pubmed,2026,excluded_iii_no_quantitative_comparison,rules,True,True,False,10.1016/j.jad.2026.122000,Functional connectivity alterations in post-traumatic stress disorder: A resting-state fMRI study of brain network dysfunction.
42164709,pubmed,2026,excluded_iii_no_quantitative_comparison,rules,True,True,False,10.1093/cercor/bhr269,Spatial and temporal connectivity of brain resting-state fMRI during music-induced analgesia in fibromyalgia patients.
42161820,pubmed,2026,excluded_ii_not_human_health,rules,True,False,True,10.13227/j.hjkx.202504067,"[Spatiotemporal Evolution and Influencing Factors of Ecological Security in the Middle Reaches of the Yangtze River Based on ""Risk-Health-Service""]."
42158106,pubmed,2025,eligible,rules,True,True,True,10.1145/3450352,Assessing the impact of climate-induced biodiversity loss on respiratory health through text classification.
42156537,pubmed,2026,eligible,rules,True,True,True,10.1007/s11831-024-10188-2,Temporally consistent longitudinal brain tumor segmentation using a temporal spatial transformer network.
42156469,pubmed,2026,eligible,rules,True,True,True,10.1016/j.brs.2017.10.015,From EEG signals to quantitative assessment: predicting depression severity using a novel deep learning framework.
42154763,pubmed,2026,excluded_ii_not_human_health,rules,True,False,False,10.1021/acs.est.5c17818,A Spatiotemporal Physics-Motivated State-Space Model of Lake Temperature Profiles.
42154713,pubmed,2026,excluded_iii_no_quantitative_comparison,rules,True,True,False,10.1109/jbhi.2026.3695144,SPARNet: A Framework for Airway Invasion Tracking from Fluoroscopic Videos of Dysphagia Patients.
42147472,pubmed,2026,excluded_review,item_type,,,,10.1038/ejhg.2014.71,"Impact of Pollution on Mental Health: A Systematic Review of Associations, Methodological Challenges, and Future Directions."
42145969,pubmed,2025,eligible,rules,True,True,True,10.1080/10618600.2023.2285337,Time series-based forecasting of infectious disease outbreak using information systems in public health.
42145698,pubmed,2026,eligible,rules,True,True,True,10.1364/boe.497970,Depth-resolved phase velocity estimation in layered tissue based on an efficient additive attention network with surface acoustic wave - optical coherence elastography.
42145332,pubmed,2026,eligible,rules,True,True,True,10.1177/20552076261427061,Multimodal healthcare system for human activity recognition using multiple features and advanced ensemble classifier.
42143162,pubmed,2026,eligible,rules,True,True,True,10.3389/fbioe.2022.862947,Global spatiotemporal biomechanics using video swin transformer: multiscale validation and clinical impact for keratoconus suspects.
42135709,pubmed,2026,excluded_iii_no_quantitative_comparison,rules,True,True,False,10.1016/j.cobme.2023.100487,An integrated multi-variable optimization approach to tailor ankle-foot orthosis stiffness to end-user needs.
42122589,pubmed,2026,eligible,rules,True,True,True,10.1109/tnsre.2022.3230250,Multi-Scale Spatiotemporal Graph Neural Network Using Brain Partitioning for Major Depressive Disorder Detection.
42122564,pubmed,2026,excluded_ii_not_human_health,rules,True,False,True,10.48550/arxiv.2309.10836,Dynamic Transformer Based on Wavelet and Diffusion Prior Guidance for Cardiac Cine MRI Reconstruction.
42122384,pubmed,2026,excluded_ii_not_human_health,rules,True,False,False,10.1016/j.ins.2020.03.034,Spatio-Temporal Joint Network for Coupler Anomaly Detection Under Complex Working Conditions Utilizing Multi-Source Sensors.
42121741,pubmed,2026,excluded_ii_not_human_health,rules,True,False,True,10.1016/j.aiia.2025.04.005,Detecting Dairy Cattle Protective Behaviors via a Multi-Stage Attention SlowFast Network.
42115258,pubmed,2026,eligible,rules,True,True,True,10.1186/s12911-025-03104-6,ADHD identification from real-life recorded video.
42114563,pubmed,2026,excluded_review,item_type,,,,10.1088/1741-2552/ae6bf4,"Computational neuroelectrophysiology and artificial intelligence for drug-resistant epilepsy: recent advances, current challenges, and future directions."
42113793,pubmed,2026,excluded_iii_no_quantitative_comparison,rules,True,True,False,10.1016/j.xinn.2024.100749,Healthy living environments create healthy physical activity-related habits (ELEVATE): A protocol for a smartphone-based mixed-method study.
42113654,pubmed,2026,excluded_ii_not_human_health,rules,True,False,True,10.1109/jbhi.2026.3691946,Stacking Deep Neural Networks to Detect Multiple Types of Cardiac Arrhythmias.
42108417,pubmed,2026,eligible,rules,True,True,True,10.1002/mrm.24930,VQ-Wave: A Physics-Driven Spatiotemporal Deep Learning Approach for Noncontrast-Enhanced Lung Ventilation and Perfusion MRI.
42108320,pubmed,2026,eligible,rules,True,True,True,10.1109/tcbb.2023.3252577,A deep hybrid CNN-BiLSTM-BiGRU architecture with explainability for mild cognitive impairment detection using EEG.
42093717,pubmed,2026,excluded_iii_no_quantitative_comparison,rules,True,True,False,10.1007/s40257-016-0175-7,Longitudinal three-dimensional photoacoustic imaging reveals hyperoxic perilesional microvasculature associated with keloid recurrence.
42092515,pubmed,2026,excluded_iii_no_quantitative_comparison,rules,True,True,False,10.1016/j.mayocp.2026.04.017,Hybrid Quantum-Classical Model That Combines Spatial-Temporal EEG and Digitized Counterdiabatic Quantum Features for Motor Imagery Classification.
42091631,pubmed,2026,excluded_ii_not_human_health,rules,True,False,True,10.1109/tassp.1978.1163055,Adaptive multimodal learning for driver cognitive state monitoring using transformer-based fusion with personalized meta-learning and federated optimization.
42086379,pubmed,2026,eligible,rules,True,True,True,10.48550/arxiv.2506.21765,3D Freehand Ultrasound Reconstruction of the Carotid Artery.
42084623,pubmed,2026,eligible,rules,True,True,True,10.1007/s11356-021-17442-1.,"Short-horizon PM2.5 forecasting from multi-station networks: a mask-aware, leakage-safe framework."
42082963,pubmed,2026,excluded_review,item_type,,,,10.3390/v17030407,Global prevalence and epidemiological dynamics of bovine ephemeral fever: a misclassification-adjusted bayesian meta-analysis.
42076995,pubmed,2026,eligible,rules,True,True,True,10.1177/01617346261437268,Ultrasound Microvascular Imaging Using Deep Knowledge Distillation.
42073533,pubmed,2026,excluded_review,item_type,,,,10.1016/j.neurol.2023.03.006,Histo-Molecular Intratumoral Heterogeneity in Meningiomas: A Narrative Review.
42069692,pubmed,2026,excluded_ii_not_human_health,rules,True,False,True,10.1111/j.2517-6161.1996.tb02080.x,Deciphering seasonal dynamics and time series forecasting of urban air quality: a case study in Urban Cities of Andhra Pradesh.
42064323,pubmed,2026,excluded_ii_not_human_health,rules,True,False,True,10.1093/jamiaopen/ooag063,Area-specific autoencoder spatiotemporal graph neural networks for opioid overdose death prediction.
42064042,pubmed,2026,excluded_review,item_type,,,,10.3389/fimmu.2018.02359,"Regulatory T cells in human pregnancy: mechanisms, dysregulation, and therapeutic perspectives."
42063993,pubmed,2025,eligible,rules,True,True,True,10.1093/bjrai/ubaf018,CT-based deep learning prediction of complete response in intermediate-stage hepatocellular carcinoma treated with drug-eluting beads transarterial chemoembolization.
42055127,pubmed,2026,excluded_review,item_type,,,,10.1016/j.jneumeth.2026.110783,Neonatal brain MRI Atlas: Current and future.
42053766,pubmed,2026,excluded_review,item_type,,,,10.1007/s10278-025-01599-z,"Deep Learning for Cardiac Wall Motion Analysis: A Review of Methods, Challenges, and Clinical Applications."
42051998,pubmed,2026,eligible,rules,True,True,True,10.1038/s41598-020-59676-y,Physics-informed hierarchical transformer for wearable sensor-based gait fatigue assessment.
42041449,pubmed,2026,eligible,rules,True,True,True,10.48550/arxiv.1503.02531,Multimodal Phase-Space Dynamics Fusion for Robust Ischemia Screening: An Edge-AI Paradigm with SERF Magnetocardiography.
42041424,pubmed,2026,eligible,rules,True,True,True,10.1142/s0129065724500126,Multiscale Cosine Convolution Neural Network for Robust and Interpretable Epileptic EEG Detection.
42040139,pubmed,2026,excluded_iii_no_quantitative_comparison,rules,True,True,False,10.15275/rusomj.2018.0408,Spatio-temporal patterns and determinants of measles incidence in Ethiopia between 2018 and 2024.
42039294,pubmed,2026,excluded_iii_no_quantitative_comparison,rules,True,True,False,10.1016/j.apsb.2026.01.014,A spatiotemporal selective bioinspired hybrid system engineered for preventing post-thrombolysis recurrence by inhibiting the ferroptosis pathway and reprogramming macrophages.
42038959,pubmed,2026,excluded_review,item_type,,,,10.3390/life14050557,Six artificial intelligence innovation strategies applied to autism spectrum disorder research: A narrative review.
42038413,pubmed,2026,excluded_iii_no_quantitative_comparison,rules,True,True,False,,A wearable electrical hemodynamic imaging ring.
42037737,pubmed,2026,excluded_ii_not_human_health,rules,True,False,True,10.12677/jsta.2024.122026,Multimodal human action recognition and personalized sports health promotion: a deep learning framework integrating wearable sensor fusion.
42037338,pubmed,2026,excluded_i_no_spacetime_structure,rules,False,True,False,10.1007/s12975-022-01045-0,[Prediction of hemodynamic parameters in pathological arterial vessels based on physics-informed neural networks].
42037333,pubmed,2026,eligible,rules,True,True,True,10.1038/s41467-019-13055-y,[Patient-specific electroencephalography epileptic seizure prediction method using global dynamic multi-scale spatio-temporal features].
42032765,pubmed,2026,eligible,rules,True,True,True,10.1016/j.isci.2025.112765,A hybrid ST-ViT-driven multimodal architecture combining spatiotemporal MRI patterns and radiomic features for enhanced prediction of pCR in neoadjuvant breast cancer therapy.
42031870,pubmed,2026,eligible,rules,True,True,True,10.2166/wcc.2024.389,Influenza forecasting method based on dual-chan nel feature fusion of VMD decomposition.
42029797,pubmed,2026,excluded_review,item_type,,,,10.2196/54748.pmid:38976869;pmcid:pmc11263893,Graph Neural Networks in Neuroimaging: Current Status and Biostatistical Considerations for Clinical Deployment.
42029369,pubmed,2026,excluded_ii_not_human_health,rules,True,False,False,10.1113/jp287139,Sinoatrial Node Impulses Emerge From Unique Synchronization Processing Solutions of Partially Stochastic Local Calcium Signals.
42028461,pubmed,2026,eligible,rules,True,True,True,10.1016/j.cmpb.2021.106277,Classification of consciousness disorders based on graph convolution and attention mechanism.
42022294,pubmed,2026,excluded_review,item_type,,,,10.1016/j.jneumeth.2018.10.025,"AI-driven magnetoencephalography biomarkers in dementia risk prediction: current evidence, challenges and future perspectives."
42021160,pubmed,2026,eligible,rules,True,True,True,10.1007/s10489-018-1263-6,"A hybrid ensemble approach: fusing ANFIS, LSTM, and LSSVM with PSO for enhanced influenza a forecasting."
42020704,pubmed,2026,eligible,rules,True,True,True,10.5194/gmd-7-1247-2014,ST-DTGCN: spatiotemporal forecasting with dynamic transformer and graph convolution networks.
42019191,pubmed,2026,excluded_review,item_type,,,,10.1016/j.amjoto.2026.104834,"Velocity Storage Integrator (VSI): Mechanisms, circuits, and clinical implications A narrative review."
42014951,pubmed,2026,excluded_review,item_type,,,,10.3389/fnut.2024.1499697,The Crosstalk Mechanisms Between Ferroptosis and Pyroptosis and Their Applications in Diseases: From Molecular Networks to Clinical Strategies.
42011793,pubmed,2026,excluded_ii_not_human_health,rules,True,False,False,10.1021/acs.analchem.6c01377,Peroxynitrite-Activated Valproic Acid Precursor for Monitoring Oxidative Stress and Reducing Epileptic Seizures in an Epilepsy Model.
42008450,pubmed,2026,eligible,rules,True,True,True,10.1109/iccv.2019.00630,TinyAct: A framework for real-time action recognition in the cloud through distillation learning.
41999922,pubmed,2026,eligible,rules,True,True,True,10.1016/j.jocmr.2026.102730,Spatiotemporal deep learning for scar screening in cardiovascular magnetic resonance: Toward selective use of gadolinium.
41996640,pubmed,2026,excluded_ii_not_human_health,rules,True,False,True,10.1021/acs.est.6c00079,Tracking Seamless All-Hour PM2.5 in China Using a Gridded Surface Visibility-Based Transformer Model.
41989296,pubmed,2026,excluded_ii_not_human_health,rules,False,False,True,10.1063/5.0312999,A novel key information classification method using hybrid feature extraction and a multi-level deep network for non-stationary signals.
41987468,pubmed,2026,excluded_review,item_type,,,,10.12455/j.issn.1671-7104.250805,[Multi-Dimensional Modeling of Brain-Inspired Artificial Neural Networks and Its Application in Medical Image Analysis].
41980310,pubmed,2026,excluded_ii_not_human_health,rules,True,False,True,10.1016/j.compmedimag.2026.102763,A deep cardiac motion field analysis approach via global 2nd-order kinematic graph modeling.
41980295,pubmed,2026,excluded_ii_not_human_health,rules,True,False,False,10.1016/j.cmpb.2026.109365,PR2DM: Position-aware robust reconstruction with diffusion model for emotion recognition From EEG.
41979773,pubmed,2026,excluded_iii_no_quantitative_comparison,rules,True,True,False,10.1007/s12021-023-09635-5,MRI-based spatio-temporal atlas of ganglionic eminence.
41977963,pubmed,2026,excluded_ii_not_human_health,rules,False,False,True,10.48550/arxiv.2005.08100,Physics-Informed Monotonic Conformer for Remaining Useful Life Prediction of Hydraulic Systems.
41959651,pubmed,2026,eligible,rules,True,True,True,10.1609/aaai.v40i16.38395,Δ t -Mamba3D: A Time-Aware Spatio-Temporal State-Space Model for Breast Cancer Risk Prediction.
41959028,pubmed,2026,eligible,rules,True,True,True,10.64898/2026.03.31.715623,Left atrial flow and thrombosis risk from 4D CT contrast dynamics by physics-informed neural network and indicator dilution theory.
41958249,pubmed,2026,excluded_review,item_type,,,,10.1177/00220345261434568,AI in Oral Health Surveillance: Critical Review.
41957440,pubmed,2026,eligible,rules,True,True,True,10.3390/make7030092,K-STAMM: a knowledge-enhanced spatial - temporal attention model with multimodal fusion for pneumonia prediction.
41957071,pubmed,2026,eligible,rules,True,True,True,10.1109/access.2018.2870052,Non-invasive endometriosis staging prediction using integrated radiomics and spatiotemporal transformer model based on dynamic contrast-enhanced MRI.
41955905,pubmed,2026,excluded_iii_no_quantitative_comparison,rules,True,True,False,10.1016/j.media.2026.104073,Point2SSM++: Self-supervised learning of anatomical shape models from point clouds.
41953901,pubmed,2026,excluded_iii_no_quantitative_comparison,rules,True,True,False,10.1016/j.ecoinf.2021.101241,"Global Prediction of Dengue Incidence Using an Explainable Artificial Intelligence-Driven ConvLSTM Integrating Environmental, Health, and Socio-Economic Determinants."
41952187,pubmed,2026,excluded_review,item_type,,,,10.1007/978-1-0716-3786-9_16,Decoding the spatiotemporal characteristics of ferroptosis: reshaping tumour therapeutic strategies.
41951905,pubmed,2026,excluded_i_no_spacetime_structure,rules,False,True,False,10.1182/blood-2005-07-3046,Towards noninvasive blood count using a deep learning pipeline from bulbar conjunctiva videos.
41948999,pubmed,2026,excluded_ii_not_human_health,rules,True,False,True,10.1002/hpm.70073,Health Prediction Using Hybrid Deep Learning Models: A Transparent and Interpretable Approach.
41946373,pubmed,2026,excluded_ii_not_human_health,rules,True,False,True,10.1088/1361-6560/ae5c53,E2D-Unroll: efficient equivariant deformable unrolling networks for cardiac cine MRI reconstruction.
41941825,pubmed,2026,eligible,rules,True,True,True,10.1109/tmi.2026.3681138,Cross-Dimensional Spatial--Temporal Feature Integration Framework for Lung Ultrasound Video Analysis in Pneumonia.
41941779,pubmed,2026,excluded_iii_no_quantitative_comparison,rules,True,True,False,10.1109/tcyb.2026.3678659,Enhancing the Capability and Accuracy of Motor Imagery Classification: A Deep Neural Network-Powered Multifaceted Strategy Model.
41938914,pubmed,2026,eligible,rules,True,True,True,10.3390/su17072918,Spatiotemporal modeling of regional short-term pertussis transmission risk using a propagation-enhanced prediction framework.
41936725,pubmed,2026,eligible,rules,True,True,True,10.1109/tcbb.2023.3252577,Attention-Enhanced U-Net for Sensor-Efficient High-Density EEG Reconstruction in Wearable Brain Monitoring Systems.
41934528,pubmed,2026,excluded_iii_no_quantitative_comparison,rules,True,True,False,10.1038/s41598-024-74405-5,STFusion: A Spatial-Temporal Dual-Pathway Network with Multi-scale Attention Fusion for Early Diagnosis of Parkinson's Disease.
41932097,pubmed,2026,excluded_review,item_type,,,,10.1016/j.identj.2026.109510,Progress of Multimodal Imaging: Bridging Orthodontics to Comprehensive Oral Multidisciplinary Care.
41929585,pubmed,2026,eligible,rules,True,True,True,10.1007/s10803-021-05179-2,Deep learning based approach for Behavior classification in diagnoses of Autism Spectrum Disorder using naturalistic videos.
41929396,pubmed,2025,eligible,rules,True,True,True,10.1109/icassp49357.2023.10096662,Analyzing the impact of social security systems on video-based public health surveillance.
41928579,pubmed,2026,excluded_i_no_spacetime_structure,rules,False,True,True,10.1177/10849785261431191,Brain Tumor Classification and Severity Identification Using Deep Convolutional Spiking U-Net Lyrebird Neural Network and Alpha Piecewise Linear-Fuzzy.
41926761,pubmed,2026,eligible,rules,True,True,True,10.1109/cvpr.2016.91,Integrating Care Context With Skeleton and Depth Information for Older Adult Activity Recognition in a Care Facility Using Care-Assessment-Aware Spatiotemporal Transformer: Method and Validation Study.
41926489,pubmed,2026,eligible,rules,True,True,True,10.1103/physrevlett.112.144101,Physics-informed graph neural networks for robust cross-patient epileptic seizure prediction via chimera state detection.
41924753,pubmed,2026,eligible,rules,True,True,True,10.3390/app14020599,TFFBN-HDLF: a hybrid deep learning framework based on time-frequency functional brain networks for epileptic seizure detection.
41922425,pubmed,2026,excluded_ii_not_human_health,rules,False,False,True,10.1080/00032719.2025.2455507,Bio-optimized complex valued spatiotemporal GNN for herbal species classification.
41921108,pubmed,2026,eligible,rules,True,True,True,10.1162/neco.1997.9.8.1735,Development and Validation of Machine Learning Models for Predicting Early Cognitive Decline Using Home Sensor-Derived Behavioral Data: Sensors in-Home for Elder Wellbeing (SINEW) Cohort Study.
41917192,pubmed,2026,eligible,rules,True,True,True,10.1007/bf02295996,RehabMate: an explainable framework for action detection and corrective feedback in pediatric stroke rehabilitation.
41912593,pubmed,2026,eligible,rules,True,True,True,10.3126/jnms.v7i2.73102,DengueGNN: Graph-based deep learning for modeling disease spread dynamics and prediction.
41907297,pubmed,2026,eligible,rules,True,True,True,10.5555/3495724.3497510,Placenta-pulmonary coupling-guided multimodal AI for fetal lung maturity staging and individualized glucocorticoid therapy.
41902121,pubmed,2026,excluded_ii_not_human_health,rules,True,False,True,10.1109/tpami.2025.3545671,ProMix-DGNet: A Process-Aware Spatiotemporal Network for Sintering System Prediction.
41899841,pubmed,2026,eligible,rules,True,True,True,10.1002/mrm.28420,MyoNet: Deep Learning-Based Myocardial Strain Quantification from Cine Cardiac MRI.
41899807,pubmed,2026,excluded_iii_no_quantitative_comparison,rules,True,True,False,10.1093/ejo/cjv088,Quantification of Craniofacial Growth Pattern Based on Deep Learning.
41898143,pubmed,2026,eligible,rules,True,True,True,10.1002/mp.15456,Multi-Patient Vision Transformer for Markerless Tumor Motion Forecasting.
41893409,pubmed,2026,excluded_iii_no_quantitative_comparison,rules,True,True,False,10.1109/access.2024.3368377,District-Level Dengue Early Warning Prediction System in Bangladesh Using Hybrid Explainable AI and Bayesian Deep Learning.
41890993,pubmed,2026,excluded_iii_no_quantitative_comparison,rules,True,True,False,10.1162/neco.1997.9.8.1735,Opioid Overdose Death Prediction with Graph Neural Networks.
41890839,pubmed,2026,eligible,rules,True,True,True,10.21203/rs.3.rs-8981892/v1,Spatiotemporal Analysis of Electronic Cigarette Perception on Twitter/X Using Natural Language Processing.
41887131,pubmed,2026,eligible,rules,True,True,True,10.1016/j.lungcan.2026.109377,"Molecular subtyping of small-cell lung cancer in clinical practice: Primary tumor-lymph node concordance, intratumoral heterogeneity, and genomic context in a Chinese cohort."
41883314,pubmed,2026,excluded_i_no_spacetime_structure,rules,False,True,True,10.1080/21622965.2026.2644523,3D ADHD-Net and DeepTrace: Decoding ADHD from EEG with neurophysiological insights.
41882266,pubmed,2026,excluded_iii_no_quantitative_comparison,rules,True,True,False,10.1016/j.compeleceng.2025.110919,Spatial-temporal graph neural network with autoencoder pretraining for intrusion detection in healthcare IoT ecosystems.
41877702,pubmed,2026,excluded_iii_no_quantitative_comparison,rules,True,True,False,10.48550/arxiv.1710.10903,RST2G: Residual-Guided Spatiotemporal Transformer Graph Fusion Enhancement for Breast Cancer Segmentation in DCE-MRI.
41876774,pubmed,2026,eligible,rules,True,True,True,10.3389/fbioe.2024.1346365,Smartphone-derived joint angular velocities in sit-to-stand motion provide a spatiotemporal marker for symptomatic knee osteoarthritis.
41874200,pubmed,2026,excluded_ii_not_human_health,rules,True,False,False,10.48550/arxiv.1711.05101,Domain-Conditioned and Temporal-Guided Diffusion Modeling for Accelerated Dynamic MRI Reconstruction.
41872275,pubmed,2026,excluded_ii_not_human_health,rules,True,False,True,10.1007/s40279-017-0714-2,Wearable sensor big data analysis reveals spatiotemporal injury patterns in professional tennis players.
41871106,pubmed,2026,excluded_iii_no_quantitative_comparison,rules,True,True,False,10.1038/s41598-025-85437-w,Dengue transmission dynamics in an urban setting in western India.
41869657,pubmed,2026,excluded_ii_not_human_health,rules,True,False,True,10.1613/jair.301,A novel multi-agent spatiotemporal fusion framework for intelligent skin cancer diagnosis.
41866599,pubmed,2026,eligible,rules,True,True,True,10.1109/jiot.2020.3026732,Lightweight FMCW radar framework for human activity recognition under limited data conditions.
41864971,pubmed,2026,eligible,rules,True,True,True,10.1007/s44196-024-00593-7,A multi-scale adaptive filtering and AtRes_SRU-transformer synergy for breast cancer histopathology classification.
41861271,pubmed,2026,excluded_ii_not_human_health,rules,True,False,False,10.1016/j.jhazmat.2025.137369,Quantifying Multi-pollutant Co-exposure via Deep Learning-Based Simultaneous Prediction Using Geostationary Satellite Data.
41859813,pubmed,2026,eligible,rules,True,True,True,10.1161/strokeaha.125.053122,"Spatiotemporal Distributions and Forecasts of Working-Age Stroke Across 953 Locations, 1980 to 2040."
41855851,pubmed,2026,eligible,rules,True,True,True,10.1016/j.jns.2026.125837,Modeling inter-slice dependencies with temporal graph learning for Alzheimer's disease.
41855159,pubmed,2026,eligible,rules,True,True,True,10.1126/scitranslmed.aax4144,"Spatiotemporal patterns and entomological predictors of dengue transmission in Urban Surat, India (2016-2020): A surveillance-based risk modelling study."
41849175,pubmed,2026,excluded_iii_no_quantitative_comparison,rules,True,True,False,10.1109/tnsre.2026.3675512,Diffusion-Augmented Spatiotemporal Graph Convolution for Clinical Gait and Motor Function Assessment.
41847548,pubmed,2026,excluded_ii_not_human_health,rules,True,False,True,10.1039/d5ra09713d,Robust and anti-swelling MXene composite hydrogel sensors for intelligent gait monitoring via a CNN-LSTM network.
41845566,pubmed,2026,excluded_review,item_type,,,,10.1016/j.ipej.2025.09.005,Artificial Intelligence Enabled Noninvasive Mapping of Cardiac Arrhythmia Origins Using the 12-Lead Electrocardiogram.
41835134,pubmed,2026,eligible,rules,True,True,True,10.48550/arxiv.2205.11578,Classifying irritable bowel syndrome using spatio-temporal graph convolution networks on brain functional MRI data.
41833988,pubmed,2026,excluded_ii_not_human_health,rules,True,False,True,10.3390/s21010052,DriveEmo-FL: in-cabin radar-based emotion sensing for autonomous vehicles smart response.
41833169,pubmed,2026,excluded_ii_not_human_health,rules,True,False,True,10.1016/j.compbiomed.2026.111622,GHC-net: A gramian angular field based hybrid CNN for cuffless blood pressure classification using PPG signals.
41831362,pubmed,2026,excluded_ii_not_human_health,rules,True,False,True,10.1016/j.jenvman.2026.129322,Characterizing spatiotemporal trends in PM2.5 component exposures across the western United States using daily 1-km estimates from multi-source data and deep learning.
41829623,pubmed,2026,excluded_ii_not_human_health,rules,True,False,True,10.1016/j.measurement.2024.116345,Dynamically Weighted Spatiotemporal Fusion for Deep Learning-Based Prediction of EHA Degradation in Aviation Systems.
41824352,pubmed,2026,excluded_iii_no_quantitative_comparison,rules,True,True,False,10.1109/jbhi.2026.3673733,Sub-band Embedding Based EEG Spatio-Temporal Activity Representation for Emotion Recognition.
41818008,pubmed,2026,excluded_ii_not_human_health,rules,True,False,False,10.1109/tbme.2026.3673610,Evaluation of Deep Learning-Based Event Detection for Parameter Estimation During Complex Walking in Parkinson's Disease.
41814442,pubmed,2026,eligible,rules,True,True,True,10.34133/bmef.0062,AI-powered biomechanical modeling for ACL-reconstructed knees: predicting knee joint contact forces via computer vision and deep learning.
41813833,pubmed,2026,eligible,rules,True,True,True,10.1038/s42256-024-00966-9,Facilitating the spread prediction of public health emergencies based on spatio-temporal neural network.
41812811,pubmed,2026,excluded_review,item_type,,,,10.1016/j.ijid.2026.108529,Spatiotemporal dynamics and reemergence of chikungunya virus in Bangladesh from 2008 to 2025.
41808328,pubmed,2026,excluded_review,item_type,,,,10.1093/biolre/ioad105,"The dynamics of glycosylation in trophoblast cells: development, function, and pregnancy-related disorders."
41805507,pubmed,2026,eligible,rules,True,True,True,10.1109/tnsre.2026.3672626,Single-Camera Knee Adduction Moment Estimation for Individuals With Knee Osteoarthritis via a Novel Spatio-Temporal Graph Transformer Network.
41795366,pubmed,2026,excluded_ii_not_human_health,rules,True,False,True,10.1016/j.watres.2026.125647,AI-driven forecasting of Vibrio vulnificus in the Southern Baltic Sea using high-resolution data.
41792743,pubmed,2026,excluded_iii_no_quantitative_comparison,rules,True,True,False,10.1016/j.gaitpost.2019.05.008,The feasibility of using deep learning technologies to preliminarily identify patients with advanced knee osteoarthritis via smartphone videos.
41790812,pubmed,2026,eligible,rules,True,True,True,10.1109/jbhi.2026.3670208,A 1D Snoring Waveform and 2D Composite Acoustic Feature Graph-Based Multi-Modal Fusion Network for Obstructive Sites Recognition.
41786840,pubmed,2026,eligible,rules,True,True,True,10.1088/1361-6501/ad29e4,Advanced hybrid 3DCNN-SGAN framework for high-precision gas mixture analysis with sensor arrays.
41784707,pubmed,2026,excluded_iii_no_quantitative_comparison,rules,True,True,False,10.1152/ajpheart.00094.2004,In vivo quantification of arterial active mechanics using deep learning-assisted pressure-area analysis.
41783248,pubmed,2026,excluded_iii_no_quantitative_comparison,rules,True,True,False,10.1053/apmr.2001.24893,A temporal convolutional network approach for gait-based fall risk prediction to support safe sport participation in older adults.
41781617,pubmed,2026,excluded_ii_not_human_health,rules,True,False,False,10.5194/acp-15-7619-2015,Advancing operational global aerosol forecasting with machine learning.
41779852,pubmed,2026,excluded_ii_not_human_health,rules,True,False,False,10.1126/sciadv.aea1712,Structural vibration monitoring with diffractive optical processors.
41779656,pubmed,2026,excluded_ii_not_human_health,rules,True,False,True,10.1109/jbhi.2026.3670141,STAND-Net: A Spiking Temporal Attention autoeNcoDer Network for Efficient EEG Artifact Removal.
41777303,pubmed,2026,excluded_ii_not_human_health,rules,True,False,True,10.1029/2022gl102611,A New Framework for Medium- to Long-Term PM2.5 Predictions Using AI-Based High-Resolution Meteorological Forecasts.
41776307,pubmed,2026,eligible,rules,True,True,True,10.3390/s23041856,An IoT-enabled CRNN framework for secure wearable sensor-based activity recognition in physical education.
41772752,pubmed,2026,eligible,rules,True,True,True,10.1002/mrm.70325,Feasibility of Implicit Neural Representation Learned Motion Compensation for 3D Stack-of-Spirals Free-Breathing Cardiac Quantitative Susceptibility Mapping.
41771960,pubmed,2026,eligible,rules,True,True,True,10.1109/tim.2023.3307179,M[Formula: see text]DGAT: Multi-view multi-scale dynamic graph attention network(GAT) based prediction of Parkinson's disease(PD) progression using whole-blood RNA sequencing data.
41768245,pubmed,2026,excluded_iii_no_quantitative_comparison,rules,True,True,False,10.1109/access.2020.2980002,Signal-aware deep learning-based respiratory motion prediction for lung tumor management.
41764268,pubmed,2026,excluded_ii_not_human_health,rules,True,False,True,10.3390/computers12030060,IoT framework for sports activity safety monitoring based on wearable sensors and CRNN spatiotemporal analysis.
41762798,pubmed,2026,eligible,rules,True,True,True,10.1016/j.saa.2026.127623,A transformer and 3D CNN-based feature fusion network with interpretable ability for Raman spectra analysis: improving the diagnosis of thyroid cancer.
41759901,pubmed,2026,excluded_iii_no_quantitative_comparison,rules,True,True,False,10.7589/jwd-d-25-00056,"Surveillance of Highly Pathogenic Avian Influenza in Wild Birds in France, 2016-22: What Did We Learn from Mortality Data?"
41759183,pubmed,2026,excluded_review,item_type,,,,10.1098/rsif.2025.0785,Statistical shape modeling in cardiovascular disease: a narrative review.
41758838,pubmed,2026,excluded_iii_no_quantitative_comparison,rules,True,True,False,10.1109/tbme.2026.3668768,DoC-Informer: Automated Discrimination of Disorders of Consciousness under Adaptive EEG Settings.
41757344,pubmed,2026,eligible,rules,True,True,True,10.1002/hsr2.71832,Molecular Detection and Genetic Diversity of Measles and Parainfluenza Viruses Circulating in Humans in Bangladesh: A Cross-Sectional Study.
41756517,pubmed,2026,eligible,rules,True,True,True,10.1016/j.ijrobp.2024.02.016,Deep learning-based head and neck deformable image registration using spatio-temporal analysis and self attention.
41755248,pubmed,2026,excluded_ii_not_human_health,rules,True,False,True,10.1109/cvpr.2019.01236,A Method for Pedestrian Trajectory Prediction Using INS-GNSS Wearable Devices.
41755151,pubmed,2026,excluded_ii_not_human_health,rules,True,False,True,10.1037/0894-4105.7.4.476,EEG-Based Emotion Estimation Model Integrating Structural and Time-Series Information Based on Deep Learning Architecture Optimization.
41755038,pubmed,2026,eligible,rules,True,True,True,10.1016/j.est.2022.105831,Modified Extended Kalman Filter and Long Short-Term Memory-Based Framework for Reliable Stride-Length Estimation Using Inertial Sensors.
41751344,pubmed,2026,eligible,rules,True,True,True,10.1038/s41467-022-31033-9,Prospective Assessment of Embryoid Body by Deep Learning on Label-Free Time-Lapse Images from the Microwell Array.
41749719,pubmed,2026,excluded_i_no_spacetime_structure,rules,False,True,True,10.3390/surgeries5030061,Integrative Cross-Modal Fusion of Preoperative MRI and Histopathological Signatures for Improved Survival Prediction in Glioblastoma.
41748759,pubmed,2026,excluded_ii_not_human_health,rules,True,False,True,10.1007/s43681-025-00935-x,AI-based intelligent sensing detection of cybersecurity threats using multimodal sensor data in smart devices.
41747527,pubmed,2026,eligible,rules,True,True,True,10.1016/j.media.2026.103997,Enhancing uncertainty assessment in dynamic PET imaging with residual permutation and clustering.
41740109,pubmed,2026,excluded_iii_no_quantitative_comparison,rules,True,True,False,10.1109/jbhi.2026.3668080,Attention-Enhanced Temporal and Spatial Feature Extraction Network for ADHD Diagnosis based on fMRI.
41734192,pubmed,2026,eligible,rules,True,True,True,10.1109/ms.2022.3212033,A deep learning framework for gait-based frailty classification using inertial measurement units.
41729483,pubmed,2026,excluded_iii_no_quantitative_comparison,rules,True,True,False,10.1523/jneurosci.4567-13.2014,Co-simulation framework combining a microscopically detailed point neuron model of the hippocampal CA1 region with the macroscopic high-resolution virtual brain model.
41727049,pubmed,2026,excluded_iii_no_quantitative_comparison,rules,True,True,False,10.64898/2026.02.10.705088,Neural Dynamics of Automatic Speech Production.
41725933,pubmed,2026,eligible,rules,True,True,True,10.3390/jpm15110532,Deep learning-based early prediction of life-threatening ventricular arrhythmias using long-term Holter ECG signals.
41725855,pubmed,2026,eligible,rules,True,True,True,10.48550/arxiv.2409.07589,MSGM: a multi-scale spatiotemporal graph Mamba for EEG emotion recognition.
41717604,pubmed,2026,eligible,rules,True,True,True,10.48550/arxiv.2408.08880,Dynamic spatiotemporal graph attention networks for cross-regional multi-disease forecasting and intervention optimization.
41714799,pubmed,2026,excluded_iii_no_quantitative_comparison,rules,True,True,False,10.1038/s41467-024-51136-9,AI prediction models based on time-lapse imaging for good embryos with implantation potential and euploidy.
41713516,pubmed,2026,excluded_review,item_type,,,,10.1016/j.brainresbull.2026.111784,Neural circuitry remodeling in chronic pain and depression comorbidity: Toward an emotion-perception integration network model.
41713110,pubmed,2026,excluded_iii_no_quantitative_comparison,rules,True,True,False,10.1016/j.artmed.2026.103377,GFASNet: Gait feature attention-driven deep sequential network for dementia-related gait pattern analysis.
41712397,pubmed,2026,eligible,rules,True,True,True,10.1109/jbhi.2026.3666277,Encoding and Decoding of Brain Dynamic Functional Connectivity for ADHD Diagnosis.
41708707,pubmed,2026,eligible,rules,True,True,True,10.3390/biology10090859,Integrative framework for cancer detection via integro-differential equations using deep learning techniques.
41703033,pubmed,2026,excluded_ii_not_human_health,rules,True,False,True,10.1007/s11227-025-07858-8,Evaluating Sentinel-2 gap filling techniques for cloud removal and data reconstruction.
41689977,pubmed,2026,excluded_iii_no_quantitative_comparison,rules,True,True,False,10.1016/j.neunet.2026.108685,MS-STFNN: A multi-scale spatio-temporal fusion neural network for fMRI-based depression diagnosis.
41688231,pubmed,2026,excluded_ii_not_human_health,rules,True,False,False,10.1016/j.ultrasmedbio.2026.01.006,Robotic-Arm Assisted Multi-Apical View 3-D Fusion of Echocardiography for Enhanced Left Ventricular Assessment Using Wavelet.
41684103,pubmed,2026,excluded_ii_not_human_health,rules,True,False,False,10.1021/acsami.5c23721,Intelligent Real-Time Acid Rain Sensing Platform Enabled by Curvature-Engineered Droplet-Based DC Nanogenerator with 4500 V Output.
41682455,pubmed,2026,eligible,rules,True,True,True,10.1145/3241056,Neonatal Seizure Detection Based on Spatiotemporal Feature Decoupling and Domain-Adversarial Learning.
41681349,pubmed,2026,excluded_ii_not_human_health,rules,True,False,False,10.1016/j.eswa.2025.129831,Dead Chicken Identification Method Based on a Spatial-Temporal Graph Convolution Network.
41680275,pubmed,2026,excluded_ii_not_human_health,rules,True,False,True,10.1007/s41095-021-0247-3,"Ensemble learning for air quality index prediction: integrating gradient boosting, XGBoost, and stacking with SHAP-based interpretability."
41674834,pubmed,2026,excluded_ii_not_human_health,rules,True,False,True,10.1186/s12877-023-04361-0,Abnormal Driving Pattern Detection from GPS Trajectories Using Vision Transformer.
41673045,pubmed,2026,excluded_iii_no_quantitative_comparison,rules,True,True,False,10.1038/s42256-023-00635-3,Large-Scale Histological Image Dataset with Metadata for Colorectal Cancer Microenvironment.
41672614,pubmed,2026,excluded_ii_not_human_health,rules,True,False,True,10.12455/j.issn.1671-7104.250413,[Emotion Recognition Based on 2D Feature Extraction from 1D ECG].
41671938,pubmed,2026,excluded_iii_no_quantitative_comparison,rules,True,True,False,10.1016/j.clinph.2026.2111517,Spatiotemporal abnormalities in brain networks as a signature of neurological damage in Wilson's disease.
41671133,pubmed,2026,eligible,rules,True,True,True,10.1109/jbhi.2026.3664231,ECG-AuxNet: A Dual-Branch Spatial-Temporal Feature Fusion Framework With Auxiliary Learning for Enhanced Cardiac Disease Diagnosis.
41669460,pubmed,2026,eligible,rules,True,True,True,10.1212/wnl.0000000000002923,Alzheimer's disease prediction algorithm based on hippocampal longitudinal hybrid morphological features.
41658404,pubmed,2026,eligible,rules,True,True,True,10.14716/ijtech.v13i6.5840,Impact Detection in Fall Events: Leveraging Spatio-temporal Graph Convolutional Networks and Recurrent Neural Networks Using 3D Skeleton Data.
41655642,pubmed,2026,eligible,rules,True,True,True,10.1016/j.jneumeth.2026.110707,TPCNet: A Temporal Periodicity Convolutional Network for motor imagery EEG decoding in stroke patients.
41652139,pubmed,2026,eligible,rules,True,True,True,10.1007/s10278-026-01855-w,Network for Real-time Laryngeal Lesions Video Object Detection.
41652107,pubmed,2026,excluded_iii_no_quantitative_comparison,rules,True,True,False,10.1016/j.jcp.2018.10.045,Physics constrained graph neural network for real time prediction of intracranial aneurysm hemodynamics.
41650793,pubmed,2026,eligible,rules,True,True,True,10.1016/j.media.2026.103967,DDTracking: A diffusion model-based deep generative framework with local-global spatiotemporal modeling for diffusion MRI tractography.
41645153,pubmed,2026,eligible,rules,True,True,True,10.1148/radiol.2015151169,Fusion of deep learning and radiomics with dynamic spatiotemporal modeling for non-small cell lung cancer recurrence risk assessment after microwave ablation.
41643590,pubmed,2026,eligible,rules,True,True,True,10.1016/j.jneumeth.2026.110704,Multiscale spatiotemporal neural network with multi-attention mechanism using brain partitioning for motor imagery recognition.
41643362,pubmed,2026,excluded_iii_no_quantitative_comparison,rules,True,True,False,10.1016/j.media.2026.103966,Multimodal sparse fusion transformer network with spatio-temporal decoupling for breast tumor classification.
41638617,pubmed,2026,excluded_iii_no_quantitative_comparison,rules,True,True,False,10.1016/j.hrthm.2026.01.042,Reablation of atrial fibrillation targeting electrogram dispersion in patients with isolated veins: The RESTART trial.
41635679,pubmed,2025,excluded_review,item_type,,,,10.1109/access.2019.2907999,Research progress on multimodal data fusion in forest resource monitoring.
41633129,pubmed,2026,eligible,rules,True,True,True,10.1016/j.media.2026.103965,A navigation-guided 3D breast ultrasound scanning and reconstruction system for automated multi-lesion spatial localization and diagnosis.
41633018,pubmed,2026,excluded_iii_no_quantitative_comparison,rules,True,True,False,10.1016/j.artmed.2026.103371,EEG-based epileptic seizure prediction with patient-tailored spectral-spatial-temporal feature learning.
41622342,pubmed,2026,eligible,rules,True,True,True,10.1016/j.chaos.2025.116751,AI-driven framework for accurate detection of Alzheimer's disease in EEG.
41617761,pubmed,2026,eligible,rules,True,True,True,10.1038/s41598-020-62922-y,Multimodal spatiotemporal graph convolutional attention network for dynamic risk stratification and intervention strategy generation in rare disease rehabilitation nursing.
41613820,pubmed,2025,eligible,rules,True,True,True,10.1145/3571560.3571566,Improved attention-based PCNN with GhostNet for epilepsy seizure detection using EEG and fMRI modalities: extractive pattern and histogram feature set.
41610682,pubmed,2026,excluded_i_no_spacetime_structure,rules,False,True,True,10.1016/j.surg.2025.110079,Integration of spatiotemporal features into machine learning assessment of open surgical skills.
41604895,pubmed,2026,eligible,rules,True,True,True,10.1016/j.media.2026.103936,Knowledge-guided multi-geometric window transformer for cardiac cine MRI reconstruction.
41602172,pubmed,2026,excluded_iii_no_quantitative_comparison,rules,True,True,False,10.1118/1.2767145,'See' through the surface: surface-derived three-dimensional AI-driven real-time imaging solution for intra-treatment image guidance.
41600297,pubmed,2026,eligible,rules,True,True,True,10.1109/access.2022.3159339,Comparative Study of Different Algorithms for Human Motion Direction Prediction Based on Multimodal Data.
41597836,pubmed,2025,eligible,rules,True,True,True,10.1016/j.gaitpost.2021.04.017,A Novel Fabric Strain Sensor Array with Hybrid Deep Learning for Accurate Knee Movement Recognition.
41595989,pubmed,2025,eligible,rules,True,True,True,10.1111/j.1528-1167.2005.05205.x,IESS-FusionNet: Physiologically Inspired EEG-EMG Fusion with Linear Recurrent Attention for Infantile Epileptic Spasms Syndrome Detection.
41594805,pubmed,2026,eligible,rules,True,True,True,10.1016/j.compbiomed.2024.108973,TSCL-LwF: A Cross-Subject Emotion Recognition Model via Multi-Scale CNN and Incremental Learning Strategy.
41594339,pubmed,2026,eligible,rules,True,True,True,10.1016/j.jad.2019.05.007,MS-MDDNet: A Lightweight Deep Learning Framework for Interpretable EEG-Based Diagnosis of Major Depressive Disorder.
41594269,pubmed,2026,excluded_ii_not_human_health,rules,True,False,True,10.1002/wps.20883,Neurosense: Bridging Neural Dynamics and Mental Health Through Deep Learning for Brain Health Assessment via Reaction Time and p-Factor Prediction.
41590267,pubmed,2025,excluded_review,item_type,,,,10.1136/bmjophth-2021-000924,Advances in AI-Driven EEG Analysis for Neurological and Oculomotor Disorders: A Systematic Review.
41588230,pubmed,2026,excluded_ii_not_human_health,rules,True,False,False,10.1007/s43762-021-00002-1,Leachate arising from tannery solid waste open dump and its safety and productivity threats to food crops in adjoining agricultural fields.
41584819,pubmed,2026,eligible,rules,True,True,True,10.1038/s41467-024-46150-w,An optimized EEG-based hybrid deep learning framework for schizophrenia detection.
41580987,pubmed,2026,eligible,rules,True,True,True,10.1093/gigascience/giab005,MGM as a Large-Scale Pretrained Foundation Model for Microbiome Analyses in Diverse Contexts.
41577309,pubmed,2026,eligible,rules,True,True,True,10.1016/j.jstrokecerebrovasdis.2026.108570,Deep learning architectures for modeling and forecasting stroke cases in Ghana.
41574829,pubmed,2026,eligible,rules,True,True,True,10.1109/iww-bci.2013.650663,Rapid Nasal Breathing as a Biometric Trigger: High-Accuracy Electroencephalogram-Based Authentication for Clinical Applications.
41573383,pubmed,2025,eligible,rules,True,True,True,10.1093/brain/awq075,The alterations in brain network functional gradients and dynamic functional connectivity in Alzheimer's disease: a resting-state fMRI study.
41571746,pubmed,2026,eligible,rules,True,True,True,10.3390/electronics12122707,Smart comprehend gesture based emotions recognition system for people with hearing disability utilizing spatio temporal graph convolutional network techniques.
41571558,pubmed,2026,eligible,rules,True,True,True,10.1016/j.acra.2025.12.025,Hypergraph-Based Multimodal MRI Reveals Thalamus-Mediated Network Dyscoordination Underlying Motor Impairments in Parkinson's Disease.
41565970,pubmed,2026,eligible,rules,True,True,True,10.1007/s40846-024-00874-8,Iterative multiblock framework for high frequency EEG based neurological disorder detection.
41550379,pubmed,2025,eligible,rules,True,True,True,10.3389/fphar.2021.777607,Spatiotemporal video of blood-brain barrier disruption in neuroinflammatory disorders.
41547895,pubmed,2026,excluded_ii_not_human_health,rules,True,False,False,10.3390/app11030943,Innovative application of a traffic-prediction spatio-temporal graph convolutional network for dengue disease forecasting.
41547064,pubmed,2026,eligible,rules,True,True,True,10.1016/j.media.2026.103944,Unlocking 2D/3D+T myocardial mechanics from cine MRI: a mechanically regularized space-time finite element correlation framework.
41547005,pubmed,2026,excluded_i_no_spacetime_structure,rules,False,True,False,10.1016/j.compmedimag.2026.102702,The 4D Human Embryonic Brain Atlas: Spatiotemporal atlas generation for rapid anatomical changes.
41546984,pubmed,2026,eligible,rules,True,True,True,10.1016/j.puhe.2026.106151,Predictive modeling and spatiotemporal analysis of TB in Argentina: Advancing control efforts through machine learning.
41536974,pubmed,2026,eligible,rules,True,True,True,10.1109/jbhi.2020.3008040,Dual-input spatio-temporal transformer model: Predicting the efficacy of NACT in breast cancer based on DCE-MRI images.
41533149,pubmed,2026,excluded_review,item_type,,,,10.1093/eurheartj/ehaf254,[Artificial intelligence in risk stratification of acute coronary syndrome : Future vision or already reality?].
41532081,pubmed,2026,excluded_review,item_type,,,,10.31219/osf.io/jhacn,Electroencephalography-Based Machine and Deep Learning Approaches for the Diagnosis of Dissociative Disorders: A Comprehensive Review.
41530286,pubmed,2026,excluded_ii_not_human_health,rules,True,False,False,10.1523/jneurosci.4554-11.2011,Antecedent hypoglycaemia impairs glucagon secretion by enhancing somatostatin-mediated negative feedback control.
41529302,pubmed,2026,eligible,rules,True,True,True,10.1088/2057-1976/ae3763,LMSA-net: a lightweight multi-scale attention network for eeg-based emotion recognition.
41528907,pubmed,2026,excluded_iii_no_quantitative_comparison,rules,True,True,False,10.1109/tbme.2026.3653824,MSHANet: A Multiscale Hybrid Attention Network for Motor Imagery EEG Decoding.
41513508,pubmed,2026,excluded_review,item_type,,,,10.1053/j.ro.2025.09.005,"Usual Interstitial Pneumonia Spectrum: UIP, Probable UIP, and Indeterminate UIP."
41512929,pubmed,2026,eligible,rules,True,True,True,10.1016/j.spinee.2026.01.009,Wearable sensor-based gait evaluation in cervical spondylotic myelopathy: detecting asymptomatic gait dysfunction and heterogeneous gait impairment.
41511978,pubmed,2026,excluded_ii_not_human_health,rules,True,False,True,10.30684/etj.v38i6a.533,Machine learning analysis based on deep learning for fatigue diagnostics in carbon fiber reinforced polymers.
41509284,pubmed,2026,excluded_iii_no_quantitative_comparison,rules,True,True,False,10.1073/pnas.1400181111,"Fidelity of Spatiotemporal Patterns of Brain Activity Across Sampling Rate, Scan Duration, and Frequency Content."
41509205,pubmed,2025,excluded_iii_no_quantitative_comparison,rules,True,True,False,10.64898/2025.12.22.693945,Biologically Inspired Digital Histology for Deep Phenotyping of Placental Composition Changes Across Major Lesion Types.
41495067,pubmed,2026,excluded_ii_not_human_health,rules,True,False,False,10.1002/smll.202305568,A liquid metal dynamic wetting strategy for spatiotemporal monitoring of hand movements.
41492530,pubmed,2025,excluded_iii_no_quantitative_comparison,rules,True,True,False,10.1109/tbiom.2022.3226270,"Design of an iterative physiologically guided hybrid deep learning framework for robust hand vein segmentation, blood flow analysis, and early vascular diagnosis."
41484164,pubmed,2026,excluded_ii_not_human_health,rules,True,False,True,10.1109/cvprw.2017.214,A DLF multi-scale quantitative research method for the big five personality traits.
41474064,pubmed,2026,eligible,rules,True,True,True,10.1002/mp.70245,Convolutional recurrent U-net for cardiac cine MRI reconstruction via effective spatio-temporal feature exploitation.
41469495,pubmed,2025,eligible,rules,True,True,True,10.1109/jiot.2020.3028574,Wearable sensor data-driven sports posture recognition using the ST-GCN spatio-temporal graph convolutional network.
41464185,pubmed,2025,eligible,rules,True,True,True,10.1038/381520a0,Self-Supervised Spatio-Temporal Network for Classifying Lung Tumor in EBUS Videos.
41464182,pubmed,2025,eligible,rules,True,True,True,10.3389/fonc.2021.701736,Toward Graph-Based Decoding of Tumor Evolution: Spatial Inference of Copy Number Variations.
41463635,pubmed,2025,eligible,rules,True,True,True,10.1148/radiol.2021211270,Beyond VI-RADS Uncertainty: Leveraging Spatiotemporal DCE-MRI to Predict Bladder Cancer Muscle Invasion.
41459740,pubmed,2026,excluded_review,item_type,,,,10.1111/ejn.70376,Foundation Models for Neural Signal Decoding: EEG-Centered Perspectives Toward Unified Representations.
41453741,pubmed,2026,eligible,rules,True,True,True,10.1109/tmi.2022.3175461,Cardiac function assessment with deep-learning-based automatic segmentation of free-running four-dimensional whole-heart cardiovascular magnetic resonance.
41453080,pubmed,2026,excluded_i_no_spacetime_structure,rules,False,True,False,10.1093/gpbjnl/qzaf128,HyperSTAR: Unveiling Tissue Structure and Tumor Microenvironment from Spatial Omics by Hypergraph Learning.
41452345,pubmed,2026,eligible,rules,True,True,True,10.1002/mp.70248,Continuous sPatial-temporal deformable image registration and 4D frame interpolation.
41447890,pubmed,2026,excluded_review,item_type,,,,10.1016/j.plrev.2025.12.007,Remodeling of non-coding RNA regulatory networks: Decoding the pathological mechanisms and new therapeutic paradigms of cardiovascular diseases.
41429624,pubmed,2025,eligible,rules,True,True,True,10.1109/icassp48485.2024.10448259,[ResLSTM-TemporalSE: an automated classification model for multi-lead ECG signals].
41422064,pubmed,2025,excluded_review,item_type,,,,10.3389/fnhum.2025.1583566,"Aberrant brain functional network in COPD patients with cognitive impairment: clinical manifestations, mechanisms and therapeutic strategies."
41421135,pubmed,2026,excluded_ii_not_human_health,rules,True,False,True,10.1016/j.ecoenv.2025.119593,Hybrid attention based deep learning for forecasting boundary layer ozone using satellite derived profiles.
41420938,pubmed,2026,eligible,rules,True,True,True,10.1016/j.neunet.2025.108413,ELAI-SGCN: An explainable lightweight adaptive information-perceiving spiking graph convolutional network for EEG-based emotion recognition.
41419848,pubmed,2025,excluded_iii_no_quantitative_comparison,rules,True,True,False,10.4269/ajtmh.24-0665,"Identifying high-risk subdistricts for targeted dengue interventions: a spatio-temporal study in Mueang Chonburi district, Thailand, 2011-2020."
41418332,pubmed,2026,eligible,rules,True,True,True,10.1088/1361-6579/ae2f8a,A novel adaptive CNN-LSTM fusion network for electrocardiogram diagnosis.
41418101,pubmed,2026,eligible,rules,True,True,True,10.1007/11551188_34,Distinct Tumor-Immune Ecologies in Patients with Lung Cancer Predict Progression and Define a Clinical Biomarker of Therapy Response.
41413872,pubmed,2025,eligible,rules,True,True,True,10.25130/tjvs.3.1.2,"Spatiotemporal and clinical dynamics of Crimean-Congo Hemorrhagic Fever in Wasit Governorate, Iraq (2022-2025): a retrospective analytical study."
41411351,pubmed,2026,excluded_ii_not_human_health,rules,True,False,True,10.1109/tmi.2025.3645849,High Volume Rate 3-D Ultrasound Reconstruction With Diffusion Models.
41410318,pubmed,2026,excluded_ii_not_human_health,rules,False,False,False,10.1039/d5lc00542f,Implementation of reconfigurable logic-in memory in a cultured neuronal network with a crossbar structure.
41401501,pubmed,2026,eligible,rules,True,True,True,10.1088/1361-6560/ae2db8,Robust CNN multi-nested-LSTM framework with compound loss for patch-based multi-push ultrasound shear wave imaging and segmentation.
41398224,pubmed,2025,excluded_ii_not_human_health,rules,True,False,True,10.1080/17538947.2024.2391952,Air quality prediction using multi-source remote sensing data integration with hybrid deep learning framework.
41396753,pubmed,2026,excluded_iii_no_quantitative_comparison,rules,True,True,False,10.1109/jbhi.2025.3644481,Task-Aware Effective Connectivity Modeling for Cognitive Function Prediction.
41393096,pubmed,2025,eligible,rules,True,True,True,10.1101/2023.12.20.23300274,Power-to-power cross-frequency coupling as a novel approach for temporal lobe seizure detection and analysis.
41391226,pubmed,2026,eligible,rules,True,True,True,10.1016/j.jenvman.2025.128283,Cross-domain mangrove change detection and ecological response analysis under typhoon disturbance.
41390854,pubmed,2025,excluded_ii_not_human_health,rules,True,False,True,10.1109/tdsc.2024.3429271,A novel deep learning framework with temporal attention convolutional networks for intrusion detection in IoT and IIoT networks.
41388069,pubmed,2025,eligible,rules,True,True,True,10.4103/2153-3539.119005,Mucin phenotype-based deep learning framework for intestinal metaplasia-carcinogenesis progression prediction.
41387518,pubmed,2025,excluded_ii_not_human_health,rules,True,False,True,10.1109/jiot.2023.3282648,A federated transformer-enhanced double Q-network for collaborative intrusion detection.
41386531,pubmed,2026,eligible,rules,True,True,True,10.1016/j.jbi.2025.104969,Graph-spa: A Spatiotemporal Graph Neural Network based framework for ARDS prediction and interpretability.
41385612,pubmed,2026,excluded_iii_no_quantitative_comparison,rules,True,True,False,10.1101/2024.06.20.599841,Microscale maps of bursting dynamics across human hippocampal slices from patients with epilepsy.
41385417,pubmed,2025,excluded_iii_no_quantitative_comparison,rules,True,True,False,10.1109/jbhi.2025.3643173,ASA-STGCN: Adaptive Sparse Awareness-Spatiotemporal Graph Convolutional Network for Multi-Class Motor Imagery EEG Classification.
41385043,pubmed,2025,excluded_ii_not_human_health,rules,True,False,True,10.1007/s10707-021-00454-x,Enhanced forecasting of air quality index through an integrated deep learning framework.
41374663,pubmed,2025,excluded_ii_not_human_health,rules,True,False,True,10.1145/3656580,Coral-YOLO: An Intelligent Optical Vision Sensing Framework for High-Fidelity Marine Habitat Monitoring and Forecasting.
41374604,pubmed,2025,excluded_ii_not_human_health,rules,True,False,True,10.1016/j.ress.2023.109795,Multi-State Recognition of Electro-Hydraulic Servo Fatigue Testers via Spatiotemporal Fusion and Bidirectional Cross-Attention.
41367792,pubmed,2025,eligible,rules,True,True,True,10.21037/qims-2025-1018,Dynamic positron emission tomography image reconstruction using spatiotemporal kernel method with deep image prior.
41361359,pubmed,2025,eligible,rules,True,True,True,10.1016/j.media.2022.102680,STD-Net: a spatio-temporal decoupling network for multiphasic liver lesion segmentation and characterization.
41359725,pubmed,2025,eligible,rules,True,True,True,10.1109/jbhi.2025.3613793,Voxel-Level Brain States Prediction Using Swin Transformer.
41359724,pubmed,2025,excluded_iii_no_quantitative_comparison,rules,True,True,False,10.1109/jbhi.2025.3611504,Gated-STGFormer: Spatiotemporal Fusion Network for Reconstructing Aortic Valve Motion Within Coronary Presence.
41358300,pubmed,2025,excluded_ii_not_human_health,rules,True,False,True,10.1145/2939672.2939785,Modeling nonlinear and interaction effects of spatiotemporal and other non-genetic factors improves phenotypic prediction for complex traits.
41345079,pubmed,2025,excluded_i_no_spacetime_structure,rules,False,True,True,10.1002/mp.70181,Effects of subject motion and acquisition time on cone-beam CT-guided adaptive therapy for novel 6 second fast scanning protocols.
41343867,pubmed,2026,eligible,rules,True,True,True,10.1088/1741-2552/ae2805,A pretrained foundation model for headache disorders based on magnetoencephalography.
41343583,pubmed,2025,excluded_ii_not_human_health,rules,True,False,True,10.1162/neco.1997.9.8.1735,Multi-scale dynamic graph neural network for PM2.5 concentration prediction in regional station cluster.
41338030,pubmed,2026,excluded_ii_not_human_health,rules,True,False,True,10.1016/j.compbiomed.2025.111355,Liquid Fourier Latent Dynamics Networks for fast GPU-based numerical simulations in computational cardiology.
41337455,pubmed,2025,eligible,rules,True,True,True,10.1109/embc58623.2025.11253137,A Deep Learning approach for Depressive Symptoms assessment in Parkinson's disease patients using facial videos.
41337407,pubmed,2025,excluded_ii_not_human_health,rules,True,False,False,10.1109/embc58623.2025.11252764,Classification of ECG Arrhythmia Types Using 2D Recurrence Polar Maps and Deep Learning Techniques.
41337353,pubmed,2025,eligible,rules,True,True,True,10.1109/embc58623.2025.11254711,Graph-Neural-Network Based Models for Improved Short-Term Forecasts of Respiratory Syncytial Virus Infections.
41337243,pubmed,2025,excluded_i_no_spacetime_structure,rules,False,True,False,10.1109/embc58623.2025.11253892,Accessible In-Home Gait Assessment Using Spatiotemporal Neural Networks with Visual and Kinematic Data.
41336894,pubmed,2025,eligible,rules,True,True,True,10.1109/embc58623.2025.11252885,Fine-Tuning a Pretrained CNN Combined with Self-Attention for Speech Emotion Recognition.
41336863,pubmed,2025,excluded_iii_no_quantitative_comparison,rules,True,True,False,10.1109/embc58623.2025.11252881,Spiking Reservoir Computing Architectures for Model-based Epileptic Brain State Recognition.
41336839,pubmed,2025,eligible,rules,True,True,True,10.1109/embc58623.2025.11251605,Transformer Neural Network for Estimating Tremor Severity in Parkinson's Disease During Daily Living Activities.
41336798,pubmed,2025,excluded_iii_no_quantitative_comparison,rules,True,True,False,10.1109/embc58623.2025.11251556,Comparative Analysis of PINN Architectures for Solving the Non-Dimensionalized Pennes' Bioheat Equation in Non-Homogeneous Domain.
41336702,pubmed,2025,excluded_iii_no_quantitative_comparison,rules,True,True,False,10.1109/embc58623.2025.11254342,Spinal Disease Classification Using Deep Learning on Dual-View Videos.
41336656,pubmed,2025,eligible,rules,True,True,True,10.1109/embc58623.2025.11252788,RISE-iEEG: Robust to Inter-Subject Electrodes Implantation Variability iEEG Classifier.
41336639,pubmed,2025,excluded_iii_no_quantitative_comparison,rules,True,True,False,10.1109/embc58623.2025.11252830,Skeleton-Based Intake Gesture Detection With Spatial-Temporal Graph Convolutional Networks.
41336489,pubmed,2025,excluded_iii_no_quantitative_comparison,rules,True,True,False,10.1109/embc58623.2025.11251780,Extracting Preserved Neural Latent Dynamics Across Tasks using Convolutional Transformer-based Variational Autoendecoder.
41336477,pubmed,2025,excluded_iii_no_quantitative_comparison,rules,True,True,False,10.1109/embc58623.2025.11251761,Deep-Meg: A deep learning approach for magnetoencephalograhic inverse problem solutions.
41336447,pubmed,2025,eligible,rules,True,True,True,10.1109/embc58623.2025.11251772,Identification of patients with REM sleep behavior disorder with a small and portable depth sensor.
41336401,pubmed,2025,excluded_iii_no_quantitative_comparison,rules,True,True,False,10.1109/embc58623.2025.11254032,Motion-Aware Spatio-Temporal Fusion Memory Network for Semi-Supervised Echocardiography Video Segmentation.
41336364,pubmed,2025,eligible,rules,True,True,True,10.1109/embc58623.2025.11252970,Personalized Sleep Prediction via Deep Adaptive Spatiotemporal Modeling and Sparse Data.
41336327,pubmed,2025,eligible,rules,True,True,True,10.1109/embc58623.2025.11254125,Self-Supervised Transformer-Based Foundation Model for functional Magnetic resonance Imaging.
41336279,pubmed,2025,eligible,rules,True,True,True,10.1109/embc58623.2025.11253359,GlucoNet: A Hybrid Learning Methodology for Non-Invasive Blood Glucose Estimation from PPG.
41336250,pubmed,2025,eligible,rules,True,True,True,10.1109/embc58623.2025.11253303,EEG Image Transformer for Harmful Brain Activity Classification.
41336237,pubmed,2025,excluded_iii_no_quantitative_comparison,rules,True,True,False,10.1109/embc58623.2025.11253355,From Pulse to Insight: An End-To-End Explainable Deep Spatio-Temporal Fusion Network for Cuffless Blood Pressure Monitoring.
41336166,pubmed,2026,eligible,rules,True,True,True,10.1109/jbhi.2025.3604638,An AI-Driven Interpretable Multiview Feature Learning Approach for EEG Based Epileptic Seizure Detection.
41336117,pubmed,2025,eligible,rules,True,True,True,10.1109/embc58623.2025.11253062,Multi-Task Deep Learning Approach for Contactless Simultaneous Heart Rate and Oxygen Saturation Estimation.
41336083,pubmed,2025,eligible,rules,True,True,True,10.1109/embc58623.2025.11251649,EEGScaler: A Deep Learning Network to Scale EEG Electrode and Samples for Hand Motor Imagery Speed Decoding.
41336013,pubmed,2025,eligible,rules,True,True,True,10.1109/embc58623.2025.11252936,A Transformer-Based Framework with Dynamic Multiscale Attention Mechanisms for 12-Lead ECG Synthesis.
41335975,pubmed,2025,excluded_iii_no_quantitative_comparison,rules,True,True,False,10.1109/embc58623.2025.11253271,Deep-Fusion of Scalogram and Spatio-Temporal EEG Features with Attention Mechanism for Autism Spectrum Disorder Identification.
41335856,pubmed,2025,excluded_iii_no_quantitative_comparison,rules,True,True,False,10.1109/embc58623.2025.11254787,"A Simple, but Variable Transformer-Matched Resonance Circuit for High Resolution Sodium-23 Magnetic Resonance Imaging of an In Vivo Stroke Model at 9.4T."
41335852,pubmed,2025,eligible,rules,True,True,True,10.1109/embc58623.2025.11254774,Utilizing Weighted Spatio-Temporal Information for Automated Transthoracic Echocardiography View Classification.
41335651,pubmed,2025,eligible,rules,True,True,True,10.1109/embc58623.2025.11253216,"MMM-DBNF: multi-atlas, multi-modal and multi-site dynamic brain network fusion for the diagnosis of schizophrenia."
41333886,pubmed,2025,excluded_review,item_type,,,,10.1016/j.cell.2017.11.010,Advances in DCE-MRI Radiomics for Non-Invasive Prediction of Breast Cancer Molecular Subtypes: Research Progress and Clinical Translation.
41331728,pubmed,2026,excluded_ii_not_human_health,rules,True,False,True,10.1002/advs.202515087,Broadband All-Optical Memtransistor Based on Organic Cocrystals for Noise-Robust Motion Recognition.
41330256,pubmed,2026,eligible,rules,True,True,True,10.1016/j.artmed.2025.103309,SurgflowNet: Leveraging unannotated video for consistent endoscopic pituitary surgery workflow recognition.
41330229,pubmed,2026,excluded_ii_not_human_health,rules,True,False,False,10.1016/j.compmedimag.2025.102665,Deep spatiotemporal clutter filtering of transthoracic echocardiographic images: Leveraging contextual attention and residual learning.
41326877,pubmed,2026,eligible,rules,True,True,True,10.1007/s10278-025-01758-2,Automated HFrEF Diagnosis Using an Optimized TimeSformer Model in Echocardiography.
41326416,pubmed,2025,eligible,rules,True,True,True,10.5493/wjem.v12.i2.16,A hybrid spatial and temporal attention driven network for left ventricular function assessment using echocardiography.
41325121,pubmed,2026,excluded_iii_no_quantitative_comparison,rules,True,True,False,10.1109/jbhi.2025.3639166,Multidimensional Feature-Guided Cross-Population Human Activity Recognition and Prediction.
41319442,pubmed,2025,excluded_review,item_type,,,,10.1016/j.envint.2025.109965,Machine learning for modelling the health impacts of extreme heat: A comprehensive literature review.
41315593,pubmed,2025,excluded_iii_no_quantitative_comparison,rules,True,True,False,10.1016/j.inffus.2025.103268,Deep spectrotemporal network based depression severity estimation from speech.
41315508,pubmed,2025,excluded_ii_not_human_health,rules,True,False,True,10.1177/03611981221144279,AiM: urban air quality forecasting with grid-embedded recurrent MLP model.
41314731,pubmed,2025,excluded_ii_not_human_health,rules,False,False,True,10.1016/j.sste.2025.100767,Comparative analysis of extreme gradient boosting and TabNet models for spatiotemporal prediction of melioidosis using satellite-derived environmental data.
41306519,pubmed,2025,excluded_iii_no_quantitative_comparison,rules,True,True,False,10.1145/3494961,Real-time sleep disorder monitoring design using dynamic temporal graphs with facial and acoustic feature fusion.
41302130,pubmed,2025,eligible,rules,True,True,True,10.3390/s23115293,PICU Face and Thoracoabdominal Detection Using Self-Supervised Divided Space-Time Mamba.
41298846,pubmed,2025,excluded_ii_not_human_health,rules,True,False,False,10.1007/s42452-021-04471-1,"Spatio-temporal drought monitoring in the Megech-Dirma watershed, Ethiopia, using Google Earth engine."
41297675,pubmed,2026,excluded_iii_no_quantitative_comparison,rules,True,True,False,10.1016/j.jhep.2025.11.016,Geographic disparities in hepatitis B vaccine coverage across Africa: Implications for targeted interventions and 2030 goals.
41296964,pubmed,2025,eligible,rules,True,True,True,10.1109/jbhi.2025.3637215,Enhancing Large Medical Equipment Health-Aware Control with Bayesian Graph Attention Transformer-Based Probabilistic Remaining Useful Life Prediction.
41293116,pubmed,2025,eligible,rules,True,True,True,10.1109/bci53761.2022.00009,Motor imagery EEG classification via wavelet-packet synthetic augmentation and entropy-based channel selection.
41288750,pubmed,2025,excluded_iii_no_quantitative_comparison,rules,True,True,False,10.1136/gutjnl-2016-312439,Dynamical mechanisms of inflammatory spatial distribution and its association with recurrence in Crohn's disease.
41286630,pubmed,2025,excluded_ii_not_human_health,rules,True,False,False,10.2987/13-6347r.1,"The ecological factors contributing to the chikungunya outbreak in Ruili, a border city in Yunnan Province, China."
41284566,pubmed,2026,excluded_iii_no_quantitative_comparison,rules,True,True,False,10.1016/j.mri.2025.110552,The quantitative spatiotemporal relationship of whole brain activity of human brains revealed by fMRI.
41284445,pubmed,2026,excluded_i_no_spacetime_structure,rules,False,True,True,10.1109/jbhi.2025.3636120,TEENet: An Effective Clinical Detection Network for Identifying Spontaneous Echo Contrast Automatically.
41282754,pubmed,2025,eligible,rules,True,True,True,10.1111/epi.18487,The Seizure Embedding Map: A Spatio-Temporal Transformer for Comparing Patients by Ictal Intracranial EEG Features at Scale.
41280444,pubmed,2025,excluded_i_no_spacetime_structure,rules,False,True,True,10.1145/3652858,Sobel neural network for EEG-based major depressive disorder screening.
41280230,pubmed,2025,excluded_iii_no_quantitative_comparison,rules,True,True,False,10.1016/j.patcog.2011.01.014,"A lightweight, end-to-end explainable, and generalized attention-based graph neural network model trained on high-order spatiotemporal organization of dynamic functional connectivity to classify autistics from typically developing."
41276162,pubmed,2026,excluded_review,item_type,,,,10.1016/j.brs.2025.102986,Engineering focused ultrasound for glioblastoma.
41274941,pubmed,2025,excluded_ii_not_human_health,rules,False,False,True,10.3390/ani5030387,Direct video-based spatiotemporal deep learning for cattle lameness detection.
41273805,pubmed,2026,excluded_review,item_type,,,,10.1016/j.artmed.2025.103308,Artificial intelligence in 4D flow MRI: Review of technological aspects and clinical applications.
41262885,pubmed,2025,excluded_iii_no_quantitative_comparison,rules,True,True,False,10.1111/tbed.14499,"Spatial and Temporal Dynamics of Peste des Petits Ruminants Outbreaks and Their Clinical Impact in Small Ruminants in North Shewa Zone, Ethiopia: Implications for Eradication."
41262353,pubmed,2025,excluded_review,item_type,,,,10.1101/2022.07.27.501734,Engineering Macrophage via Biomaterial-Mediated Mitochondrial Regulation: Mechanisms and Strategies.
41261061,pubmed,2025,excluded_ii_not_human_health,rules,True,False,False,10.1109/isbi53787.2023.10230813,Accelerated RAKI reconstruction for multi-slice cardiac cine applications.
41259173,pubmed,2025,excluded_iii_no_quantitative_comparison,rules,True,True,False,10.1109/jbhi.2025.3633739,Explainable End-to-End Seizure Prediction via Stationary Wavelet Transform-Driven Dynamic Multiscale Fuzzy Clustering.
41254081,pubmed,2025,excluded_ii_not_human_health,rules,True,False,True,10.1109/access.2023.3349287,"Improved Weighted Quantum Whale Optimization with vision transformer for intrusion detection, atmospheric monitoring and recommendation in smart agriculture."
41252130,pubmed,2025,excluded_review,item_type,,,,10.1097/ppo.0000000000000799,Integrating AI into the Clinical Workflows Across the Cancer Care Continuum: Opportunities and Challenges.
41247890,pubmed,2026,eligible,rules,True,True,True,10.1109/tbme.2025.3633663,A Dynamic Local-Global Spatiotemporal Transformer Network for Pain Intensity Estimation in Patients With Disorders of Consciousness.
41246182,pubmed,2025,excluded_i_no_spacetime_structure,rules,False,True,False,10.5194/acp-20-1233-2020,Machine-Learning-Driven Reconstruction of Organic Aerosol Sources across Dense Monitoring Networks in Europe.
41245840,pubmed,2025,excluded_review,item_type,,,,10.3389/fncom.2019.00006,"Deep learning in intracranial EEG for seizure detection: advances, challenges, and clinical applications."
41240637,pubmed,2025,excluded_review,item_type,,,,10.1016/j.jenvman.2025.127984,"Integrated assessment of urban flooding and heat island interactions: A systematic review of geospatial technologies, machine learning approaches, and microclimate dynamics."
41238604,pubmed,2025,excluded_iii_no_quantitative_comparison,rules,True,True,False,10.1109/tvlsi.2023.323456,Trustworthy pneumonia detection in chest X-ray imaging through attention-guided deep learning.
41233419,pubmed,2025,excluded_ii_not_human_health,rules,True,False,True,10.1016/j.jhydrol.2022.128003,Prediction of nitrate and sulphate dynamics in groundwater under spatiotemporal effects of urban growth using attention optimized models.
41231925,pubmed,2025,excluded_review,item_type,,,,10.3390/sci7010007,Spatiotemporal prediction of obesity rates and model interpretability analysis from a public health perspective.
41231696,pubmed,2026,eligible,rules,True,True,True,10.1109/jbhi.2025.3631655,4DfCF: 4D fMRI CrossFormer Vision Transformer.
41228947,pubmed,2025,excluded_ii_not_human_health,rules,True,False,False,10.1016/j.jobe.2024.109340,A Novel Unsupervised Structural Damage Detection Method Based on TCN-GAT Autoencoder.
41228772,pubmed,2025,excluded_ii_not_human_health,rules,True,False,True,10.1371/journal.pone.0171409,A Novel Demographic Indicator Fusion Network (DIFNet) for Dynamic Fusion of EEG and Demographic Indicators for Robust Depression Detection.
41224975,pubmed,2025,eligible,rules,True,True,True,10.48550/arxiv.1702.03118,Four-class classification of tumor-induced colorectal obstruction histopathology: A ResNet-mamba-mased study on cellular interaction pattern recognition.
41223629,pubmed,2025,excluded_iii_no_quantitative_comparison,rules,True,True,False,10.1016/j.jtherbio.2025.104303,Low-rank distribution embedding of dynamic thermographic data for breast cancer detection.
41223545,pubmed,2025,eligible,rules,True,True,True,10.1088/1361-6560/ae1ee4,RADIFUSION: a multi-radiomics deep learning based breast cancer risk prediction model using sequential mammographic images with image attention and bilateral asymmetry refinement.
41222817,pubmed,2025,eligible,rules,True,True,True,10.30855/ais.2024.07.02.06,ThinkSTra: a transformer-driven architecture for decoding imagined speech from EEG with spatial-temporal dynamics.
41221228,pubmed,2025,excluded_iii_no_quantitative_comparison,rules,True,True,False,10.1038/sdata.2015.66,"Geospatial clustering reveals dengue hotspots across Brazilian municipalities, 2024."
41220792,pubmed,2025,eligible,rules,True,True,True,10.1109/jtehm.2025.3611498,Diagnosis and Severity Rating of Parkinson's Disease Based on Multimodal Gait Signal Analysis With GLRT and ST-CNN-Transformer Networks.
41220406,pubmed,2025,eligible,rules,True,True,True,10.1159/000363605,A multimodal deep learning framework for functional brain network classification in rs-fMRI.
41218639,pubmed,2026,excluded_review,item_type,,,,10.1055/a-2742-2430,Transformer Language Models for Neurology Research with Electronic Health Records: Current State of the Science.
41214640,pubmed,2025,eligible,rules,True,True,True,10.3390/sym12071072,Efficient temporal feature utilization in ultrasound videos: a multi-channel deep learning framework for enhanced breast lesion differentiation.
41213202,pubmed,2026,eligible,rules,True,True,True,10.1016/j.neunet.2025.108260,MIEF-Net: multimodal image-enhanced fusion network for intelligent fall risk prediction.
41212876,pubmed,2025,excluded_ii_not_human_health,rules,True,False,True,10.1109/tcyb.2021.3125345,Residual-aware health prediction of power transformers via spatiotemporal graph neural networks.
41211134,pubmed,2025,eligible,rules,True,True,True,10.1007/s00521-019-04547-5,Multi-class: spectral-spatial temporal pyramid network and multi-class classifier-based cardiovascular disease classification.
41207868,pubmed,2026,eligible,rules,True,True,True,10.1002/mrm.70173,ASL 4D MRA Intracranial Vessel Segmentation With Deep Learning U-Nets.
41201063,pubmed,2025,excluded_review,item_type,,,,10.1002/advs.202518487,The Immune Microenvironment in Liver Cancer: From Analysis to Targeting.
41200242,pubmed,2025,excluded_iii_no_quantitative_comparison,rules,True,True,False,10.1093/biomet/26.4.404,Multi-model approach to understand and predict past and future dengue epidemic dynamics.
41198946,pubmed,2026,excluded_iii_no_quantitative_comparison,rules,True,True,False,10.1038/s41380-025-03326-0,Unraveling spatiotemporal dynamics in transdiagnosis subtypes of major depressive disorder and bipolar disorder: insights from co-activation patterns and treatment response.
41198767,pubmed,2025,excluded_ii_not_human_health,rules,True,False,True,10.1109/access.2023.3296792,Deep learning for sports motion recognition with a high-precision framework for performance enhancement.
41191472,pubmed,2026,eligible,rules,True,True,True,10.1109/jbhi.2025.3628628,Radar HRV Monitoring With Physiological Prior Inspired Deep Neural Networks.
41189712,pubmed,2026,eligible,rules,True,True,True,10.1016/j.bspc.2025.108896,CNN-Autoformer: Automated EEG-Based Seizure Detection and Localization Using Hybrid Deep Learning.
41177636,pubmed,2026,eligible,rules,True,True,True,10.1016/j.jes.2025.04.058,Deep neural networks reveal organic pollutants' dominance in global inflammatory bowel disease.
41176929,pubmed,2025,excluded_review,item_type,,,,10.1016/j.jns.2025.123735,"Deep Learning in neuroimaging for neurodegenerative diseases: State-of-the art, Challenges, and Opportunities."
41173998,pubmed,2025,excluded_ii_not_human_health,rules,True,False,True,10.1007/s10922-022-09697-x,An intrusion detection system in the Internet of Things with deep learning and an improved arithmetic optimization algorithm (AOA) and sine cosine algorithm (SCA).
41173916,pubmed,2025,eligible,rules,True,True,True,10.1109/tmi.2024.3414842,A multimodal multitask deep learning model for predicting stroke lesion and functional outcomes using 4D CTP imaging and clinical metadata.
41173273,pubmed,2025,eligible,rules,True,True,True,10.1016/j.jocmr.2025.101975,Three-dimensional distensibility of the aorta derived from four-dimensional cardiovascular magnetic resonance in young and middle-aged adults with Marfan syndrome.
41161262,pubmed,2026,eligible,rules,True,True,True,10.1016/j.ijmedinf.2025.106157,A deep learning approach to predicting hospitalized patients' SEIRD states using multimodal spatiotemporal data.
41160641,pubmed,2025,excluded_ii_not_human_health,rules,True,False,False,10.1603/0022-2585-41.1.1,"Spatio-temporal distribution and environmental determinants of dengue vectors in Phnom Penh, Cambodia."
41158574,pubmed,2025,excluded_ii_not_human_health,rules,True,False,True,10.1016/j.apgeochem.2021.105043,Anomaly detection and early risk identification in digital disaster response-based on deep learning in public health.
41157512,pubmed,2025,excluded_iii_no_quantitative_comparison,rules,True,True,False,10.1080/1206212x.2023.2198785,ViT-BiLSTM Multimodal Learning for Paediatric ADHD Recognition: Integrating Wearable Sensor Data with Clinical Profiles.
41155128,pubmed,2025,eligible,rules,True,True,True,10.1109/tifs.2012.2204253,New Gait Representation Maps for Enhanced Recognition in Clinical Gait Analysis.
41155110,pubmed,2025,eligible,rules,True,True,True,10.26599/tst.2023.9010126,Spatiotemporal Feature Learning for Daily-Life Cough Detection Using FMCW Radar.
41155036,pubmed,2025,excluded_review,item_type,,,,10.1080/14737159.2020.1757436,Integrating Spatial Omics and Deep Learning: Toward Predictive Models of Cardiomyocyte Differentiation Efficiency.
41154218,pubmed,2025,eligible,rules,True,True,True,10.3389/fpsyt.2022.811766,P300 Spatiotemporal Prior-Based Transformer-CNN for Auxiliary Diagnosis of PTSD.
41152471,pubmed,2025,excluded_ii_not_human_health,rules,True,False,True,10.3389/fbuil.2021.660103,Sports injury risk prediction based on temporal graph encoding and graph neural networks: A cross-sport transfer learning framework.
41150519,pubmed,2025,excluded_ii_not_human_health,rules,True,False,True,10.3390/su17093912,Spatio-Temporal Machine Learning for Marine Pollution Prediction: A Multi-Modal Approach for Hotspot Detection and Seasonal Pattern Analysis in Pacific Waters.
41148561,pubmed,2026,eligible,rules,True,True,True,10.1038/s41591-024-02850-w,Deep learning model integrating contrast-enhanced ultrasound spatiotemporal imaging with clinical data for the differential diagnosis between hepatocellular carcinoma and intrahepatic cholangiocarcinoma.
41145630,pubmed,2025,excluded_iii_no_quantitative_comparison,rules,True,True,False,10.9728/dcs.2020.21.3.445,Intelligent monitoring system for quality of life of colostomy patients based on deep learning and AR.
41141909,pubmed,2025,excluded_ii_not_human_health,rules,True,False,True,10.1109/access.2024.3466470,Hybrid recurrent with spiking neural network model for enhanced anomaly prediction in IoT networks security.
41129430,pubmed,2026,eligible,rules,True,True,True,10.1109/tbme.2025.3624878,Cross-Hemispheric Spatial-Temporal Attention Network for Decoding Silent Speech From EEG.
41127561,pubmed,2025,eligible,rules,True,True,True,10.1097/js9.0000000000002821,AI-derived longitudinal and multi-dimensional CT classifier for non-small cell lung cancer to optimize neoadjuvant chemoimmunotherapy decision: a multicentre retrospective study.
41126760,pubmed,2026,excluded_ii_not_human_health,rules,True,False,False,10.1002/advs.202513624,A Hybrid Diffusion Model Enhances Multiparametric 3D Photoacoustic Computed Tomography.
41115078,pubmed,2025,excluded_i_no_spacetime_structure,rules,False,True,True,10.1109/tnsre.2025.3623129,Accuracy and Precision of Wearable-Derived Gait Parameters: How These Affect the Performance of Models for Fall Prediction in the Elderly.
41112794,pubmed,2025,eligible,rules,True,True,True,10.1038/s41598-019-45736-5,Using the latent diffusion model to enhance time-resolved laser speckle contrast imaging (TR-LSCI) of cerebral blood flow.
41112407,pubmed,2025,eligible,rules,True,True,True,10.1016/j.reth.2025.10.002,Modeling epithelial wound closure dynamics with AI: A comparative study across cell types.
41112158,pubmed,2025,excluded_ii_not_human_health,rules,True,False,True,10.48550/arxiv.2305.07027,S_TransNeXtM: a pig behavior recognition model based on the TransNeXtM and the sLSTM.
41108923,pubmed,2025,excluded_ii_not_human_health,rules,True,False,True,10.1016/j.envint.2025.109864,A multiscale spatial-temporal-variable feature fusion network for predicting multiple air pollutants.
41108209,pubmed,2026,excluded_iii_no_quantitative_comparison,rules,True,True,False,10.1002/mrm.70142,Real-Time Phase-Contrast Cardiovascular MRI Using a Deep Learning Reconstruction Network With Combined Dictionary Learning and CNN.
41107263,pubmed,2025,excluded_ii_not_human_health,rules,True,False,True,10.3390/s22103744,End-to-end deep learning for smart maritime threat detection: an AE-CNN-LSTM-based approach.
41104999,pubmed,2025,excluded_ii_not_human_health,rules,True,False,False,10.1063/5.0273027,Hardware-algorithm co-design in analog reservoir computing with nonlinearity of solution-processed 2D materials.
41102339,pubmed,2025,excluded_ii_not_human_health,rules,True,False,True,10.1016/j.eswa.2023.119619,Spatiotemporal dependency data imputation for long-term health monitoring of concrete arch bridges.
41096428,pubmed,2025,excluded_ii_not_human_health,rules,True,False,True,10.48550/arxiv.2203.12602,SATSN: A Spatial-Adaptive Two-Stream Network for Automatic Detection of Giraffe Daily Behaviors.
41094807,pubmed,2025,excluded_ii_not_human_health,rules,True,False,False,10.3390/electronics12183971,A Deep Learning-Based Method for Mechanical Equipment Unknown Fault Detection in the Industrial Internet of Things.
41094776,pubmed,2025,excluded_ii_not_human_health,rules,True,False,True,10.1016/j.energy.2023.128457,State of Health for Lithium-Ion Batteries Based on Explainable Feature Fragments via Graph Attention Network and Bi-Directional Gated Recurrent Unit.
41086696,pubmed,2025,excluded_ii_not_human_health,rules,True,False,False,10.1016/j.ecoenv.2025.119209,Development of a decomposition-optimization-transformer hybrid model for spatiotemporal forecasting of PM2.5 air pollution in Chinese cities: A case study.
41070149,pubmed,2025,excluded_i_no_spacetime_structure,rules,False,True,True,10.1016/j.cmpb.2020.105912,Multifidelity deep learning modeling of spatiotemporal lung mechanics.
41069408,pubmed,2025,eligible,rules,True,True,True,10.1109/tpami.2024.3387317,Self-supervised learning enhances accuracy and data efficiency in lower-limb joint moment estimation from gait kinematics.
41069080,pubmed,2025,excluded_ii_not_human_health,rules,True,False,True,10.1002/rcs.70115,BSCAL: Gesture Recognition Network Based on Dual-Stream Information Fusion of EMG and IMU Signals.
41062795,pubmed,2025,eligible,rules,True,True,True,10.1016/j.eswa.2024.123557,TransBreastNet a CNN transformer hybrid deep learning framework for breast cancer subtype classification and temporal lesion progression analysis.
41060998,pubmed,2025,eligible,rules,True,True,True,10.3390/s24041276,Gait recognition using spatio-temporal representation fusion learning network with IMU-based skeleton graph and body partition strategy.
41060469,pubmed,2025,eligible,rules,True,True,True,10.1016/j.eswa.2020.114544,Revisiting Challenges in Real-world Video Colonoscopy using End-to-End Two Stream Polyp Detection Transformer (TS-PDTR).
41059067,pubmed,2025,excluded_iii_no_quantitative_comparison,rules,True,True,False,10.1016/s0893-6080(98)00116-6,Robust lumen segmentation based on temporal residual U-Net using spatiotemporal features in intravascular optical coherence tomography images.
41056153,pubmed,2026,eligible,rules,True,True,True,10.1109/tmi.2025.3618711,MACE Risk Prediction in ARVC Patients via CMR: A Three-Tier Spatiotemporal Transformer With Pericardial Adipose Tissue Embedding.
41053140,pubmed,2025,excluded_ii_not_human_health,rules,True,False,True,10.17849/insm-47-01-31-39.1,EgoVision a YOLO-ViT hybrid for robust egocentric object recognition.
41052172,pubmed,2026,excluded_i_no_spacetime_structure,rules,False,True,False,10.1109/tbme.2025.3618476,Physics-Guided Self-Supervised Implicit Neural Representation for Accelerated $\text{T}_{1\rho }$ Mapping.
41051877,pubmed,2026,excluded_iii_no_quantitative_comparison,rules,True,True,False,10.1111/epi.18653,Delayed excitability recovery and downregulation of neurodevelopmental pathways contribute to phenotypic differences in KCNQ2-related disorders.
41047490,pubmed,2025,excluded_iii_no_quantitative_comparison,rules,True,True,False,10.1002/advs.202515079,A Metalloporphyrin Nanosystem Enables Non-Invasive Visualization and Specific Treatment for Thrombosis and Ischemic Stroke.
41044308,pubmed,2025,eligible,rules,True,True,True,10.1109/tsmc.2021.3051136,Hierarchical attention enhanced deep learning achieves high precision motor imagery classification in brain computer interfaces.
41042689,pubmed,2025,eligible,rules,True,True,True,10.1186/s40168-018-0603-4,MicroSTNet: a spatio-temporal graph-based framework for time-series microbiome analysis.
41040939,pubmed,2025,excluded_review,item_type,,,,10.1016/j.dcn.2021.101036,Detecting electrophysiological alterations in psychiatric disorders through event-related microstates: a systematic review.
41039691,pubmed,2026,eligible,rules,True,True,True,10.1016/j.ultras.2025.107834,Modified UNet-enhanced ultrasonic superb microvascular imaging feature extraction and grading of carpal tunnel syndrome.
41030212,pubmed,2026,excluded_review,item_type,,,,10.1002/adma.202512719,Hydrogel-Based ROS-Regulating Strategy: Reprogramming the Oxidative Stress Imbalance in Advanced Diabetic Wound Repair.
41027340,pubmed,2025,eligible,rules,True,True,True,10.1016/j.compbiomed.2025.111114,Non-invasive tidal volume estimation with wearable sensors using a high-gain observer and deep learning.
41026792,pubmed,2025,excluded_ii_not_human_health,rules,True,False,False,10.1016/j.onehlt.2023.100583,"Local drivers of Rift Valley fever outbreaks in Mauritania: A one health approach combining ecological, vector, host and livestock movement data."
41021932,pubmed,2026,excluded_i_no_spacetime_structure,rules,False,True,True,10.1109/tmi.2025.3615574,End-to-End Spatiotemporal Analysis of Color Doppler Echocardiograms: Application for Rheumatic Heart Disease Detection.
41018765,pubmed,2025,excluded_iii_no_quantitative_comparison,rules,True,True,False,10.1007/s11869-010-0082-7,Spatio-temporal distribution of influencing factors of cardiovascular disease in the United States.
41014302,pubmed,2025,excluded_iii_no_quantitative_comparison,rules,True,True,False,10.1113/jp286639,st-DenseViT: A Weakly Supervised Spatiotemporal Vision Transformer for Dense Prediction of Dynamic Brain Networks.
41013081,pubmed,2025,excluded_ii_not_human_health,rules,True,False,True,10.1002/rob.22567,STFTransNet: A Transformer Based Spatial Temporal Fusion Network for Enhanced Multimodal Driver Inattention State Recognition System.
41006465,pubmed,2025,excluded_ii_not_human_health,rules,True,False,True,10.1038/s41467-023-42664-x,Fault diagnosis of rolling bearing failures using a multi-stage e-CNN-GRU-SAM network.
41005259,pubmed,2026,eligible,rules,True,True,True,10.1016/j.media.2025.103815,GraSTI-ACL: Graph spatial-temporal infomax with adversarial contrastive learning for brain disorders diagnosis based on resting-state fMRI.
41005243,pubmed,2026,excluded_ii_not_human_health,rules,True,False,True,10.1016/j.marpolbul.2025.118753,Multi-parameter prediction of seawater quality based on dynamic spatio-temporal relationship network.
41004476,pubmed,2025,excluded_review,item_type,,,,10.1080/21691401.2025.2562828,Utilizing cues from developmental neurogenesis and gliogenesis for better in vitro brain models.
41003951,pubmed,2025,excluded_review,item_type,,,,10.1080/13658816.2024.2400260,Harnessing Geospatial Artificial Intelligence (GeoAI) for Environmental Epidemiology: A Narrative Review.
40999054,pubmed,2025,excluded_ii_not_human_health,rules,True,False,True,10.1109/tim.2021.3076835,"A modified transformer based on adaptive frequency enhanced attention, large kernel convolution, and multiscale implementation for bearing fault diagnosis."
40997388,pubmed,2025,excluded_ii_not_human_health,rules,True,False,True,10.1016/j.scitotenv.2025.180535,Aerosol optical depth retrieval from Geostationary Environment Monitoring Spectrometer (GEMS): Advancing the first hyperspectral geostationary air quality mission using deep learning.
40994894,pubmed,2025,excluded_iii_no_quantitative_comparison,rules,True,True,False,10.1016/j.procs.2025.04.381,EyeMap: A fusion-based method for eye movement-based visual attention maps as predictive markers of parkinsonism.
40993360,pubmed,2026,excluded_iii_no_quantitative_comparison,rules,True,True,False,10.1002/widm.1379,Automated detection of neonatal pulmonary hypertension in echocardiograms with a deep learning model.
40993167,pubmed,2025,excluded_ii_not_human_health,rules,True,False,True,10.1016/j.ecolind.2022.109813,Urban heat island dynamics in Rawalpindi: a 30-year remote sensing analysis and future projections.
40991591,pubmed,2025,excluded_iii_no_quantitative_comparison,rules,True,True,False,10.1109/tnsre.2025.3613967,Skeleton-Based Continuous Scale Parkinsonian Gait Score Estimation Using Omni-Dimensional Self-Attention Convolution Networks.
40989353,pubmed,2025,eligible,rules,True,True,True,10.1088/1742-6596/1827/1/012140,Lightweight graph convolutional network with multi-attention mechanisms for intelligent action recognition in online physical education.
40987314,pubmed,2025,eligible,rules,True,True,True,10.1088/1361-6560/ae0aaf,Improved pharmacokinetic parameter estimation from DCE-MRI via spatial-temporal information-driven unsupervised learning.
40979536,pubmed,2025,excluded_review,item_type,,,,10.1109/tbcas.2019.2959160,Advances in HD-EMG interfaces and spatial algorithms for upper limb prosthetic control.
40976044,pubmed,2026,excluded_iii_no_quantitative_comparison,rules,True,True,False,10.1016/j.marpolbul.2025.118649,Advanced deep learning strategies for detection and quantification of macroplastics in rivers along the Peruvian coast.
40972406,pubmed,2025,eligible,rules,True,True,True,10.1016/j.artmed.2025.103276,The interpretable deep learning framework and validation for seizure detection in pediatric electroencephalography: An improved accuracy and performance analysis.
40969689,pubmed,2025,excluded_ii_not_human_health,rules,True,False,True,10.6084/m9.figshare.c.8014972,A novel spatiotemporal model with advanced feature extraction and unified brain network for depression detection using electroencephalogram signals.
40949827,pubmed,2025,eligible,rules,True,True,True,10.1038/s41698-025-00917-6,Design of an iterative hybrid multimodal deep learning method for early skin disease detection with cross-attention and graph-based fusions.
40942776,pubmed,2025,excluded_ii_not_human_health,rules,True,False,True,10.1016/j.aei.2023.102143,FDBRP: A Data-Model Co-Optimization Framework Towards Higher-Accuracy Bearing RUL Prediction.
40942759,pubmed,2025,excluded_ii_not_human_health,rules,True,False,True,10.1109/jstars.2023.3285905,GICEDCam: A Geospatial Internet of Things Framework for Complex Event Detection in Camera Streams.
40942726,pubmed,2025,excluded_ii_not_human_health,rules,True,False,True,10.1016/j.rse.2007.03.001,Spatio-Temporal Gap Filling of Sentinel-2 NDI45 Data Using a Variance-Weighted Kalman Filter and LSTM Ensemble.
40942692,pubmed,2025,eligible,rules,True,True,True,10.1016/j.bspc.2024.105975,Differential Absorbance and PPG-Based Non-Invasive Blood Glucose Measurement Using Spatiotemporal Multimodal Fused LSTM Model.
40941415,pubmed,2025,excluded_ii_not_human_health,rules,True,False,False,10.2527/jas.2016-0392,A Study on Light Preference in Gilts via Behavioral Pattern Analysis.
40939590,pubmed,2025,excluded_iii_no_quantitative_comparison,rules,True,True,False,10.1016/j.ccell.2025.08.006,Protein-based classification reveals an immune-hot subtype in IDH mutant astrocytoma with worse prognosis.
40939309,pubmed,2025,excluded_ii_not_human_health,rules,True,False,True,10.1016/j.ecoenv.2025.119003,Enhanced spatiotemporal mapping of urban wetland microplastics: An interpretable CNN-GRU approach using satellite imagery and limited samples.
40933365,pubmed,2025,excluded_review,item_type,,,,10.1007/s11263-025-02493-5,AI-based satellite survey offers independent assessment of migratory wildebeest numbers in the Serengeti.
40930287,pubmed,2025,eligible,rules,True,True,True,10.1016/j.jneumeth.2025.110565,Deep feature extraction and swarm-optimized enhanced extreme learning machine for motor imagery recognition in stroke patients.
40928912,pubmed,2025,eligible,rules,True,True,True,10.1109/jbhi.2025.3607766,Enhancing Automated Seizure Detection via Self-Calibrating Spatial-Temporal EEG Features with SC-LSTM.
40924525,pubmed,2025,eligible,rules,True,True,True,10.1109/tnsre.2025.3607757,Static Force Prediction: Comparative Analysis and Fusion Strategies Between Surface Electromyography and Electrical Impedance Myography.
40920893,pubmed,2025,excluded_iii_no_quantitative_comparison,rules,True,True,False,10.21105/joss.03021,"Rapid label-free identification of seven bacterial species using microfluidics, single-cell time-lapse phase-contrast microscopy, and deep learning-based image and video classification."
40917150,pubmed,2025,eligible,rules,True,True,True,10.1016/j.jelectrocard.2024.01.004,Optimized multi-stage network with multi-dimensional spatiotemporal interactions for septal and apical hypertrophic cardiomyopathy classification using 12-lead ECGs.
40917146,pubmed,2025,excluded_iii_no_quantitative_comparison,rules,True,True,False,10.1016/j.neunet.2020.01.027,Abnormal theta- and gamma-band cortical activities during visuospatial attention in idiopathic REM sleep behavior disorder patients.
40915095,pubmed,2025,eligible,rules,True,True,True,10.1016/j.cmpb.2025.109048,MPTN: A video-based multi-point tracking network for atrioventricular junction detection and tracking in cardiovascular magnetic resonance imaging.
40911464,pubmed,2026,excluded_i_no_spacetime_structure,rules,False,True,False,10.1109/tmi.2025.3606660,J-Score: Joint Distribution Learning With Score-Based Diffusion for Accelerating T1ρ Mapping.
40903968,pubmed,2026,excluded_i_no_spacetime_structure,rules,False,True,True,10.4103/nrr.nrr-d-25-00217,"Technical system of electroencephalography-based brain-computer interface: Advances, applications, and challenges."
40903369,pubmed,2026,excluded_iii_no_quantitative_comparison,rules,True,True,False,10.1016/j.gaitpost.2025.08.079,From resting-state to movement: The role of cortical networks in parkinsonian gait.
40902048,pubmed,2026,eligible,rules,True,True,True,10.1109/tbme.2025.3605790,Self-Supervised Learning With Adaptive Graph Modeling for EEG-Based Epileptic Seizure Classification.
40901245,pubmed,2025,eligible,rules,True,True,True,10.1007/s00371-021-02283-3,A two-phase hybrid clustering framework exploring transitional activities in HAR.
40900399,pubmed,2025,eligible,rules,True,True,True,10.1186/s41747-023-00388-z,Multi-task deep learning for automatic image segmentation and treatment response assessment in metastatic ovarian cancer.
40894111,pubmed,2024,excluded_iii_no_quantitative_comparison,rules,True,True,False,10.1109/ius54386.2022.9957795,A physics-informed neural network approach for determining spatially varying arterial stiffness using ultrasound imaging: Finite Difference simulation and experimental plaque phantom validation.
40889324,pubmed,2025,excluded_i_no_spacetime_structure,rules,False,True,False,10.1109/jbhi.2025.3604448,Automated Pediatric Delirium Recognition via Deep Learning-Powered Video Analysis.
40889242,pubmed,2025,excluded_non_research,item_type,,,,10.3791/69052,Classroom Behavior Recognition via Transformer and Attention Mechanism: Application in Teaching Quality Evaluation for AI Medical Education.
40885781,pubmed,2025,eligible,rules,True,True,True,10.1038/s41598-025-17256-y,A model for epileptic EEG detection and recognition based on Multi-Attention mechanism and Spatiotemporal.
40879746,pubmed,2025,excluded_review,item_type,,,,10.1038/s41588-022-01232-7,Deep learning in chromatin organization: from super-resolution microscopy to clinical applications.
40881229,pubmed,2025,excluded_review,item_type,,,,10.1016/j.neuron.2021.05.006,Progress in spatiotemporal regulation of fear memory: neural circuit mechanisms and implications for PTSD.
40881170,pubmed,2025,excluded_review,item_type,,,,10.1038/s43018-024-00823-z,Machine learning tools for deciphering the regulatory logic of enhancers in health and disease.
40871851,pubmed,2025,excluded_ii_not_human_health,rules,True,False,True,10.3389/fnins.2023.1301214,Integrating Cortical Source Reconstruction and Adversarial Learning for EEG Classification.
40871756,pubmed,2025,excluded_ii_not_human_health,rules,True,False,True,10.1016/j.knosys.2024.112258,EdgeVidCap: A Channel-Spatial Dual-Branch Lightweight Video Captioning Model for IoT Edge Cameras.
40874843,pubmed,2025,excluded_ii_not_human_health,rules,True,False,True,10.1016/s0003-3472(84)80235-3,"DeePosit, an AI-based tool for detecting mouse urine and fecal depositions from thermal video clips of behavioral experiments."
40863957,pubmed,2025,excluded_ii_not_human_health,rules,True,False,True,10.5194/acp-22-6773-2022,Spatial-Temporal Forecasting of Air Pollution in Saudi Arabian Cities Based on a Deep Learning Framework Enabled by AI.
40867070,pubmed,2025,excluded_iii_no_quantitative_comparison,rules,True,True,False,10.1002/advs.202504956,Spatiotemporal Characterization of the Functional MRI Latency Structure with Respect to Neural Signaling and Brain Hierarchy.
40865420,pubmed,2025,excluded_iii_no_quantitative_comparison,rules,True,True,False,10.1016/j.compmedimag.2025.102622,SSIFNet: Spatial-temporal stereo information fusion network for self-supervised surgical video inpainting.
40854897,pubmed,2025,excluded_iii_no_quantitative_comparison,rules,True,True,False,10.17605/osf.io/26sgq,Single-neuron datasets for linguistic and semantic processing in the human amygdala and hippocampus.
40849566,pubmed,2025,eligible,rules,True,True,True,10.1109/mcomstd.2025.3573063,"Hybrid deep learning-enabled framework for enhancing security, data integrity, and operational performance in Healthcare Internet of Things (H-IoT) environments."
40846738,pubmed,2025,excluded_ii_not_human_health,rules,True,False,True,10.1038/srep23773,Time series forecasting of chlorophyll-a concentrations in the Chesapeake Bay.
40845027,pubmed,2025,excluded_ii_not_human_health,rules,True,False,True,10.1145/3219819.3219890,DSTF-GKAN: A lightweight spatiotemporal fusion framework for real-time eavesdropping detection in dynamic smart grid networks.
40844953,pubmed,2025,eligible,rules,True,True,True,10.1109/jbhi.2025.3601658,NeuroFormer: A Deep Learning Framework for Alzheimer's Detection Using EEG Signals.
40843108,pubmed,2025,eligible,rules,True,True,True,10.1109/access.2020.2971064,Motor imagery EEG classification method using 3D CNN and LSTM for rehabilitation application.
40838929,pubmed,2025,excluded_iii_no_quantitative_comparison,rules,True,True,False,10.1021/acs.analchem.5c02827,Time-Correlated Raman Spectroscopy (TCRS): Enhancing Single-Cell Bacterial Detection through Temporal Variation Analysis.
40834883,pubmed,2025,eligible,rules,True,True,True,10.1088/1361-6579/adfda9,Improved state refinement for LSTM determined 3D CAISR-LSTM model for automatic myocardial infarction detection.
40834557,pubmed,2025,excluded_iii_no_quantitative_comparison,rules,True,True,False,10.1016/j.cmpb.2025.109008,Unveiling multi-domain signatures of EEG oscillations using a fully-interpretable convolutional neural network.
40819395,pubmed,2025,excluded_ii_not_human_health,rules,True,False,True,10.1016/j.scitotenv.2025.180233,Toward transparent groundwater contamination risk forecasting: Integrating causal discovery and Bayesian graph neural networks.
40818779,pubmed,2025,excluded_ii_not_human_health,rules,False,False,True,10.1016/j.jneumeth.2025.110555,A novel ANN-based classification of spike-wave activity in 24-hour EEG recordings in rats using spectrograms: Spike-Wave Discharge Artificial Neural Network (SWAN).
40818205,pubmed,2025,eligible,rules,True,True,True,10.1016/j.compbiomed.2025.110813,Spatio-temporal deep learning with temporal attention for indeterminate lung nodule classification.
40816670,pubmed,2025,excluded_i_no_spacetime_structure,rules,False,True,False,10.1016/j.actatropica.2025.107783,Identification of malaria vulnerable zones in North East Region of India: Spatiotemporal assessment through geographical information system and self-organizing maps.
40816373,pubmed,2025,excluded_review,item_type,,,,10.1016/j.ipej.2025.08.005,"Catheter ablation of atrial fibrillation: time to look beyond iterative pulmonary vein isolation only and ""one-size-fits-all"" strategies."
40810848,pubmed,2025,eligible,rules,True,True,True,10.1186/s13244-021-01031-4,A novel hybrid convolutional and recurrent neural network model for automatic pituitary adenoma classification using dynamic contrast-enhanced MRI.
40804725,pubmed,2025,eligible,rules,True,True,True,10.1007/s10586-023-04221-5,Predicting depression risk in middle-aged and elderly adults in China using CNN-BiLSTM-Attention mechanism and LSTM+SHAP framework.
40800966,pubmed,2025,eligible,rules,True,True,True,10.1016/j.neuroimage.2022.119418,Predicting task-related brain activity from resting-state brain dynamics with fMRI Transformer.
40800688,pubmed,2025,eligible,rules,True,True,True,10.13026/c2k01r,Adaptive multi-scale phase-aware fusion network for EEG seizure recognition.
40789828,pubmed,2026,eligible,rules,True,True,True,10.1002/med4.62,Diffusion Model-Based Multi-Channel EEG Representation and Forecasting for Early Epileptic Seizure Warning.
40781790,pubmed,2025,excluded_iii_no_quantitative_comparison,rules,True,True,False,10.1002/mp.18016,Spatial-temporal cascaded network for dynamic [11C]acetate cardiac PET parametric images generation based on one-tissue compartment model.
40770511,pubmed,2025,eligible,rules,True,True,True,10.1007/s11701-020-01057-8,Automated surgical workflow recognition in privacy-preserving depth videos of the operating room.
40770483,pubmed,2025,excluded_ii_not_human_health,rules,False,False,False,10.1038/s41598-025-14808-0,An attack detection method based on deep learning for internet of things.
40770019,pubmed,2025,excluded_ii_not_human_health,rules,True,False,True,10.2495/eiv4n4-375-387,Machine learningdriven framework for realtime air quality assessment and predictive environmental health risk mapping.
40764518,pubmed,2025,eligible,rules,True,True,True,10.7910/dvn/bt45y9,Pyramidal attention-based T network for brain tumor classification: a comprehensive analysis of transfer learning approaches for clinically reliable and reliable AI hybrid approaches.
40763060,pubmed,2025,eligible,rules,True,True,True,10.1109/tnsre.2025.3595906,Integration of Spatiotemporal Dynamics and Structural Connectivity for Automated Epileptogenic Zone Localization in Temporal Lobe Epilepsy.
40758568,pubmed,2025,excluded_non_research,item_type,,,,10.3791/68664,Segmentation of the Left Atrium in Cardiovascular Magnetic Resonance Images of Patients with Myocarditis.
40747503,pubmed,2025,eligible,rules,True,True,True,10.20372/ejhd.v37i2.6120,"Spatial Epidemiology of Clinical Forms of Cutaneous Leishmaniasis and Treatment Practice: Evidence from Leishmaniasis Research and Treatment Center, Northwest Ethiopia."
40740280,pubmed,2025,excluded_ii_not_human_health,rules,True,False,False,10.15252/embr.201642800,Dynamic mapping of network-level LTP in the hippocampus via high-resolution bioelectrical sensing.
40737273,pubmed,2025,excluded_ii_not_human_health,rules,True,False,True,10.1007/s00500-020-04954-0,STGATN: A novel spatiotemporal graph attention network for predicting pollutant concentrations at multiple stations.
40732598,pubmed,2025,eligible,rules,True,True,True,10.1016/j.gaitpost.2021.11.009,Extraction of Clinically Relevant Temporal Gait Parameters from IMU Sensors Mimicking the Use of Smartphones.
40732522,pubmed,2025,eligible,rules,True,True,True,10.1016/s0268-0033(98)00012-6,Determination of Spatiotemporal Gait Parameters Using a Smartphone's IMU in the Pocket: Threshold-Based and Deep Learning Approaches.
40730280,pubmed,2025,excluded_iii_no_quantitative_comparison,rules,True,True,False,10.1016/j.brs.2025.07.016,Transcranial magnetic vs intracranial electric stimulation: a direct comparison of their effects via scalp EEG recordings.
40729719,pubmed,2025,eligible,rules,True,True,True,10.1109/jbhi.2025.3593638,MalNet-DAF: Dual-Attentive Fusion Deep Learning Model for Malaria Parasite Classification.
40718595,pubmed,2025,eligible,rules,True,True,True,10.1016/j.cmpb.2023.107349,Novel EEG-based diagnostic framework for Major Depressive Disorder using microstate and entropy features.
40711900,pubmed,2025,eligible,rules,True,True,True,10.1109/jbhi.2025.3592957,MSTG-Transformer: Multivariate Spatial-Temporal Gated Transformer Model for 3D Skeleton Data-based Fall Risk Prediction.
40708205,pubmed,2025,eligible,rules,True,True,True,10.1002/ccd.70041,Convolutional Neural Network Fused With Recurrent Network for ECG-Based Detection of Hypertrophic Cardiomyopathy.
40707589,pubmed,2025,excluded_ii_not_human_health,rules,True,False,True,10.3390/math12132048,A holistic air monitoring dataset with complaints and POIs for anomaly detection and interpretability tracing.
40706732,pubmed,2026,excluded_i_no_spacetime_structure,rules,False,True,True,10.48550/arxiv.1802.04865,Multicenter Validation of Video-based Deep Learning to Evaluate Defecation Patterns on 3-dimensional High-definition Anorectal Manometry.
40692698,pubmed,2025,eligible,rules,True,True,True,10.1007/s10803-021-05179-2,DASD- diagnosing autism spectrum disorder based on stereotypical hand-flapping movements using multi-stream neural networks and attention mechanisms.
40669742,pubmed,2025,excluded_ii_not_human_health,rules,True,False,True,10.1016/j.envres.2025.122366,Unraveling long-term health dynamics of impounded lakes integrating water diversion-adapted planktonic index of biotic integrity and machine learning.
40669118,pubmed,2025,excluded_iii_no_quantitative_comparison,rules,True,True,False,10.1016/j.compmedimag.2025.102604,Capturing action triplet correlations for accurate surgical activity recognition.
40660654,pubmed,2025,eligible,rules,True,True,True,10.1016/j.neunet.2025.107835,Multimodal prediction of catheter ablation outcomes in patients with persistent atrial fibrillation.
40648424,pubmed,2025,eligible,rules,True,True,True,10.1016/j.cden.2016.02.004,Real-Time Hand Gesture Recognition in Clinical Settings: A Low-Power FMCW Radar Integrated Sensor System with Multiple Feature Fusion.
40648318,pubmed,2025,eligible,rules,True,True,True,10.1152/japplphysiol.00570.2021,Attention-Enhanced CNN-LSTM Model for Exercise Oxygen Consumption Prediction with Multi-Source Temporal Features.
40644373,pubmed,2025,excluded_ii_not_human_health,rules,True,False,False,10.1007/s11053-022-10051-w,Multi-dimensional water quality indicators forecasting from IoT sensors: A tensor decomposition and multi-head self-attention mechanism.
40634286,pubmed,2025,excluded_iii_no_quantitative_comparison,rules,True,True,False,10.1038/s41467-025-61316-w,Early developmental origins of cortical disorders modeled in human neural stem cells.
40628151,pubmed,2025,excluded_iii_no_quantitative_comparison,rules,True,True,False,10.1016/j.cmpb.2025.108923,Combined model-driven and dual-cycle interactive strategy few-shot learning scheme for predicting breast cancer molecular subtypes based on DCE-MRI.
40628146,pubmed,2025,eligible,rules,True,True,True,10.1016/j.gaitpost.2025.06.024,Recognition of Parkinson disease using Kriging Empirical Mode Decomposition via deep learning techniques.
40627810,pubmed,2025,excluded_i_no_spacetime_structure,rules,False,True,False,10.1021/acsnano.5c04309,Deep Learning-Enhanced Hand-Driven Spatial Encoding Microfluidics for Multiplexed Molecular Testing at Home.
40626266,pubmed,2025,eligible,rules,True,True,True,10.51866/cr.370,CnnBoost: a multilevel explainable stacked ensemble framework for effective detection of Myocardial Infarction from 12-lead ECG images using a transformational approach.
40621096,pubmed,2025,eligible,rules,True,True,True,10.48550/arxiv.1511.03677,Insights into gait performance in Parkinson's disease via latent features of deep graph neural networks.
40620110,pubmed,2025,excluded_i_no_spacetime_structure,rules,False,True,True,10.1002/dneu.22983,An Efficient Deep Learning Framework for Automated Epileptic Seizure Detection: Toward Scalable and Clinically Applicable Solutions.
40619773,pubmed,2025,excluded_ii_not_human_health,rules,True,False,True,10.1002/smll.202506100,Constructing a Complex Hybrid Neural Network for Biomimetic Spatial and Temporal Perception.
40614517,pubmed,2025,eligible,rules,True,True,True,10.1016/j.compbiomed.2025.110655,Efficient sleep apnea detection using single-lead ECG: A CNN-Transformer-LSTM approach.
40612382,pubmed,2025,eligible,rules,True,True,True,10.3389/fncom.2023.1038636,Biologically inspired hybrid model for Alzheimer's disease classification using structural MRI in the ADNI dataset.
40609496,pubmed,2025,excluded_iii_no_quantitative_comparison,rules,True,True,False,10.1016/j.compmedimag.2025.102598,Self-supervised suppression of MRI cardiac device artifacts based on multi-instance contrastive learning and anisotropic spatiotemporal transformer.
40596418,pubmed,2025,excluded_iii_no_quantitative_comparison,rules,True,True,False,10.1016/j.cmpb.2021.106542,A novel ST-GCN model based on homologous microstate for subject-independent seizure prediction.
40595827,pubmed,2025,excluded_ii_not_human_health,rules,False,False,False,10.1016/j.compbiomed.2024.109569,Multi-source data fusion-based knowledge transfer for unmanned aerial vehicle flight data anomaly detection and recovery.
40595746,pubmed,2025,excluded_ii_not_human_health,rules,True,False,True,10.1109/tpami.2020.2983686,Improved convolutional neural network for precise exercise posture recognition and intelligent health indicator prediction.
40595390,pubmed,2025,excluded_ii_not_human_health,rules,True,False,True,10.1016/j.jeem.2017.04.001,High-accuracy PM2.5 prediction via mutual information filtering and Bayesian-Optimized Spatio-Temporal Convolutional Networks.
40595157,pubmed,2025,excluded_ii_not_human_health,rules,True,False,True,10.1016/j.jclepro.2022.132179,PM2.5 concentration 7-day prediction in the Beijing-Tianjin-Hebei region using a novel stacking framework.
40594203,pubmed,2025,excluded_iii_no_quantitative_comparison,rules,True,True,False,10.1016/j.tins.2018.04.004,STIED: a deep learning model for the spatiotemporal detection of focal interictal epileptiform discharges with MEG.
40594048,pubmed,2025,excluded_ii_not_human_health,rules,True,False,True,10.1016/j.jclepro.2024.143542,Fusing satellite imagery and ground-based observations for PM2.5 air pollution modeling in Iran using a deep learning approach.
40593051,pubmed,2025,eligible,rules,True,True,True,10.1109/78.650093,Cuff-less blood pressure monitoring via PPG signals using a hybrid CNN-BiLSTM deep learning model with attention mechanism.
40589855,pubmed,2025,eligible,rules,True,True,True,10.1109/taffc.2020.2994159,CNN-BiLSTM and DC-IGN fusion model and piecewise exponential attenuation optimization: an innovative approach to improve EEG emotion recognition performance.
40584836,pubmed,2025,eligible,rules,True,True,True,10.1002/advs.202413702:e2413702,Development and validation of an MRI spatiotemporal interaction model for early noninvasive prediction of neoadjuvant chemotherapy response in breast cancer: a multicentre study.
40578292,pubmed,2025,eligible,rules,True,True,True,10.1016/j.clinbiomech.2025.106599,Enhancing tremor classification: Transformer-based analysis of biomechanics patterns for Parkinson's and essential tremor.
40573580,pubmed,2025,excluded_ii_not_human_health,rules,True,False,True,10.35940/ijitee.j9973.0881019,X-FuseRLSTM: A Cross-Domain Explainable Intrusion Detection Framework in IoT Using the Attention-Guided Dual-Path Feature Fusion and Residual LSTM.
40573496,pubmed,2025,eligible,rules,True,True,True,10.3390/app15094920,Unobtrusive Sleep Posture Detection Using a Smart Bed Mattress with Optimally Distributed Triaxial Accelerometer Array and Parallel Convolutional Spatiotemporal Network.
40570079,pubmed,2025,eligible,rules,True,True,True,10.1109/tcds.2020.3012278,A novel dual-branch network for comprehensive spatiotemporal information integration for EEG-based epileptic seizure detection.
40569808,pubmed,2025,eligible,rules,True,True,True,10.1109/tnsre.2025.3583303,Comparative Learning for Cross-Subject Finger Movement Recognition in Three Arm Postures via Data Glove.
40567719,pubmed,2025,eligible,rules,True,True,True,10.5535/arm.20071,Vision-based approach to knee osteoarthritis and Parkinson's disease detection utilizing human gait patterns.
40567653,pubmed,2025,eligible,rules,True,True,True,10.1109/tcyb.2023.3344641,Epileptic seizures diagnosis and prognosis from EEG signals using heterogeneous graph neural network.
40564769,pubmed,2025,eligible,rules,True,True,True,10.1007/s11042-024-18579-0,Alzheimer's Disease Prediction Using Fisher Mantis Optimization and Hybrid Deep Learning Models.
40564457,pubmed,2025,eligible,rules,True,True,True,10.1016/j.jneumeth.2003.10.009,A CNN-Transformer Fusion Model for Proactive Detection of Schizophrenia Relapse from EEG Signals.
40564400,pubmed,2025,eligible,rules,True,True,True,10.1016/j.parkreldis.2020.08.001,A Hybrid Convolutional-Transformer Approach for Accurate Electroencephalography (EEG)-Based Parkinson's Disease Detection.
40555075,pubmed,2025,excluded_iii_no_quantitative_comparison,rules,True,True,False,10.1016/j.artmed.2025.103189,An anxiety screening framework integrating multimodal data and graph node correlation.
40551773,pubmed,2025,excluded_ii_not_human_health,rules,True,False,False,10.1007/978-3-031-72983-6_18,Deep learning-based time series prediction for precision field crop protection.
40541235,pubmed,2025,excluded_iii_no_quantitative_comparison,rules,True,True,False,10.1088/1741-2552/ade6a9,Deep learning on high-density EEG during a cognitive task distinguishes patients with Parkinson's disease from healthy controls.
40539353,pubmed,2025,eligible,rules,True,True,True,10.1016/j.jrras.2023.100782,RESIGN: Alzheimer's Disease Detection Using Hybrid Deep Learning based Res-Inception Seg Network.
40538965,pubmed,2025,excluded_iii_no_quantitative_comparison,rules,True,True,False,10.34133/cbsystems.0293,Enhancing Attention Network Spatiotemporal Dynamics for Motor Rehabilitation in Parkinson's Disease.
40535428,pubmed,2025,excluded_ii_not_human_health,rules,True,False,False,10.1016/j.technovation.2024.102975,Development of deep learning models for high-resolution exposome mapping and health impact assessment.
40527715,pubmed,2025,excluded_iii_no_quantitative_comparison,rules,True,True,False,10.1016/j.ard.2025.04.009,"Spatiotemporal distributions and regional disparities of rheumatoid arthritis in 953 global to local locations, 1980-2040, with deep learning-empowered forecasts and evaluation of interventional policies' benefits."
40520474,pubmed,2025,eligible,rules,True,True,True,10.48550/arxiv.2302.01921,A Hybrid Deep Learning-Based Approach for Visual Field Test Forecasting.
40519596,pubmed,2025,excluded_ii_not_human_health,rules,True,False,True,10.1016/j.compag.2023.107967,Comprehensive plant health monitoring: expert-level assessment with spatio-temporal image data.
40514862,pubmed,2024,excluded_ii_not_human_health,rules,True,False,True,10.1364/oe.533540,Intelligent classification of water bodies with different turbidity levels based on Gaofen-1 multispectral imagery.
40510423,pubmed,2025,excluded_ii_not_human_health,rules,True,False,False,10.1186/1465-9921-12-72,Deep learning-based action recognition for analyzing drug-induced bone remodeling mechanisms.
40501876,pubmed,2025,eligible,rules,True,True,True,10.1101/2025.05.31.657189,Power-to-power cross-frequency coupling as a novel approach for temporal lobe seizure detection and analysis.
40499044,pubmed,2025,excluded_i_no_spacetime_structure,rules,False,True,True,10.1021/acsnano.5c01376,Split DNA Tetrahedron-Mediated Spatiotemporal-Hierarchy CRISPR Cascade Integrated with Au@Pt Nanolabels and Artificial Intelligence for a Cervical Cancer MicroRNA Bioassay.
40498796,pubmed,2025,excluded_ii_not_human_health,rules,True,False,False,10.1109/tase.2021.3073396,Cloud-edge collaborative data anomaly detection in industrial sensor networks.
40490093,pubmed,2025,excluded_iii_no_quantitative_comparison,rules,True,True,False,10.1016/j.neuroimage.2025.121316,Spatiotemporal dynamics of reading Kana (syllabograms) and Kanji (morphograms).
40472864,pubmed,2025,excluded_iii_no_quantitative_comparison,rules,True,True,False,10.1088/1361-6560/ade195,High-definition motion-resolved MRI using 3D radial kooshball acquisition and deep learning spatial-temporal 4D reconstruction.
40471519,pubmed,2026,eligible,rules,True,True,True,10.1002/nbm.3805,Automated Brain Tumor Classification and Grading Using Multi-scale Graph Neural Network with Spatio-Temporal Transformer Attention Through MRI Scans.
40469203,pubmed,2025,eligible,rules,True,True,True,10.1109/iccv.2015.123,Deep learning-based temporal MR image reconstruction for accelerated interventional imaging during in-bore biopsies.
40460774,pubmed,2025,excluded_ii_not_human_health,rules,True,False,True,10.1016/j.ecoenv.2025.118442,Blockchain-secured IoT-federated learning for industrial air pollution monitoring: A mechanistic approach to exposure prediction and environmental safety.
40444765,pubmed,2025,eligible,rules,True,True,True,10.1177/03913988251341756,Cardiac signal classification leveraging spectral optimization with ChebWave and deep blue particle filtering.
40443518,pubmed,2025,eligible,rules,True,True,True,10.1109/iccv.2017.74,DualDistill: a dual-guided self-distillation approach for carotid plaque analysis.
40438741,pubmed,2025,excluded_ii_not_human_health,rules,True,False,True,10.3389/fpls.2024.1435016,Deep learning-based anomaly detection for precision field crop protection.
40437839,pubmed,2026,eligible,rules,True,True,True,10.1111/jav.02819,Epidemiological Dynamics of a Visually Apparent Disease: Camera Trapping and Machine-Learning Applied to Rumpwear in the Common Brushtail Possum.
40434859,pubmed,2025,eligible,rules,True,True,True,10.1109/jbhi.2025.3574566,Multi-Scale Spatiotemporal Dynamic Graph Neural Network for Early Prediction of Mortality Risks in Heart Failure Patients.
40434852,pubmed,2025,eligible,rules,True,True,True,10.1109/tbme.2025.3574090,Deep Separable Spatiotemporal Learning for Fast Dynamic Cardiac MRI.
40428179,pubmed,2025,eligible,rules,True,True,True,10.48550/arxiv.2207.12148,Real-Time Coronary Artery Dominance Classification from Angiographic Images Using Advanced Deep Video Architectures.
40426681,pubmed,2025,eligible,rules,True,True,True,10.1186/s12911-024-02845-0,EEG-Based Seizure Detection Using Dual-Branch CNN-ViT Network Integrating Phase and Power Spectrograms.
40424811,pubmed,2025,excluded_iii_no_quantitative_comparison,rules,True,True,False,10.1016/j.jhazmat.2025.138701,Algal blooms outbreak mechanisms and proactive early warning approaches.
40423471,pubmed,2025,excluded_ii_not_human_health,rules,False,False,True,10.3390/rs14225841,Estimating PM2.5 Exposures and Cardiovascular Disease Risks in the Yangtze River Delta Region Using a Spatiotemporal Convolutional Approach to Fill Gaps in Satellite Data.
40421178,pubmed,2025,eligible,rules,True,True,True,10.1177/20552076251337848,Hybrid deep learning for IoT-based health monitoring with physiological event extraction.
40416329,pubmed,2025,excluded_iii_no_quantitative_comparison,rules,True,True,False,10.1109/42.796284,A personalized time-resolved 3D mesh generative model for unveiling normal heart dynamics.
40409035,pubmed,2025,eligible,rules,True,True,True,10.1016/j.compbiomed.2025.110359,Augmenting Common Spatial Patterns to deep learning networks for improved alcoholism detection using EEG signals.
40409021,pubmed,2025,excluded_ii_not_human_health,rules,True,False,True,10.1016/j.scitotenv.2025.179684,Deep learning-based forecasting of daily maximum ozone levels and assessment of socioeconomic and health impacts in South Korea.
40405112,pubmed,2025,excluded_ii_not_human_health,rules,True,False,True,10.1016/j.chaos.2024.114852,A novel framework for inferring dynamic infectious disease transmission with graph attention: a COVID-19 case study in Korea.
40403641,pubmed,2025,eligible,rules,True,True,True,10.1016/j.compbiomed.2025.110329,Myocardial Infarction Detection using Variational Mode Decomposition with Fuzzy Weight Particle Swarm Optimization and Depthwise Separable Convolutional Network.
40402701,pubmed,2025,eligible,rules,True,True,True,10.1109/jbhi.2025.3558170,NSSI-Net: A Multi-Concept GAN for Non-Suicidal Self-Injury Detection Using High-Dimensional EEG in a Semi-Supervised Framework.
40397645,pubmed,2025,excluded_i_no_spacetime_structure,rules,False,True,True,10.1109/tnsre.2025.3572109,Impact of Gait Parameters and Their Variability on Fall Risk Assessment Accuracy Using Wearable Sensor.
40395772,pubmed,2025,excluded_iii_no_quantitative_comparison,rules,True,True,False,10.34133/2022/9763284,Prognostic assessment of osteolytic lesions and mechanical properties of bones bearing breast cancer using neural network and finite element analysis☆.
40381454,pubmed,2025,eligible,rules,True,True,True,10.1016/j.jpsychires.2025.05.021,Edge-centric network reveals altered functional integration and dispersion in major depressive disorder.
40378677,pubmed,2025,excluded_iii_no_quantitative_comparison,rules,True,True,False,10.1016/j.jbiomech.2025.112738,Artificial intelligence-enhanced 3D gait analysis with a single consumer-grade camera.
40370635,pubmed,2025,eligible,rules,True,True,True,10.1002/admt.202000185,Medium density EMG armband for gesture recognition.
40367539,pubmed,2025,eligible,rules,True,True,True,10.1016/j.cmpb.2025.108843,UltrasOM: A mamba-based network for 3D freehand ultrasound reconstruction using optical flow.
40363359,pubmed,2025,eligible,rules,True,True,True,10.1109/tnsre.2020.2998123,A Novel 3D Approach with a CNN and Swin Transformer for Decoding EEG-Based Motor Imagery Classification.
40359960,pubmed,2025,eligible,rules,True,True,True,10.1016/j.pop.2016.04.013,Urbanisation and Lockdown Impact on Airborne Fungal Communities in Tropical Landscapes: A Comparative Study of Urban and Peri-Urban Environments.
40359740,pubmed,2025,excluded_ii_not_human_health,rules,True,False,True,10.1016/j.neunet.2025.107597,Knowledge-guided adaptive spatial-temporal graph contrastive learning framework: Regional crop diseases prediction based on electronic medical records.
40355495,pubmed,2025,eligible,rules,True,True,True,10.3390/app12094158,Automated seizure detection in epilepsy using a novel dynamic temporal-spatial graph attention network.
40344874,pubmed,2025,excluded_ii_not_human_health,rules,True,False,True,10.1016/j.envint.2025.109496,Low-cost video-based air quality estimation system using structured deep learning with selective state space modeling.
40343823,pubmed,2025,eligible,rules,True,True,True,10.1109/tnnls.2025.3564947,RSME: Respiration-Driven Synchronized Motion Estimator for Real-Time Thoracic 3-D CT Reconstruction Using Low-Rank Motion Fields and Dose-Free Surface Imaging.
40343821,pubmed,2025,excluded_review,item_type,,,,10.1109/jbhi.2025.3568778,How Deep is Your Guess? A Fresh Perspective on Deep Learning for Medical Time-Series Imputation.
40343818,pubmed,2025,eligible,rules,True,True,True,10.1109/jbhi.2025.3568624,MuST-GCN: Multiscale and Hybrid Spatial Temporal Graph Convolutional Network for Accurate Identification of Alcohol Abuse and Alcohol Dependence Within Alcohol Use Disorder.
40342862,pubmed,2025,excluded_iii_no_quantitative_comparison,rules,True,True,False,10.1186/1532-429x-16-s1-p34,Deep Learning Assisted Outer Volume Removal for Highly-Accelerated Real-Time Dynamic MRI.
40341221,pubmed,2025,excluded_ii_not_human_health,rules,True,False,False,10.1016/j.biocon.2020.108707,Impact of dual climatic and socioeconomic factors on global trends in infectious disease outbreaks.
40340144,pubmed,2025,excluded_ii_not_human_health,rules,True,False,True,10.1016/j.isatra.2025.05.010,Aeroengine remaining useful life prediction via integrating enhanced inverted transformer and spatiotemporal graph learning.
40339060,pubmed,2025,eligible,rules,True,True,True,10.1021/acs.est.4c11988,"Mapping Regional Meteorological Processes to Ozone Variability in the North China Plain and the Yangtze River Delta, China."
40325100,pubmed,2025,excluded_ii_not_human_health,rules,True,False,False,10.1016/j.image.2012.01.011,Deep Learning Image Compression Method Based On Efficient Channel-Time Attention Module.
40324320,pubmed,2025,eligible,rules,True,True,True,10.1016/j.media.2025.103600,ProtoASNet: Comprehensive evaluation and enhanced performance with uncertainty estimation for aortic stenosis classification in echocardiography.
40318257,pubmed,2025,excluded_i_no_spacetime_structure,rules,False,True,False,10.1212/wnl.0000000000011109,Deep learning-based EEG source imaging is robust under varying electrode configurations.
40316174,pubmed,2025,eligible,rules,True,True,True,10.1080/10976640701545073,Free-breathing single-beat exercise cardiovascular magnetic resonance with generative artificial intelligence for evaluation of volumetric and functional cardiac indices: A reproducibility study.
40306886,pubmed,2025,eligible,rules,True,True,True,10.1016/j.medengphy.2025.104336,Enhancing polyp classification: A comparative analysis of spatio-temporal techniques.
40302359,pubmed,2025,excluded_iii_no_quantitative_comparison,rules,True,True,False,10.3322/caac.21660,A Contrast-Enhanced Ultrasound Cine-Based Deep Learning Model for Predicting the Response of Advanced Hepatocellular Carcinoma to Hepatic Arterial Infusion Chemotherapy Combined With Systemic Therapies.
40299503,pubmed,2025,excluded_iii_no_quantitative_comparison,rules,True,True,False,10.1186/s13059-019-1663-x,Comprehensive Integrated Analysis Reveals the Spatiotemporal Microevolution of Cancer Cells in Patients with Bone-Metastatic Prostate Cancer.
40299263,pubmed,2025,eligible,rules,True,True,True,10.1109/tpami.2020.3021756,ConsisTNet: a spatio-temporal approach for consistent anatomical localization in endoscopic pituitary surgery.
40297359,pubmed,2025,eligible,rules,True,True,True,10.1145/3065386,Inertial sensor-based heel strike and energy expenditure prediction using a hybrid machine learning approach.
40292948,pubmed,2025,excluded_i_no_spacetime_structure,rules,False,True,False,10.3389/fphys.2022.1001060,AI-Powered Noninvasive Electrocardiographic Imaging Using the Priori-to-Attention Network (P2AN) for Wearable Health Monitoring.
40292817,pubmed,2025,excluded_iii_no_quantitative_comparison,rules,True,True,False,10.1109/tbme.2018.2843258,AI-Enhanced Detection of Heart Murmurs: Advancing Non-Invasive Cardiovascular Diagnostics.
40281992,pubmed,2025,excluded_ii_not_human_health,rules,True,False,True,10.1007/s11760-024-03341-8,A Lightweight Pig Aggressive Behavior Recognition Model by Effective Integration of Spatio-Temporal Features.
40274133,pubmed,2025,eligible,rules,True,True,True,10.1016/j.nbd.2025.106915,Unraveling Parkinson's disease motor subtypes: A deep learning approach based on spatiotemporal dynamics of EEG microstates.
40272658,pubmed,2025,excluded_iii_no_quantitative_comparison,rules,True,True,False,10.1136/bmj.k949,perfDSA: Automatic Perfusion Imaging in Cerebral Digital Subtraction Angiography.
40271204,pubmed,2025,excluded_iii_no_quantitative_comparison,rules,True,True,False,10.1038/s41746-024-01360-w,The promise and challenges of computer mouse trajectories in DMHIs - A feasibility study on pre-treatment dropout predictions.
40271202,pubmed,2025,excluded_iii_no_quantitative_comparison,rules,True,True,False,10.1117/1.jbo.24.7.071606,Deep-learning-enabled spatial frequency domain imaging of the spatiotemporal dynamics of skin physiology.
40263516,pubmed,2025,eligible,rules,True,True,True,10.1016/j.sysarc.2021.101991,Efficient human activity recognition on edge devices using DeepConv LSTM architectures.
40256415,pubmed,2025,excluded_ii_not_human_health,rules,True,False,True,10.1109/access.2025.3558706,Quad-tree Based Driver Classification using Deep Learning for Mild Cognitive Impairment Detection.
40252310,pubmed,2025,excluded_iii_no_quantitative_comparison,rules,True,True,False,10.3389/fnagi.2021.710735,Sequential patterning of dynamic brain states distinguish Parkinson's disease patients with mild cognitive impairments.
40252095,pubmed,2025,eligible,rules,True,True,True,10.1093/neuonc/noad160,Deep learning enhances reliability of dynamic contrast-enhanced MRI in diffuse gliomas: bypassing post-processing and providing uncertainty maps.
40251301,pubmed,2025,eligible,rules,True,True,True,10.48550/arxiv.1901.05335,Automated pain detection using facial expression in adult patients with a customized spatial temporal attention long short-term memory (STA-LSTM) network.
40248641,pubmed,2025,excluded_ii_not_human_health,rules,True,False,False,10.1080/24725579.2024.2398592,Multi-Source Data and Knowledge Fusion via Deep Learning for Dynamical Systems: Applications to Spatiotemporal Cardiac Modeling.
40236056,pubmed,2025,excluded_iii_no_quantitative_comparison,rules,True,True,False,10.1101/2025.03.29.646102,Targeting therapeutic nanoparticles to the glioblastoma resection margin by harnessing post-operative spatiotemporal blood-brain barrier disruption.
40233676,pubmed,2025,eligible,rules,True,True,True,10.1016/j.compbiomed.2025.110214,Multi-level feature fusion network for kidney disease detection.
40230557,pubmed,2025,excluded_ii_not_human_health,rules,True,False,True,10.3961/jpmph.20.094,Deep reinforced cognitive analytics algorithm (DRCAM): An advanced method to early detection of cognitive skill impairment using deep learning and reinforcement learning.
40215839,pubmed,2025,excluded_review,item_type,,,,10.1016/j.ejmp.2025.104978,Leveraging deep learning for improving parameter extraction from perfusion MR images: A narrative review.
40211025,pubmed,2025,eligible,rules,True,True,True,10.1152/jn.00440.2011,Neural models for detection and classification of brain states and transitions.
40208770,pubmed,2025,eligible,rules,True,True,True,10.1016/j.mri.2016.08.021,"Improved Spiral Projection MR Fingerprinting via Memory-Efficient Synergic Optimization of 3D Spiral Trajectory, Image Reconstruction and Parameter Estimation (SOTIP)."
40204818,pubmed,2025,excluded_i_no_spacetime_structure,rules,False,True,True,10.1109/jsen.2021.3059681,CHMMConvScaleNet: a hybrid convolutional neural network and continuous hidden Markov model with multi-scale features for sleep posture detection.
40203756,pubmed,2025,excluded_ii_not_human_health,rules,False,False,True,10.1016/j.jhazmat.2025.138206,Deep transfer learning for spatiotemporal mapping of PM2.5 nitrate across China: Addressing small data challenges in environmental machine learning.
40199777,pubmed,2025,excluded_ii_not_human_health,rules,True,False,False,10.1080/15481603.2016.1276705,A method for delineating traffic low emission control zone based on deep learning and multi-objective optimization.
40197845,pubmed,2025,eligible,rules,True,True,True,10.3390/brainsci13020248,Imaging-Based Molecular Characterization of Adult-Type Diffuse Glioma Using Diffusion and Perfusion MRI in Pre- and Post-Treatment Stage Considering Spatial and Temporal Heterogeneity.
40191032,pubmed,2025,eligible,rules,True,True,True,10.1038/s41531-024-00828-6,Integration of multimodal imaging data with machine learning for improved diagnosis and prognosis in neuroimaging.
40187087,pubmed,2025,excluded_ii_not_human_health,rules,True,False,False,10.1016/j.scitotenv.2025.179286,Traffic-related air pollution backcasting using convolutional neural network and long short-term memory approach.
40178397,pubmed,2025,eligible,rules,True,True,True,10.1148/ryct.240272,"Free-breathing, Highly Accelerated, Single-beat, Multisection Cardiac Cine MRI with Generative Artificial Intelligence."
40177596,pubmed,2025,excluded_iii_no_quantitative_comparison,rules,True,True,False,10.1016/s0140-6736(24)00367-2,"Age-sex-specific burden of urological cancers attributable to risk factors in China and its provinces, 1990-2021, and forecasts with scenarios simulation: a systematic analysis for the Global Burden of Disease Study 2021."
40170414,pubmed,2025,eligible,rules,True,True,True,10.1088/1361-6560/ab9452,"Imaging system for real-time, full-field pulse-by-pulse surface dosimetry of UHDR electron beams."
40153283,pubmed,2025,excluded_iii_no_quantitative_comparison,rules,True,True,False,10.1109/jbhi.2025.3555813,A Flexible Spatio-Temporal Architecture Design for Artifact Removal in EEG With Arbitrary Channel-Settings.
40150716,pubmed,2025,excluded_ii_not_human_health,rules,True,False,True,10.1016/j.sna.2024.115084,Non-Contact Blood Pressure Monitoring Using Radar Signals: A Dual-Stage Deep Learning Network.
40150695,pubmed,2025,excluded_i_no_spacetime_structure,rules,False,True,False,10.1016/j.mri.2024.110313,Qualitative and Quantitative Evaluation of a Deep Learning-Based Reconstruction for Accelerated Cardiac Cine Imaging.
40138935,pubmed,2025,excluded_ii_not_human_health,rules,True,False,True,10.1016/j.jenvman.2025.125095,Soil and crop interaction analysis for yield prediction with satellite imagery and deep learning techniques for the coastal regions.
40126022,pubmed,2025,excluded_ii_not_human_health,rules,True,False,False,10.1039/d5nh00040h,Motion image feature extraction through voltage modulated memory dynamics in an IGZO thin-film transistor.
40120102,pubmed,2025,excluded_iii_no_quantitative_comparison,rules,True,True,False,10.1093/cercor/bhaf062,A deep learning model for characterizing altered gyro-sulcal functional connectivity in abstinent males with methamphetamine use disorder and associated emotional symptoms.
40116728,pubmed,2025,excluded_iii_no_quantitative_comparison,rules,True,True,False,10.22004/ag.econ.24644,Meeting Global Health Needs via Infectious Disease Forecasting: Development of a Reliable Data-Driven Framework.
40108237,pubmed,2025,eligible,rules,True,True,True,10.1016/j.chaos.2024.114700,EEG detection and recognition model for epilepsy based on dual attention mechanism.
40102464,pubmed,2025,excluded_ii_not_human_health,rules,True,False,True,10.1016/j.neuroimage.2007.07.007,Stages prediction of Alzheimer's disease with shallow 2D and 3D CNNs from intelligently selected neuroimaging data.
40101291,pubmed,2025,excluded_iii_no_quantitative_comparison,rules,True,True,False,10.4269/ajtmh.24-0665,"Effect of Socioeconomic Strata and Land Cover on Dengue Hotspots in Medellin, Colombia."
40088329,pubmed,2025,eligible,rules,True,True,True,10.1007/s12031-025-02329-4,A Novel Fusion Framework Combining Graph Embedding Class-Based Convolutional Recurrent Attention Network with Brown Bear Optimization Algorithm for EEG-Based Parkinson's Disease Recognition.
40083285,pubmed,2025,excluded_ii_not_human_health,rules,True,False,True,10.3934/mbe.2025024,Multimodal depression detection based on an attention graph convolution and transformer.
40063433,pubmed,2025,excluded_iii_no_quantitative_comparison,rules,True,True,False,10.1109/jbhi.2025.3549454,Distinguishing Pathologic Gait in Older Adults Using Instrumented Insoles and Deep Neural Networks.
40062236,pubmed,2025,eligible,rules,True,True,True,10.3390/app14103989,Leveraging a hybrid convolutional gated recursive diabetes prediction and severity grading model through a mobile app.
40060040,pubmed,2025,excluded_iii_no_quantitative_comparison,rules,True,True,False,10.21203/rs.3.rs-5448452/v1,Dynamic MRI with Locally Low-Rank Subspace Constraint: Towards 1-Second Temporal Resolution Aided by Deep Learning.
40058682,pubmed,2025,excluded_i_no_spacetime_structure,rules,False,True,True,10.1016/j.pneurobio.2012.04.005,Spatiotemporal activation of lumbar sensorimotor networks.
40058557,pubmed,2025,excluded_review,item_type,,,,10.1016/j.envpol.2025.125937,AI-driven approaches for air pollution modelling: A comprehensive systematic review.
40058116,pubmed,2025,excluded_ii_not_human_health,rules,True,False,False,10.1016/j.ultras.2025.107623,A damage identification method for aviation structure integrating Lamb wave and deep learning with multi-dimensional feature fusion.
40040086,pubmed,2024,eligible,rules,True,True,True,10.1109/embc53108.2024.10781779,STConvSleepNet: A Spatiotemporal Convolutional Network for Sleep Posture Detection.
40039972,pubmed,2024,excluded_iii_no_quantitative_comparison,rules,True,True,False,10.1109/embc53108.2024.10782694,EEG-GMACN: Interpretable EEG Graph Mutual Attention Convolutional Network.
40039859,pubmed,2024,eligible,rules,True,True,True,10.1109/embc53108.2024.10782799,Enhanced In-Home Human Activity Recognition Using Multimodal Sensing and Spatiotemporal Machine Learning Architecture.
40039841,pubmed,2024,eligible,rules,True,True,True,10.1109/embc53108.2024.10781740,A deep spatio-temporal attention model of dynamic functional network connectivity shows sensitivity to Alzheimer's in asymptomatic individuals.
40039387,pubmed,2024,eligible,rules,True,True,True,10.1109/embc53108.2024.10781545,Spatio-Temporal Transformer with Hypergraph in Nursing Activity Recognition.
40039376,pubmed,2024,eligible,rules,True,True,True,10.1109/embc53108.2024.10781705,Interpretable SincNet-Based Spatiotemporal Neural Network for Seizure Prediction.
40039359,pubmed,2024,eligible,rules,True,True,True,10.1109/embc53108.2024.10781616,Acute Pain Recognition from Facial Expression Videos using Vision Transformers.
40039348,pubmed,2024,excluded_i_no_spacetime_structure,rules,False,True,True,10.1109/embc53108.2024.10782194,Feature Tensor Low-Rank Representation Network for Semi-Supervised Echocardiography Video Left Ventricle Segmentation.
40039164,pubmed,2024,excluded_ii_not_human_health,rules,True,False,True,10.1109/embc53108.2024.10782219,TAU-DI Net: A Multi-Scale Convolutional Network Combining Prob-Sparse Attention for EEG-based Depression Identification.
40038135,pubmed,2025,eligible,rules,True,True,True,10.1016/s0025-6196(11)63360-0,Spatial-Temporal Information Fusion for Thyroid Nodule Segmentation in Dynamic Contrast-Enhanced MRI: A Novel Approach.
40031868,pubmed,2025,eligible,rules,True,True,True,10.1109/jbhi.2025.3545265,Multi-Scale Spatio-Temporal Attention Network for Epileptic Seizure Prediction.
40031643,pubmed,2025,eligible,rules,True,True,True,10.1109/jbhi.2025.3546019,MLST-Net: Multi-Task Learning Based Spatial-Temporal Disentanglement Scheme for Video Facial Paralysis Severity Grading.
40031288,pubmed,2025,excluded_ii_not_human_health,rules,True,False,False,10.1109/tbme.2024.3440838,Motion-Compensated Interpolation in Echocardiography: A Lie Advection-Based Approach.
40031188,pubmed,2025,excluded_iii_no_quantitative_comparison,rules,True,True,False,10.1109/jbhi.2025.3530922,Neural Manifold Decoder for Acupuncture Stimulations With Representation Learning: An Acupuncture-Brain Interface.
40030780,pubmed,2025,eligible,rules,True,True,True,10.1109/jbhi.2024.3523298,Multi-Scale Spatio-Temporal Transformer-Based Imbalanced Longitudinal Learning for Glaucoma Forecasting From Irregular Time Series Images.
40030861,pubmed,2025,excluded_ii_not_human_health,rules,True,False,False,10.1109/tmi.2025.3526452,Spatiotemporal Implicit Neural Representation for Unsupervised Dynamic MRI Reconstruction.
40030550,pubmed,2025,eligible,rules,True,True,True,10.1109/jbhi.2024.3509959,Real-Time Epileptic Seizure Prediction Method With Spatio-Temporal Information Transfer Learning.
40030355,pubmed,2025,excluded_iii_no_quantitative_comparison,rules,True,True,False,10.1109/tmi.2024.3505676,Deep Learning for High Speed Optical Coherence Elastography With a Fiber Scanning Endoscope.
40029641,pubmed,2025,eligible,rules,True,True,True,10.1002/ana.26519,"Location and Timing of Recurrent, Nontraumatic Intracerebral Hemorrhage."
40023075,pubmed,2025,excluded_i_no_spacetime_structure,rules,False,True,False,10.1016/j.compbiomed.2025.109898,Brain imaging-to-graph generation using adversarial hierarchical diffusion models for MCI causality analysis.
40018289,pubmed,2024,excluded_i_no_spacetime_structure,rules,False,True,True,10.1016/j.bjao.2024.100347,Deep learning models using intracranial and scalp EEG for predicting sedation level during emergence from anaesthesia.
40011665,pubmed,2025,excluded_iii_no_quantitative_comparison,rules,True,True,False,10.1109/tsmc.1979.4310076,Supervised and unsupervised deep learning-based approaches for studying DNA replication spatiotemporal dynamics.
40009070,pubmed,2025,excluded_iii_no_quantitative_comparison,rules,True,True,False,10.1371/journal.pone.0162309,Multi-omics analyses and machine learning prediction of oviductal responses in the presence of gametes and embryos.
39993372,pubmed,2025,eligible,rules,True,True,True,10.1016/j.cmpb.2025.108671,3D velocity and pressure field reconstruction in the cardiac left ventricle via physics informed neural network from echocardiography guided by 3D color Doppler.
39981364,pubmed,2025,excluded_ii_not_human_health,rules,True,False,True,10.1016/j.scitotenv.2016.06.235,Developing a semi-automated technique of surface water quality analysis using GEE and machine learning: A case study for Sundarbans.
39980632,pubmed,2025,eligible,rules,True,True,True,10.1002/mp.14022,Segmentation and severity classification of scar tissues in LGE-CMR images using HDResC-Net with Flamingo gannet search optimization.
39975227,pubmed,2025,excluded_iii_no_quantitative_comparison,rules,True,True,False,10.1093/bib/bbaa269,Single Cell Spatial Transcriptomics Reveals Immunotherapy-Driven Bone Marrow Niche Remodeling in AML.
39972046,pubmed,2025,eligible,rules,True,True,True,10.1093/eurheartj/ehae177,AI-enabled diagnosis and localization of myocardial ischemia and coronary artery stenosis from magnetocardiographic recordings.
39968338,pubmed,2025,excluded_i_no_spacetime_structure,rules,False,True,True,10.1016/j.scitotenv.2022.154210,Short-Term Associations Between Ambient Ozone and Acute Myocardial Infarction Onset Among Younger Patients: Results From the VIRGO Study.
39965931,pubmed,2025,excluded_iii_no_quantitative_comparison,rules,True,True,False,10.1016/j.neuroimage.2020.117579,Sleep Modulates Neural Timescales and Spatiotemporal Integration in the Human Cortex.
39955181,pubmed,2025,excluded_review,item_type,,,,10.1016/j.ijgc.2025.101656,Circulating tumor DNA in endometrial cancer: clinical significance and implications.
39952991,pubmed,2025,eligible,rules,True,True,True,10.1109/taffc.2016.2549533,Early detection of Parkinson's disease using a multi area graph convolutional network.
39950449,pubmed,2025,eligible,rules,True,True,True,10.1021/acsami.4c20821,Triboelectric Sensors Based on Glycerol/PVA Hydrogel and Deep Learning Algorithms for Neck Movement Monitoring.
39949515,pubmed,2024,excluded_iii_no_quantitative_comparison,rules,True,True,False,10.1016/j.ynexs.2024.100016,Transfer learning on physics-informed neural networks for tracking the hemodynamics in the evolving false lumen of dissected aorta.
39949163,pubmed,2025,eligible,rules,True,True,True,10.3934/mbe.2025004,Epileptic seizure detection in EEG signals via an enhanced hybrid CNN with an integrated attention mechanism.
39947846,pubmed,2025,excluded_ii_not_human_health,rules,True,False,True,10.1016/j.hal.2024.102781,Ensemble models improve near-term forecasts of harmful algal bloom and biotoxin risk.
39946787,pubmed,2025,eligible,rules,True,True,True,10.1016/j.compbiomed.2025.109777,Real-time adaptive proton therapy: An AI-based spatio-temporal mono-energetic dose calculation model (CC-LSTM).
39946779,pubmed,2025,excluded_iii_no_quantitative_comparison,rules,True,True,False,10.1016/j.media.2025.103485,The state-of-the-art in cardiac MRI reconstruction: Results of the CMRxRecon challenge in MICCAI 2023.
39935533,pubmed,2025,eligible,rules,True,True,True,10.5194/gmd-7-1247-2014,Diagnosis of depression based on facial multimodal data.
39926139,pubmed,2024,eligible,rules,True,True,True,10.4103/jmp.jmp_160_24,"Ensemble Learning for Three-dimensional Medical Image Segmentation of Organ at Risk in Brachytherapy Using Double U-Net, Bi-directional ConvLSTM U-Net, and Transformer Network."
39925981,pubmed,2025,eligible,rules,True,True,True,10.1002/mrm.27954,Conditional diffusion-generated super-resolution for myocardial perfusion MRI.
39922399,pubmed,2025,eligible,rules,True,True,True,10.1016/j.jbi.2025.104785,Patient deep spatio-temporal encoding and medication substructure mapping for safe medication recommendation.
39906267,pubmed,2025,eligible,rules,True,True,True,10.1109/ojemb.2024.3506914,Contactless Detection of Abnormal Breathing Using Orthogonal Frequency Division Multiplexing Signals and Deep Learning in Multi-Person Scenarios.
39901056,pubmed,2025,excluded_iii_no_quantitative_comparison,rules,True,True,False,10.1142/s0129065723500144,Synchronization-based graph spatio-temporal attention network for seizure prediction.
39900952,pubmed,2025,excluded_ii_not_human_health,rules,True,False,False,10.1155/2020/5462040,Enhancing urban air quality prediction using time-based-spatial forecasting framework.
39896182,pubmed,2024,eligible,rules,True,True,True,10.1007/978-3-031-43901-8_13,Needle tracking and segmentation in breast ultrasound imaging based on spatio-temporal memory network.
39896038,pubmed,2025,excluded_ii_not_human_health,rules,True,False,True,10.1016/j.ultras.2022.106855,EFNet: estimation of left ventricular ejection fraction from cardiac ultrasound videos using deep learning.
39894198,pubmed,2025,eligible,rules,True,True,True,10.1016/j.neulet.2025.138146,Unveiling encephalopathy signatures: A deep learning approach with locality-preserving features and hybrid neural network for EEG analysis.
39893390,pubmed,2025,eligible,rules,True,True,True,10.1162/neco.1997.9.8.1735,"A novel graph neural network based approach for influenza-like illness nowcasting: exploring the interplay of temporal, geographical, and functional spatial features."
39891798,pubmed,2025,excluded_iii_no_quantitative_comparison,rules,True,True,False,10.1007/s10334-024-01222-2,Deep learning initialized compressed sensing (Deli-CS) in volumetric spatio-temporal subspace reconstruction.
39880905,pubmed,2025,excluded_ii_not_human_health,rules,True,False,False,10.1111/j.1538-4632.1992.tb00261.x,Transforming CCTV cameras into NO2 sensors at city scale for adaptive policymaking.
39868748,pubmed,2025,eligible,rules,True,True,True,10.1111/cns.70234,Disrupted Cross-Scale Network Associated With Cognitive-Emotional Disorders in Sudden Sensorineural Hearing Loss.
39862528,pubmed,2025,excluded_ii_not_human_health,rules,True,False,True,10.1016/j.neunet.2025.107131,DGMSCL: A dynamic graph mixed supervised contrastive learning approach for class imbalanced multivariate time series classification.
39855786,pubmed,2025,eligible,rules,True,True,True,10.1016/j.jes.2024.03.052,"Spatio-temporal prediction of groundwater vulnerability based on CNN-LSTM model with self-attention mechanism: A case study in Hetao Plain, northern China."
39851329,pubmed,2025,eligible,rules,True,True,True,10.1016/j.exger.2019.110816,Deep Temporal Clustering of Pathological Gait Patterns in Post-Stroke Patients Using Joint Angle Trajectories: A Cross-Sectional Study.
39847932,pubmed,2025,excluded_i_no_spacetime_structure,rules,False,True,False,10.1016/j.jhazmat.2025.137308,Spatiotemporal estimates of anthropogenic NOx emissions across China during 2015-2022 using a deep learning model.
39834646,pubmed,2024,excluded_ii_not_human_health,rules,True,False,False,10.1109/isbi56570.2024.10635530,ROBUST OUTER VOLUME SUBTRACTION WITH DEEP LEARNING GHOSTING DETECTION FOR HIGHLY-ACCELERATED REAL-TIME DYNAMIC MRI.
39834093,pubmed,2025,excluded_iii_no_quantitative_comparison,rules,True,True,False,10.1002/mrm.30433,"Generalizable, sequence-invariant deep learning image reconstruction for subspace-constrained quantitative MRI."
39829439,pubmed,2024,eligible,rules,True,True,True,10.1109/icbaie56435.2022.9985881,Leveraging deep learning for robust EEG analysis in mental health monitoring.
39823820,pubmed,2025,eligible,rules,True,True,True,10.1016/j.compbiomed.2024.109578,"Optimized assessment of physical rehabilitation exercises using spatiotemporal, sequential graph-convolutional networks."
39823768,pubmed,2025,excluded_ii_not_human_health,rules,True,False,True,10.1016/j.neunet.2025.107153,An adversarial transformer for anomalous lamb wave pattern detection.
39817982,pubmed,2025,excluded_ii_not_human_health,rules,True,False,True,10.1016/j.neunet.2025.107128,Spiking-PhysFormer: Camera-based remote photoplethysmography with parallel spike-driven transformer.
39806176,pubmed,2025,eligible,rules,True,True,True,10.1038/s41585-023-00796-1,Video-based robotic surgical action recognition and skills assessment on porcine models using deep learning.
39802431,pubmed,2025,excluded_ii_not_human_health,rules,True,False,True,10.1186/s12889-022-14299-y,Hybrid neural network models for time series disease prediction confronted by spatiotemporal dependencies.
39802081,pubmed,2025,excluded_ii_not_human_health,rules,True,False,True,10.1038/s41467-019-13056-x,Synergistic integration of brain networks and time-frequency multi-view feature for sleep stage classification.
39796946,pubmed,2024,eligible,rules,True,True,True,10.1109/tnnls.2023.3243000,Diagnosis of Autism Spectrum Disorder (ASD) by Dynamic Functional Connectivity Using GNN-LSTM.
39796885,pubmed,2024,excluded_ii_not_human_health,rules,True,False,True,10.1016/j.jes.2020.04.042,Time-Series Forecasting of PM2.5 and PM10 Concentrations Based on the Integration of Surveillance Images.
39796842,pubmed,2024,eligible,rules,True,True,True,10.3390/brainsci14080839,Epilepsy Prediction and Detection Using Attention-CssCDBN with Dual-Task Learning.
39787070,pubmed,2025,excluded_iii_no_quantitative_comparison,rules,True,True,False,10.1038/s41586-020-2293-x,Multi-region infectious disease prediction modeling based on spatio-temporal graph neural network and the dynamic model.
39786626,pubmed,2025,eligible,rules,True,True,True,10.1038/s41598-023-45925-3,Multimodal deep learning for predicting in-hospital mortality in heart failure patients using longitudinal chest X-rays and electronic health records.
39774011,pubmed,2025,excluded_ii_not_human_health,rules,True,False,False,10.1016/j.ecolmodel.2005.11.012,Spatio-temporal analysis of litterfall load in the lower reaches of Qarqan and Tarim rivers using BP neural networks.
39762546,pubmed,2025,excluded_i_no_spacetime_structure,rules,False,True,False,10.1016/j.mvr.2023.104593,Panoramic Nailfold Flow Velocity Measurement Method Based on Enhanced Plasma Gap Information.
39759321,pubmed,2024,eligible,rules,True,True,True,10.1109/jiot.2021.3116065,Design of an improved graph-based model for real-time anomaly detection in healthcare using hybrid CNN-LSTM and federated learning.
39753702,pubmed,2025,eligible,rules,True,True,True,10.1038/s41598-024-56567-4,Using transformer-based models and social media posts for heat stroke detection.
41674857,pubmed,2025,excluded_ii_not_human_health,rules,True,False,True,10.3390/rs17010126,High-Resolution Estimation of Daily PM2.5 Levels in the Contiguous US Using Bi-LSTM with Attention.
39736665,pubmed,2024,excluded_i_no_spacetime_structure,rules,False,True,True,10.1109/tnsre.2024.3400535,Multi-scale attention patching encoder network: a deployable model for continuous estimation of hand kinematics from surface electromyographic signals.
39728900,pubmed,2024,eligible,rules,True,True,True,10.1006/nimg.2001.0978,STANet: A Novel Spatio-Temporal Aggregation Network for Depression Classification with Small and Unbalanced FMRI Data.
39726289,pubmed,2025,excluded_iii_no_quantitative_comparison,rules,True,True,False,10.1152/ajpcell.00725.2024,Dysregulation of synaptic transcripts underlies network abnormalities in ALS patient-derived motor neurons.
39724784,pubmed,2025,excluded_i_no_spacetime_structure,rules,False,True,True,10.1016/j.ejmp.2024.104881,Radiomics and deep learning models for glioblastoma treatment outcome prediction based on tumor invasion modeling.
39724001,pubmed,2024,excluded_ii_not_human_health,rules,True,False,True,10.1109/tvt.2018.2805189,LSTM-based estimation of lithium-ion battery SOH using data characteristics and spatio-temporal attention.
39720757,pubmed,2024,eligible,rules,True,True,True,10.3171/2021.6.jns21923,PitRSDNet: Predicting intra-operative remaining surgery duration in endoscopic pituitary surgery.
39715081,pubmed,2025,excluded_i_no_spacetime_structure,rules,False,True,False,10.4103/nrr.nrr-d-24-00901,Human induced pluripotent stem cell-derived therapies for regeneration after central nervous system injury.
39712104,pubmed,2024,excluded_iii_no_quantitative_comparison,rules,True,True,False,10.3389/fnbot.2019.00037,Deep source transfer learning for the estimation of internal brain dynamics using scalp EEG.
39710009,pubmed,2025,excluded_iii_no_quantitative_comparison,rules,True,True,False,10.1016/j.oraloncology.2014.10.016,Combination of deep learning reconstruction and quantification for dynamic contrast-enhanced (DCE) MRI.
39708495,pubmed,2025,excluded_iii_no_quantitative_comparison,rules,True,True,False,10.1016/j.compbiomed.2024.109528,Pinning down the accuracy of physics-informed neural networks under laminar and turbulent-like aortic blood flow conditions.
39700408,pubmed,2025,excluded_iii_no_quantitative_comparison,rules,True,True,False,10.3389/fmolb.2021.780192,Spatiotemporal Profiling Defines Persistence and Resistance Dynamics during Targeted Treatment of Melanoma.
39693763,pubmed,2024,eligible,rules,True,True,True,10.1088/1741-2552/ada0e5,Multi-dimensional hybrid bilinear CNN-LSTM models for epileptic seizure detection and prediction using EEG signals.
39687602,pubmed,2025,eligible,rules,True,True,True,10.1016/j.jhepr.2024.101219,Application of a deep learning algorithm for the diagnosis of HCC.
39687520,pubmed,2024,eligible,rules,True,True,True,10.1109/tnsre.2020.3045425,Action recognition in rehabilitation: combining 3D convolution and LSTM with spatiotemporal attention.
39687166,pubmed,2024,excluded_ii_not_human_health,rules,True,False,True,10.1016/j.heliyon.2024.e40035,The analysis of regional ice and snow tourist destinations under back propagation neural network.
39687094,pubmed,2024,eligible,rules,True,True,True,10.1016/j.bspc.2022.104186,An automatic approach to detect skin cancer utilizing active infrared thermography.
39686356,pubmed,2024,excluded_i_no_spacetime_structure,rules,False,True,False,10.1016/j.gaitpost.2008.09.003,Steps to Facilitate the Use of Clinical Gait Analysis in Stroke Patients: The Validation of a Single 2D RGB Smartphone Video-Based System for Gait Analysis.
39685994,pubmed,2024,excluded_iii_no_quantitative_comparison,rules,True,True,False,10.1162/neco.1997.9.8.1735,A Spatial-Temporal Multi-Feature Network (STMF-Net) for Skeleton-Based Construction Worker Action Recognition.
39672009,pubmed,2025,excluded_ii_not_human_health,rules,True,False,False,10.1016/j.compbiomed.2024.109467,Unsupervised reconstruction of accelerated cardiac cine MRI using neural fields.
39664552,pubmed,2024,eligible,rules,True,True,True,10.48550/arxiv.2211.10285,Sarcopenia diagnosis using skeleton-based gait sequence and foot-pressure image datasets.
39656325,pubmed,2024,excluded_ii_not_human_health,rules,True,False,False,10.1080/01431161.2015.1079344,"Dynamic trends in land surface temperature and land use/land cover transitions in semi-arid metropolitan city, Jaipur."
39651175,pubmed,2024,excluded_iii_no_quantitative_comparison,rules,True,True,False,10.1101/2024.11.28.625914,st-DenseViT: A Weakly Supervised Spatiotemporal Vision Transformer for Dense Prediction of Dynamic Brain Networks.
39642013,pubmed,2025,eligible,rules,True,True,True,10.1002/mp.17554,Learning soft tissue deformation from incremental simulations.
39628176,pubmed,2024,excluded_ii_not_human_health,rules,True,False,True,10.13227/j.hjkx.202312111,[Machine Learning-based Dissolved Oxygen Prediction Modeling and Evaluation in the Yangtze River Estuary].
39621774,pubmed,2024,excluded_iii_no_quantitative_comparison,rules,True,True,False,10.1017/s0140525x23003102,Parallel development of object recognition in newborn chicks and deep neural networks.
39609441,pubmed,2024,excluded_ii_not_human_health,rules,False,False,True,10.1126/science.162.3856.857,Adaptive wireless-powered network based on CNN near-field positioning by a dual-band metasurface.
39602207,pubmed,2024,excluded_non_research,item_type,,,,10.1177/02692155221111926,"Respiratory Strength Training Versus Respiratory Relaxation Training in the Rehabilitation of Physical Impairment, Function, and Return to Participation After Stroke: Protocol for a Randomized Controlled Trial."
39599360,pubmed,2024,excluded_ii_not_human_health,rules,True,False,True,10.1145/3065386,A Deep Learning Model for Accurate Maize Disease Detection Based on State-Space Attention and Feature Fusion.
39591393,pubmed,2024,excluded_iii_no_quantitative_comparison,rules,True,True,False,10.1109/tpami.2019.2929257,Deep learning-based screening for locomotive syndrome using single-camera walking video: Development and validation study.
39586913,pubmed,2025,eligible,rules,True,True,True,10.1007/978-3-030-00934-2_53,ViViEchoformer: Deep Video Regressor Predicting Ejection Fraction.
39582604,pubmed,2025,excluded_iii_no_quantitative_comparison,rules,True,True,False,10.1016/j.idm.2024.10.005,Information-guided adaptive learning approach for active surveillance of infectious diseases.
39570994,pubmed,2024,eligible,rules,True,True,True,10.1016/j.cor.2008.04.004,Deep neural networks for endemic measles dynamics: Comparative analysis and integration with mechanistic models.
39566710,pubmed,2025,eligible,rules,True,True,True,10.1016/j.envpol.2024.125342,High-resolution spatiotemporal prediction of PM2.5 concentration based on mobile monitoring and deep learning.
39566676,pubmed,2025,excluded_i_no_spacetime_structure,rules,False,True,True,10.1016/j.envres.2024.120379,A spatial machine learning approach to exploring the impacts of coal mining and ecological restoration on regional ecosystem health.
39562802,pubmed,2024,eligible,rules,True,True,True,10.3390/app13010536,Analysis and prediction of infectious diseases based on spatial visualization and machine learning.
39555263,pubmed,2024,eligible,rules,True,True,True,10.1007/s13534-018-0082-3,STEADYNet: Spatiotemporal EEG analysis for dementia detection using convolutional neural network.
39555251,pubmed,2024,excluded_iii_no_quantitative_comparison,rules,True,True,False,10.1002/hbm.24519,EEG resting state alpha dynamics predict an individual's vulnerability to auditory hallucinations.
39553974,pubmed,2024,excluded_iii_no_quantitative_comparison,rules,True,True,False,10.1371/journal.pone.0254319,Identification of distinct subtypes of post-stroke and neurotypical gait behaviors using neural network analysis of kinematic time series data.
39544180,pubmed,2024,excluded_iii_no_quantitative_comparison,rules,True,True,False,10.1142/s0129065723500314,Multi-branch fusion graph neural network based on multi-head attention for childhood seizure detection.
39534688,pubmed,2024,excluded_iii_no_quantitative_comparison,rules,True,True,False,10.34133/research.0530,Single-Cell Spatial-Temporal Analysis of ZNF451 in Mediating Drug Resistance and CD8+ T Cell Dysfunction.
39521866,pubmed,2024,excluded_ii_not_human_health,rules,True,False,True,10.1016/j.envc.2021.100107,An improved machine learning-based model for prediction of diurnal and spatially continuous near surface air temperature.
39509311,pubmed,2025,excluded_ii_not_human_health,rules,True,False,False,10.1109/tmi.2024.3493195,Toward Integrating Federated Learning With Split Learning via Spatio-Temporal Graph Framework for Brain Disease Prediction.
39503605,pubmed,2025,eligible,rules,True,True,True,10.1148/ryai.240124,Combining Biology-based and MRI Data-driven Modeling to Predict Response to Neoadjuvant Chemotherapy in Patients with Triple-Negative Breast Cancer.
39500028,pubmed,2025,eligible,rules,True,True,True,10.1016/j.media.2024.103381,A cross-attention-based deep learning approach for predicting functional stroke outcomes using 4D CTP imaging and clinical metadata.
39488180,pubmed,2024,excluded_ii_not_human_health,rules,False,False,True,10.1016/j.jenvman.2024.123096,High spatiotemporal resolution estimation and analysis of global surface CO concentrations using a deep learning model.
39476997,pubmed,2024,excluded_ii_not_human_health,rules,False,False,False,10.1016/j.envpol.2024.125207,Linking joint exposures to residential greenness and air pollution with adults' social health in dense Hong Kong.
39475732,pubmed,2025,excluded_iii_no_quantitative_comparison,rules,True,True,False,10.1109/jbhi.2024.3488285,Automatic Identification of Facial Tics Using Selfie-Video.
39473785,pubmed,2024,eligible,rules,True,True,True,10.1186/s12889-020-08572-1,Multi-scale asynchronous correlation and 2D convolutional autoencoder for adolescent health risk prediction with limited fMRI data.
39473085,pubmed,2024,eligible,rules,True,True,True,10.1002/advs.202405246,Seizure Sources Can Be Imaged from Scalp EEG by Means of Biophysically Constrained Deep Neural Networks.
39469440,pubmed,2024,excluded_ii_not_human_health,rules,True,False,True,10.1109/tim.2023.3329095,Remote physiological signal recovery with efficient spatio-temporal modeling.
39465099,pubmed,2024,eligible,rules,True,True,True,10.1109/tifs.2012.2215324,A wavelet subband based LSTM model for 12-lead ECG synthesis from reduced lead set.
39451930,pubmed,2024,excluded_iii_no_quantitative_comparison,rules,True,True,False,10.1109/tbme.2019.2919137,Deep Learning for Epileptic Seizure Detection Using a Causal-Spatio-Temporal Model Based on Transfer Entropy.
39444373,pubmed,2024,eligible,rules,True,True,True,10.1038/s41598-021-03723-9,"Spatiotemporal risk of human brucellosis under intensification of livestock keeping based on machine learning techniques in Shaanxi, China."
39441677,pubmed,2025,eligible,rules,True,True,True,10.1109/tbme.2024.3485233,Robust Myocardial Perfusion MRI Quantification With DeepFermi.
39437291,pubmed,2025,excluded_review,item_type,,,,10.1109/jbhi.2024.3484994,Continuous Prediction of Wrist Joint Kinematics Using Surface Electromyography From the Perspective of Muscle Anatomy and Muscle Synergy Feature Extraction.
39431517,pubmed,2024,eligible,rules,True,True,True,10.1038/s41467-022-33575-4,MetaDegron: multimodal feature-integrated protein language model for predicting E3 ligase targeted degrons.
39428898,pubmed,2025,excluded_ii_not_human_health,rules,True,False,True,10.1002/mrm.30337,Accelerated cardiac cine with spatio-coil regularized deep learning reconstruction.
39424921,pubmed,2024,eligible,rules,True,True,True,10.3390/s20041020,A hybrid deep learning network for automatic diagnosis of cardiac arrhythmia based on 12-lead ECG.
39423277,pubmed,2024,excluded_i_no_spacetime_structure,rules,False,True,False,10.1126/sciadv.adr2659,Network of artificial olfactory receptors for spatiotemporal monitoring of toxic gas.
39418142,pubmed,2026,excluded_iii_no_quantitative_comparison,rules,True,True,False,10.1109/jbhi.2024.3482569,Camera-Based Respiratory Imaging System for Monitoring Infant Thoracoabdominal Patterns of Respiration.
39409482,pubmed,2024,excluded_iii_no_quantitative_comparison,rules,True,True,False,10.1016/j.pcad.2020.12.003,Mobile Spatiotemporal Gait Segmentation Using an Ear-Worn Motion Sensor and Deep Learning.
39409425,pubmed,2024,eligible,rules,True,True,True,10.1002/widm.1484,Respiratory Rate Estimation from Thermal Video Data Using Spatio-Temporal Deep Learning.
39392730,pubmed,2025,eligible,rules,True,True,True,10.1109/jbhi.2024.3478380,Alzheimer's Disease Detection in EEG Sleep Signals.
39386142,pubmed,2024,excluded_review,item_type,,,,10.1098/rstb.2022.0335,Meeting the multidimensional self: fostering selfhood at the interface of Creative Arts Therapies and neuroscience.
39381030,pubmed,2024,excluded_iii_no_quantitative_comparison,rules,True,True,False,10.1259/bjr.20230292,Deep learned triple-tracer multiplexed PET myocardial image separation.
39372505,pubmed,2024,excluded_ii_not_human_health,rules,True,False,False,10.1101/2022.12.21.22283757,Genetic Architectures of Medical Images Revealed by Registration of Multiple Modalities.
39358428,pubmed,2024,excluded_ii_not_human_health,rules,True,False,False,10.48550/arxiv.1609.04747,Deep learning-derived optimal aviation strategies to control pandemics.
39357440,pubmed,2024,excluded_ii_not_human_health,rules,True,False,True,10.1016/j.jenvman.2024.122703,Hourly PM2.5 concentration prediction for dry bulk port clusters considering spatiotemporal correlation: A novel deep learning blending ensemble model.
39331183,pubmed,2024,excluded_ii_not_human_health,rules,True,False,True,10.3390/s17040917,A C  lassi H onk: a system framework to annotate and classify vehicular honk from road traffic.
39321848,pubmed,2024,excluded_ii_not_human_health,rules,True,False,False,10.1088/1361-6560/ad7fc6,Investigating deep learning strategies for fast denoising of 5D cardiac photon-counting micro-CT images.
39319138,pubmed,2024,excluded_ii_not_human_health,rules,True,False,True,10.1016/j.heliyon.2024.e37111,ECG arrhythmia classification based on the fast ant colony clustering algorithm with improved spatiotemporal feature perception ability.
39317627,pubmed,2024,eligible,rules,True,True,True,10.48550/arxiv.2307.08123,SELFNet: Denoising Shear Wave Elastography Using Spatial-temporal Fourier Feature Networks.
39315951,pubmed,2024,excluded_iii_no_quantitative_comparison,rules,True,True,False,10.1113/jp286074,REM sleep remains paradoxical: sub-states determined by thalamo-cortical and cortico-cortical functional connectivity.
39293234,pubmed,2024,excluded_ii_not_human_health,rules,True,False,True,10.1016/j.envint.2024.108997,Domain knowledge-enhanced multi-spatial multi-temporal PM2.5 forecasting with integrated monitoring and reanalysis data.
39288577,pubmed,2024,excluded_iii_no_quantitative_comparison,rules,True,True,False,10.1016/j.vaccine.2024.126371,Rabies epidemiology in Malaysia (2015-2023): A cross-sectional insights and strategies for control.
39281477,pubmed,2024,eligible,rules,True,True,True,10.1016/j.jbi.2022.104145,MONDEP: A unified SpatioTemporal MONitoring Framework for National DEPression Forecasting.
39280352,pubmed,2024,excluded_ii_not_human_health,rules,True,False,True,10.1109/tmrb.2024.3407590,Machine-Learning-Based Multi-Modal Force Estimation for Steerable Ablation Catheters.
39276614,pubmed,2024,excluded_iii_no_quantitative_comparison,rules,True,True,False,10.1016/j.compbiomed.2024.109133,CRNN-Refined Spatiotemporal Transformer for Dynamic MRI reconstruction.
39269793,pubmed,2024,eligible,rules,True,True,True,10.1109/tnsre.2024.3460348,A Compact Graph Convolutional Network With Adaptive Functional Connectivity for Seizure Prediction.
39266599,pubmed,2024,excluded_ii_not_human_health,rules,True,False,True,10.1109/5.726791,Analyzing spatio-temporal dynamics of dissolved oxygen for the River Thames using superstatistical methods and machine learning.
39262949,pubmed,2024,excluded_ii_not_human_health,rules,True,False,True,10.1016/j.heliyon.2024.e36236,Remaining useful life prediction of Lithium-ion batteries using spatio-temporal multimodal attention networks.
39261468,pubmed,2024,excluded_iii_no_quantitative_comparison,rules,True,True,False,10.1016/s0965-9978(96)00051-8,Scalable spatiotemporal prediction with Bayesian neural fields.
39253820,pubmed,2024,excluded_i_no_spacetime_structure,rules,False,True,True,10.1161/circimaging.124.016786,Predicting Late Gadolinium Enhancement of Acute Myocardial Infarction in Contrast-Free Cardiac Cine MRI Using Deep Generative Learning.
39242748,pubmed,2024,excluded_iii_no_quantitative_comparison,rules,True,True,False,10.1016/j.heliyon.2024.e29913,A coordinated adaptive multiscale enhanced spatio-temporal fusion network for multi-lead electrocardiogram arrhythmia detection.
39241329,pubmed,2024,excluded_ii_not_human_health,rules,True,False,False,10.1016/j.cmpb.2024.108406,Conv-RGNN: An efficient Convolutional Residual Graph Neural Network for ECG classification.
39237396,pubmed,2024,excluded_ii_not_human_health,rules,True,False,False,10.1016/j.isatra.2024.08.027,Multiscale Conditional Adversarial Networks based domain-adaptive method for rotating machinery fault diagnosis under variable working conditions.
39236137,pubmed,2024,eligible,rules,True,True,True,10.1109/jbhi.2024.3454824,Step Length and Gait Speed Estimation Using a Hearing Aid Integrated Accelerometer: A Comparison of Different Algorithms.
39221213,pubmed,2024,excluded_iii_no_quantitative_comparison,rules,True,True,False,10.1016/j.mtbio.2024.101201,Label-free spatiotemporal decoding of single-cell fate via acoustic driven 3D tomography.
39219112,pubmed,2024,excluded_iii_no_quantitative_comparison,rules,True,True,False,10.1093/cercor/bhy123,Brain network dynamics in patients with single- and multiple-domain amnestic mild cognitive impairment.
39214706,pubmed,2024,excluded_iii_no_quantitative_comparison,rules,True,True,False,10.1007/s11145-012-9402-7,Spatiotemporal Neural Network for Sublexical Information Processing: An Intracranial SEEG Study.
39207594,pubmed,2024,excluded_ii_not_human_health,rules,True,False,True,10.1016/j.jclepro.2018.10.243,Daily PM2.5 concentration prediction based on variational modal decomposition and deep learning for multi-site temporal and spatial fusion of meteorological factors.
39205003,pubmed,2024,excluded_ii_not_human_health,rules,True,False,False,10.1016/j.oceaneng.2016.11.058,An End-to-End Deep Learning Framework for Fault Detection in Marine Machinery.
39196308,pubmed,2024,excluded_ii_not_human_health,rules,True,False,False,10.1002/cnm.3858,A comparison of machine learning methods for recovering noisy and missing 4D flow MRI data.
39195656,pubmed,2024,excluded_ii_not_human_health,rules,True,False,True,10.1145/3589316,ConvFormer-KDE: A Long-Term Point-Interval Prediction Framework for PM2.5 Based on Multi-Source Spatial and Temporal Data.
39190512,pubmed,2024,eligible,rules,True,True,True,10.1109/tnsre.2024.3450443,A Novel Method to Identify Mild Cognitive Impairment Using Dynamic Spatio-Temporal Graph Neural Network.
39188085,pubmed,2025,excluded_iii_no_quantitative_comparison,rules,True,True,False,10.1002/mrm.30260,CineVN: Variational network reconstruction for rapid functional cardiac cine MRI.
39186853,pubmed,2024,excluded_ii_not_human_health,rules,True,False,False,10.1016/j.jenvman.2024.122261,Spatial-temporal pattern of ecosystem services and sustainable development in representative mountainous cities: A case study of Chengdu-Chongqing Urban Agglomeration.
39186838,pubmed,2024,eligible,rules,True,True,True,10.1016/j.neunet.2024.106643,SFT-SGAT: A semi-supervised fine-tuning self-supervised graph attention network for emotion recognition and consciousness detection.
39186426,pubmed,2024,eligible,rules,True,True,True,10.1109/tnsre.2024.3449338,An Exosuit System With Bidirectional Hand Support for Bilateral Assistance Based on Dynamic Gesture Recognition.
39186192,pubmed,2024,eligible,rules,True,True,True,10.1159/000510798,CT-based multimodal deep learning for non-invasive overall survival prediction in advanced hepatocellular carcinoma patients treated with immunotherapy.
39181114,pubmed,2024,excluded_review,item_type,,,,10.1002/ange.202012477,Photoimmunotherapy for cancer treatment based on organic small molecules: Recent strategies and future directions.
39174828,pubmed,2024,excluded_ii_not_human_health,rules,True,False,True,10.3390/a14070208,A new attention-based CNN_GRU model for spatial-temporal PM2.5 prediction.
39173694,pubmed,2024,excluded_iii_no_quantitative_comparison,rules,True,True,False,10.1016/j.neuroimage.2024.120802,XDL-ESI: Electrophysiological Sources Imaging via explainable deep learning framework with validation on simultaneous EEG and iEEG.
39173488,pubmed,2024,excluded_iii_no_quantitative_comparison,rules,True,True,False,10.1016/j.compbiomed.2024.109030,Explainable machine learning for assessing upper respiratory tract of racehorses from endoscopy videos.
39173147,pubmed,2024,excluded_i_no_spacetime_structure,rules,False,True,False,10.1023/b:engi.0000007979.32871.e2,Reconstructing blood flow in data-poor regimes: a vasculature network kernel for Gaussian process regression.
39170819,pubmed,2024,eligible,rules,True,True,True,10.1007/s11325-016-1330-3,Leveraging 3D convolutional neural network and 3D visible-near-infrared multimodal imaging for enhanced contactless oximetry.
39161388,pubmed,2024,eligible,rules,True,True,True,10.1109/lgrs.8859,Spatiotemporal correlation enhanced real-time 4D-CBCT imaging using convolutional LSTM networks.
39160216,pubmed,2024,eligible,rules,True,True,True,10.1109/tbme.2015.2481896,Innovative approaches in imaging photoplethysmography for remote blood oxygen monitoring.
39156762,pubmed,2024,excluded_i_no_spacetime_structure,rules,False,True,False,10.1117/12.3006740,Spatiotemporal Disentanglement of Arteriovenous Malformations in Digital Subtraction Angiography.
39154100,pubmed,2024,excluded_ii_not_human_health,rules,True,False,False,10.1371/journal.pone.0163091,Mapping fine-scale seagrass disturbance using bi-temporal UAV-acquired images and multivariate alteration detection.
39151656,pubmed,2024,eligible,rules,True,True,True,10.1016/j.jneumeth.2024.110251,Decoding micro-electrocorticographic signals by using explainable 3D convolutional neural network to predict finger movements.
39148930,pubmed,2024,eligible,rules,True,True,True,10.1016/j.jocmr.2024.100990,Improved Robustness for Deep Learning-based Segmentation of Multi-Center Myocardial Perfusion MRI Datasets Using Data Adaptive Uncertainty-guided Space-time Analysis.
39142567,pubmed,2024,eligible,rules,True,True,True,10.1016/j.jocmr.2024.100990,Improved robustness for deep learning-based segmentation of multi-center myocardial perfusion cardiovascular MRI datasets using data-adaptive uncertainty-guided space-time analysis.
39137835,pubmed,2024,excluded_iii_no_quantitative_comparison,rules,True,True,False,10.1016/j.jad.2024.08.014,Spatio-temporal learning and explaining for dynamic functional connectivity analysis: Application to depression.
39123879,pubmed,2024,eligible,rules,True,True,True,10.3390/healthcare10030513,Smart Sleep Monitoring: Sparse Sensor-Based Spatiotemporal CNN for Sleep Posture Detection.
39117610,pubmed,2024,excluded_iii_no_quantitative_comparison,rules,True,True,False,10.1093/bioinformatics/btz931,The histone methyltransferase KMT2D is essential for embryo implantation via regulating precise differentiation of endometrial cells.
39102320,pubmed,2025,excluded_ii_not_human_health,rules,True,False,True,10.1109/tmi.2024.3435000,SegMorph: Concurrent Motion Estimation and Segmentation for Cardiac MRI Sequences.
39095151,pubmed,2025,excluded_i_no_spacetime_structure,rules,False,True,True,10.1016/j.jes.2023.09.001,Investigation of spatiotemporal distribution and formation mechanisms of ozone pollution in eastern Chinese cities applying convolutional neural network.
39094647,pubmed,2024,excluded_ii_not_human_health,rules,True,False,True,10.1016/j.scitotenv.2024.175144,"Multi-machine learning methods to predict spatial variation characteristics of total nitrogen at watershed scale: Evidences from the largest watershed (Yangtze River Watershed), Asian."
39083136,pubmed,2025,excluded_iii_no_quantitative_comparison,rules,True,True,False,10.1109/tip.2020.3028207,Rehabilitation exercise quality assessment through supervised contrastive learning with hard and soft negatives.
39079140,pubmed,2024,excluded_ii_not_human_health,rules,True,False,False,10.1007/978-3-030-32251-9_72,Cardiac disease discrimination from 3D-convolutional kinematic patterns on cine-MRI sequences.
39066046,pubmed,2024,excluded_iii_no_quantitative_comparison,rules,True,True,False,10.1109/cvpr.2019.00371,Fall Detection Method for Infrared Videos Based on Spatial-Temporal Graph Convolutional Network.
39044940,pubmed,2024,excluded_iii_no_quantitative_comparison,rules,True,True,False,10.1016/j.seizure.2020.03.010,Critical dynamics and interictal epileptiform discharge: a comparative analysis with respect to tracking seizure risk cycles.
39017038,pubmed,2024,excluded_iii_no_quantitative_comparison,rules,True,True,False,10.1142/s0129065724500539,Spatial-Temporal Dynamic Hypergraph Information Bottleneck for Brain Network Classification.
39012734,pubmed,2024,excluded_iii_no_quantitative_comparison,rules,True,True,False,10.1109/tnsre.2024.3429337,fNIRS-Driven Depression Recognition Based on Cross-Modal Data Augmentation.
39008489,pubmed,2024,excluded_ii_not_human_health,rules,True,False,True,10.1016/j.chaos.2022.112996,Modeling epidemic dynamics using Graph Attention based Spatial Temporal networks.
39002574,pubmed,2024,excluded_iii_no_quantitative_comparison,rules,True,True,False,10.1016/j.scitotenv.2024.174726,Harmful Ostreopsis cf. ovata blooms could extend in time span with climate change in the Western Mediterranean Sea.
39001013,pubmed,2024,eligible,rules,True,True,True,10.7717/peerj.4817,MSE-VGG: A Novel Deep Learning Approach Based on EEG for Rapid Ischemic Stroke Detection.
39000911,pubmed,2024,excluded_ii_not_human_health,rules,True,False,True,10.1109/access.2021.3117002,Application of Residual Structure Time Convolutional Network Based on Attention Mechanism in Remaining Useful Life Interval Prediction of Bearings.
38991323,pubmed,2024,eligible,rules,True,True,True,10.1016/j.jns.2024.123089,"Deep learning of Parkinson's movement from video, without human-defined measures."
38986294,pubmed,2024,excluded_ii_not_human_health,rules,True,False,False,10.1016/j.prevetmed.2024.106281,Spatiotemporal analysis of equine infectious anemia and prediction of risk areas in Europe.
38985412,pubmed,2024,excluded_iii_no_quantitative_comparison,rules,True,True,False,10.1016/j.media.2022.102611,Towards multimodal graph neural networks for surgical instrument anticipation.
38978642,pubmed,2024,eligible,rules,True,True,True,10.1101/2024.06.04.24308434,Longitudinal risk prediction for pediatric glioma with temporal deep learning.
38977848,pubmed,2024,eligible,rules,True,True,True,10.1109/jbhi.2022.3171402,A comprehensive health assessment approach using ensemble deep learning model for remote patient monitoring with IoT.
38976458,pubmed,2024,excluded_iii_no_quantitative_comparison,rules,True,True,False,10.1109/tcyb.2024.3410844,EEG-Oriented Self-Supervised Learning With Triple Information Pathways Network.
38974222,pubmed,2024,excluded_ii_not_human_health,rules,False,False,True,10.1109/thms.2024.3389690,SonoMyoNet: A Convolutional Neural Network for Predicting Isometric Force from Highly Sparse Ultrasound Images.
38954582,pubmed,2024,excluded_iii_no_quantitative_comparison,rules,True,True,False,10.1109/tmi.2024.3383283,A Convolutional-Transformer Model for FFR and iFR Assessment From Coronary Angiography.
38947006,pubmed,2024,eligible,rules,True,True,True,10.1093/ehjci/jev014,ViViEchoformer: Deep Video Regressor Predicting Ejection Fraction.
38936078,pubmed,2024,eligible,rules,True,True,True,10.1016/j.compbiomed.2024.108751,Clinical knowledge-based ECG abnormalities detection using dual-view CNN-Transformer and external attention mechanism.
38925280,pubmed,2024,eligible,rules,True,True,True,10.1016/j.jbi.2024.104679,Assessing gait dysfunction severity in Parkinson's Disease using 2-Stream Spatial-Temporal Neural Network.
38915688,pubmed,2024,excluded_iii_no_quantitative_comparison,rules,True,True,False,10.3791/62528,Multi-omics analyses and machine learning prediction of oviductal responses in the presence of gametes and embryos.
38915580,pubmed,2024,excluded_iii_no_quantitative_comparison,rules,True,True,False,10.1101/2024.02.26.581612,Early Developmental Origins of Cortical Disorders Modeled in Human Neural Stem Cells.
38913508,pubmed,2024,excluded_iii_no_quantitative_comparison,rules,True,True,False,10.1109/tip.2024.3416052,Causality-Enhanced Multiple Instance Learning With Graph Convolutional Networks for Parkinsonian Freezing-of-Gait Assessment.
38911323,pubmed,2024,excluded_iii_no_quantitative_comparison,rules,True,True,False,10.5603/kp.a2015.0120,Deep Learning Based Prediction of Pulmonary Hypertension in Newborns Using Echocardiograms.
38909708,pubmed,2024,excluded_iii_no_quantitative_comparison,rules,True,True,False,10.1016/j.humpath.2024.06.015,"Loss of ATRX and DAXX in pancreatic neuroendocrine tumors: Association with recurrence risk, cellular phenotype, and heterogeneity."
38890413,pubmed,2024,eligible,rules,True,True,True,10.3389/fneur.2020.00540,Head movement dynamics in dystonia: a multi-centre retrospective study using visual perceptive deep learning.
38889045,pubmed,2024,eligible,rules,True,True,True,10.1109/tnsre.2024.3416159,Computer Vision for Gait Assessment in Cerebral Palsy: Metric Learning and Confidence Estimation.
38886737,pubmed,2024,eligible,rules,True,True,True,10.1016/j.neunet.2022.06.035,Automated diagnosis of schizophrenia based on spatial-temporal residual graph convolutional network.
38885621,pubmed,2025,excluded_i_no_spacetime_structure,rules,False,True,True,10.1159/000539767,Real-Time Cardiac Abnormality Monitoring and Nursing for Patient Using Electrocardiographic Signals.
38884852,pubmed,2024,excluded_i_no_spacetime_structure,rules,False,True,False,10.3389/fneur.2018.00215,Classification of Parkinson's disease severity using gait stance signals in a spatiotemporal deep learning classifier.
38872524,pubmed,2024,eligible,rules,True,True,True,10.3934/mbe.2024221,Micro-expression recognition based on multi-scale 3D residual convolutional neural network.
38870112,pubmed,2024,eligible,rules,True,True,True,10.3238/arztebl.2019.0881,Predicting the daily number of patients for allergic diseases using PM10 concentration based on spatiotemporal graph convolutional networks.
38865920,pubmed,2024,excluded_ii_not_human_health,rules,True,False,True,10.1016/j.jenvman.2024.121386,"Comparative analysis of machine learning methods for prediction of chlorophyll-a in a river with different hydrology characteristics: A case study in Fuchun River, China."
38863734,pubmed,2024,excluded_iii_no_quantitative_comparison,rules,True,True,False,10.3389/fnsys.2015.00049,Coordinated reset stimulation of plastic neural networks with spatially dependent synaptic connections.
38855220,pubmed,2024,eligible,rules,True,True,True,10.3390/s18072146,Recognition of sports and daily activities through deep learning and convolutional block attention.
38838816,pubmed,2024,excluded_review,item_type,,,,10.1016/j.cell.2023.04.031,Local complement activation and modulation in mucosal immunity.
38838679,pubmed,2024,eligible,rules,True,True,True,10.48550/arxiv.2104.07636,Paired conditional generative adversarial network for highly accelerated liver 4D MRI.
38826067,pubmed,2024,eligible,rules,True,True,True,10.1016/j.patcog.2017.03.025,Deep learning classification of EEG-based BCI monitoring of the attempted arm and hand movements.
38821013,pubmed,2024,excluded_iii_no_quantitative_comparison,rules,True,True,False,10.1016/j.nicl.2024.103623,Geodesic shape regression based deep learning segmentation for assessing longitudinal hippocampal atrophy in dementia progression.
38815889,pubmed,2024,excluded_ii_not_human_health,rules,True,False,True,10.1016/j.envpol.2024.124263,A hybrid model for enhanced forecasting of PM2.5 spatiotemporal concentrations with high resolution and accuracy.
38806151,pubmed,2024,excluded_ii_not_human_health,rules,True,False,False,10.1109/cvpr.2018.00675,Dev-ResNet: automated developmental event detection using deep learning.
38804205,pubmed,2024,excluded_review,item_type,,,,10.1097/wco.0000000000001280,fMRI-based spatio-temporal parcellations of the human brain.
38787674,pubmed,2024,excluded_ii_not_human_health,rules,False,False,True,10.1109/tuffc.2024.3404997,Unsupervised Feature Extraction From Raw Data for Gesture Recognition With Wearable Ultralow-Power Ultrasound.
38783913,pubmed,2024,excluded_iii_no_quantitative_comparison,rules,True,True,False,10.48550/arxiv.2002.12530,Deep Learning Model Coupling Wearable Bioelectric and Mechanical Sensors for Refined Muscle Strength Assessment.
38770650,pubmed,2024,eligible,rules,True,True,True,10.1142/s0129065724500412,Epileptic Seizure Prediction Using Spatiotemporal Feature Fusion on EEG.
38757143,pubmed,2024,eligible,rules,True,True,True,10.1016/j.dib.2023.109142.,Human Pose Estimation for Clinical Analysis of Gait Pathologies.
38752397,pubmed,2024,excluded_review,item_type,,,,10.1021/acs.accounts.4c00163,Soft Bioelectronics Using Nanomaterials and Nanostructures for Neuroengineering.
38751125,pubmed,2025,excluded_review,item_type,,,,10.1001/jamapsychiatry.2023.5083,Model-Based Approaches to Investigating Mismatch Responses in Schizophrenia.
38744849,pubmed,2024,excluded_ii_not_human_health,rules,True,False,False,10.1016/j.envint.2020.105998,Parsimonious estimation of hourly surface ozone concentration across China during 2015-2020.
38743552,pubmed,2024,excluded_iii_no_quantitative_comparison,rules,True,True,False,10.1109/tnsre.2024.3400790,An Expert-Knowledge-Based Graph Convolutional Network for Skeleton- Based Physical Rehabilitation Exercises Assessment.
38733053,pubmed,2024,eligible,rules,True,True,True,10.1109/tbme.2022.3189617,Enhancing Fetal Electrocardiogram Signal Extraction Accuracy through a CycleGAN Utilizing Combined CNN-BiLSTM Architecture.
38726217,pubmed,2024,eligible,rules,True,True,True,10.1007/s11517-017-1613-2,Sequential graph convolutional network and DeepRNN based hybrid framework for epileptic seizure detection from EEG signal.
38714020,pubmed,2024,excluded_iii_no_quantitative_comparison,rules,True,True,False,10.1016/j.compmedimag.2024.102392,CAVE: Cerebral artery-vein segmentation in digital subtraction angiography.
38708714,pubmed,2024,excluded_iii_no_quantitative_comparison,rules,True,True,False,10.1093/trstmh/trae021,Temporal trends and space-time distribution of leprosy relapse in Brazil from 2001 to 2021.
38700961,pubmed,2024,eligible,rules,True,True,True,10.1109/tuffc.2024.3396796,Spatiotemporal Deep Learning-Based Cine Loop Quality Filter for Handheld Point-of-Care Echocardiography.
38691314,pubmed,2024,excluded_review,item_type,,,,10.1007/s11116-015-9597-y,Integrating the Physical Environment Within a Population Neuroscience Perspective.
38681140,pubmed,2024,eligible,rules,True,True,True,10.3389/fninf.2018.00095,An epilepsy detection method based on multi-dimensional feature extraction and dual-branch hypergraph convolutional network.
38676235,pubmed,2024,excluded_i_no_spacetime_structure,rules,False,True,False,10.1371/journal.pone.0231968,Emotion Classification Based on Pulsatile Images Extracted from Short Facial Videos via Deep Learning.
38676149,pubmed,2024,eligible,rules,True,True,True,10.1109/tim.2021.3091990,Human Activity Recognition Based on Deep Learning and Micro-Doppler Radar Data.
38676070,pubmed,2024,eligible,rules,True,True,True,10.3390/su151813951,TimeTector: A Twin-Branch Approach for Unsupervised Anomaly Detection in Livestock Sensor Noisy Data (TT-TBAD).
38676047,pubmed,2024,excluded_ii_not_human_health,rules,True,False,True,10.3390/rs15102511,In-Season Cotton Yield Prediction with Scale-Aware Convolutional Neural Network Models and Unmanned Aerial Vehicle RGB Imagery.
38666815,pubmed,2024,excluded_iii_no_quantitative_comparison,rules,True,True,False,10.1038/sdata.2019.39,"Unified Convolutional Sparse Transformer for Disease Diagnosis, Monitoring, Drug Development, and Therapeutic Effect Prediction from EEG Raw Data."
38666040,pubmed,2024,eligible,rules,True,True,True,10.1007/978-3-030-37734-2_36,SpecReFlow: an algorithm for specular reflection restoration using flow-guided video completion.
38664492,pubmed,2024,excluded_i_no_spacetime_structure,rules,False,True,False,10.1021/acs.analchem.9b05194,Resolution of tonic concentrations of highly similar neurotransmitters using voltammetry and deep learning.
38652467,pubmed,2024,excluded_review,item_type,,,,10.1038/s41467-023-43090-9,Exploring Present and Future Directions in Nano-Enhanced Optoelectronic Neuromodulation.
38648788,pubmed,2024,excluded_iii_no_quantitative_comparison,rules,True,True,False,10.1088/1361-6560/ad4193,TIST-Net: style transfer in dynamic contrast enhanced MRI using spatial and temporal information.
38648704,pubmed,2024,eligible,rules,True,True,True,10.1016/j.cmpb.2024.108177,HRU-Net: A high-resolution convolutional neural network for esophageal cancer radiotherapy target segmentation.
38643612,pubmed,2024,excluded_review,item_type,,,,10.1016/j.clinph.2024.03.024,The contribution of EEG to assess and treat motor disorders in multiple sclerosis.
38632912,pubmed,2024,excluded_ii_not_human_health,rules,True,False,True,10.1016/s2542-5196(24)00082-2,Predicting malaria outbreaks using earth observation measurements and spatiotemporal deep learning modelling: a South Asian case study from 2000 to 2017.
38617469,pubmed,2024,excluded_iii_no_quantitative_comparison,rules,True,True,False,10.1017/wtc.2024.5,GLULA: Linear attention-based model for efficient human activity recognition from wearable sensors.
38605171,pubmed,2024,excluded_i_no_spacetime_structure,rules,False,True,True,10.1093/cercor/bhs352,Robust and replicable functional brain signatures of 22q11.2 deletion syndrome and associated psychosis: a deep neural network-based multi-cohort study.
38604010,pubmed,2024,eligible,rules,True,True,True,10.1016/j.cmpb.2024.108158,4D-Precise: Learning-based 3D motion estimation and high temporal resolution 4DCT reconstruction from treatment 2D+t X-ray projections.
38599080,pubmed,2024,excluded_ii_not_human_health,rules,True,False,True,10.1016/j.jenvman.2024.120756,Hybrid WT-CNN-GRU-based model for the estimation of reservoir water quality variables considering spatio-temporal features.
38598398,pubmed,2025,eligible,rules,True,True,True,10.1109/tnnls.2024.3384314,Complex-Valued Convolutional Gated Recurrent Neural Network for Ultrasound Beamforming.
38582120,pubmed,2024,excluded_ii_not_human_health,rules,True,False,False,10.1016/j.scitotenv.2024.172168,Chasing the heat: Unraveling urban hyperlocal air temperature mapping with mobile sensing and machine learning.
38579694,pubmed,2024,eligible,rules,True,True,True,10.1088/2057-1976/ad3afd,A hybrid 1D CNN-BiLSTM model for epileptic seizure detection using multichannel EEG feature fusion.
38575723,pubmed,2024,excluded_iii_no_quantitative_comparison,rules,True,True,False,10.1002/mp.16224,Super-resolution neural networks improve the spatiotemporal resolution of adaptive MRI-guided radiation therapy.
38574530,pubmed,2024,excluded_iii_no_quantitative_comparison,rules,True,True,False,10.1016/j.compbiomed.2024.108382,LightPRA: A Lightweight Temporal Convolutional Network for Automatic Physical Rehabilitation Exercise Assessment.
38562045,pubmed,2024,eligible,rules,True,True,True,10.1002/hed.27756,Comparison of the diagnostic and prognostic abilities of flexible laryngoscopy and dynamic digital radiography for vocal cord paralysis: A prospective observational study.
38559589,pubmed,2024,excluded_review,item_type,,,,10.1093/ehjci/jeaa149,Deep learning from latent spatiotemporal information of the heart: Identifying advanced bioimaging markers from echocardiograms.
38553158,pubmed,2024,eligible,rules,True,True,True,10.1016/j.artmed.2024.102818,ECG-based cardiac arrhythmias detection through ensemble learning and fusion of deep spatial-temporal and long-range dependency features.
38552080,pubmed,2024,excluded_i_no_spacetime_structure,rules,False,True,False,10.1097/md.0000000000037347,Bibliometric and visualized analysis of DME from 2012 to 2022.
38544172,pubmed,2024,eligible,rules,True,True,True,10.1016/j.petrol.2021.109920,PAR-Net: An Enhanced Dual-Stream CNN-ESN Architecture for Human Physical Activity Recognition.
38537536,pubmed,2024,excluded_iii_no_quantitative_comparison,rules,True,True,False,10.1016/j.compmedimag.2024.102376,Annotation-free prediction of treatment-specific tissue outcome from 4D CT perfusion imaging in acute ischemic stroke.
38534525,pubmed,2024,eligible,rules,True,True,True,10.1038/s41746-021-00462-z,Contactless Blood Oxygen Saturation Estimation from Facial Videos Using Deep Learning.
38518412,pubmed,2024,eligible,rules,True,True,True,10.1016/j.compmedimag.2024.102368,Multi modality fusion transformer with spatio-temporal feature aggregation module for psychiatric disorder diagnosis.
38505490,pubmed,2024,eligible,rules,True,True,True,10.1093/ehjdh/ztad077,Deep learning from atrioventricular plane displacement in patients with Takotsubo syndrome: lighting up the black-box.
38492252,pubmed,2024,eligible,rules,True,True,True,10.1016/j.media.2024.103142,STADNet: Spatial-Temporal Attention-Guided Dual-Path Network for cardiac cine MRI super-resolution.
38490169,pubmed,2024,eligible,rules,True,True,True,10.1177/00368504241236345,A novel measurement approach to dynamic change of limb length discrepancy using deep learning and wearable sensors.
38490009,pubmed,2024,excluded_ii_not_human_health,rules,False,False,False,10.1016/j.jenvman.2024.120510,Genetic programming expressions for effluent quality prediction: Towards AI-driven monitoring and management of wastewater treatment plants.
38487204,pubmed,2023,excluded_i_no_spacetime_structure,rules,False,True,True,10.48550/arxiv.1710.10903,Detection of Patients at Risk of Multidrug-Resistant Enterobacteriaceae Infection Using Graph Neural Networks: A Retrospective Study.
38481280,pubmed,2024,excluded_i_no_spacetime_structure,rules,False,True,True,10.1016/j.neurobiolaging.2020.08.007,A novel spatiotemporal graph convolutional network framework for functional connectivity biomarkers identification of Alzheimer's disease.
38479004,pubmed,2024,eligible,rules,True,True,True,10.1038/nature25988,3D cine-magnetic resonance imaging using spatial and temporal implicit neural representation learning (STINR-MR).
38478458,pubmed,2024,eligible,rules,True,True,True,10.1109/jbhi.2024.3377128,CiGNN: A Causality-Informed and Graph Neural Network Based Framework for Cuffless Continuous Blood Pressure Estimation.
38471292,pubmed,2024,eligible,rules,True,True,True,10.1016/j.cmpb.2024.108123,STCGRU: A hybrid model based on CNN and BiGRU for mild cognitive impairment diagnosis.
38462269,pubmed,2024,eligible,rules,True,True,True,10.1016/j.artmed.2023.102755,Finding neural correlates of depersonalisation/derealisation disorder via explainable CNN-based analysis guided by clinical assessment scores.
38460346,pubmed,2024,eligible,rules,True,True,True,10.1016/j.cmpb.2024.108109,TipDet: A multi-keyframe motion-aware framework for tip detection during ultrasound-guided interventions.
38447316,pubmed,2024,eligible,rules,True,True,True,10.1016/j.cmpb.2024.108105,Investigating the interpretability of schizophrenia EEG mechanism through a 3DCNN-based hidden layer features aggregation framework.
38444471,pubmed,2024,excluded_iii_no_quantitative_comparison,rules,True,True,False,10.1016/j.heliyon.2024.e26645,Feature-based 3D+t descriptors of hyperactivated human sperm beat patterns.
38436994,pubmed,2024,excluded_i_no_spacetime_structure,rules,False,True,True,10.5281/zenodo.592960,Ferumoxytol-Enhanced Cardiac Cine MRI Reconstruction Using a Variable-Splitting Spatiotemporal Network.
38436885,pubmed,2024,excluded_iii_no_quantitative_comparison,rules,True,True,False,10.1016/j.cmpb.2017.10.018,Vectorgastrogram: dynamic trajectory and recurrence quantification analysis to assess slow wave vector movement in healthy subjects.
38430608,pubmed,2024,excluded_i_no_spacetime_structure,rules,False,True,False,10.1016/j.jbiomech.2024.112027,Markerless gait analysis through a single camera and computer vision.
38428251,pubmed,2024,eligible,rules,True,True,True,10.1016/j.cmpb.2024.108081,Performance of Fourier-based activation function in physics-informed neural networks for patient-specific cardiovascular flows.
38417659,pubmed,2024,excluded_review,item_type,,,,10.1016/j.envres.2024.118568,Towards development of functional climate-driven early warning systems for climate-sensitive infectious diseases: Statistical models and recommendations.
38411839,pubmed,2024,eligible,rules,True,True,True,10.1186/s12874-018-0482-1,Deep learning model based on multi-lesion and time series CT images for predicting the benefits from anti-HER2 targeted therapy in stage IV gastric cancer.
38390374,pubmed,2023,excluded_iii_no_quantitative_comparison,rules,True,True,False,10.1007/978-3-030-59728-3_52,Modularity-Constrained Dynamic Representation Learning for Interpretable Brain Disorder Analysis with Functional MRI.
38388632,pubmed,2024,excluded_ii_not_human_health,rules,True,False,False,10.3390/su15097624,An adaptive adjacency matrix-based graph convolutional recurrent network for air quality prediction.
38384738,pubmed,2024,excluded_iii_no_quantitative_comparison,rules,True,True,False,10.1016/j.joca.2012.02.528,A marker-less human motion analysis system for motion-based biomarker identification and quantification in knee disorders.
38371369,pubmed,2023,eligible,rules,True,True,True,10.1016/j.compbiomed.2022.105815,EEG-based high-performance depression state recognition.
38370717,pubmed,2024,excluded_iii_no_quantitative_comparison,rules,True,True,False,10.1101/2024.02.02.577085,Spatiotemporal profiling defines persistence and resistance dynamics during targeted treatment of melanoma.
38364662,pubmed,2024,excluded_iii_no_quantitative_comparison,rules,True,True,False,10.1016/j.compbiomed.2024.108143,SeqCorr-EUNet: A sequence correction dual-flow network for segmentation and quantification of anterior segment OCT image.
38360876,pubmed,2024,excluded_iii_no_quantitative_comparison,rules,True,True,False,10.3389/fimmu.2018.02925,INHBA(+) cancer-associated fibroblasts generate an immunosuppressive tumor microenvironment in ovarian cancer.
38360820,pubmed,2024,excluded_iii_no_quantitative_comparison,rules,True,True,False,10.1145/3407659,Validation of portable in-clinic video-based gait analysis for prosthesis users.
38360080,pubmed,2024,eligible,rules,True,True,True,10.1016/j.jbi.2024.104607,Temporal attention networks for biomedical hypothesis generation.
38358619,pubmed,2024,excluded_iii_no_quantitative_comparison,rules,True,True,False,10.1016/j.clinph.2013.04.010,Prediction of treatment response in major depressive disorder using a hybrid of convolutional recurrent deep neural networks and effective connectivity based on EEG signal.
38357602,pubmed,2024,excluded_i_no_spacetime_structure,rules,False,True,True,10.1080/02841860600907345,Feasibility Study of Convolutional Long ShortTerm Memory Network for Pulmonary Movement Prediction in CT Images.
38351047,pubmed,2024,eligible,rules,True,True,True,10.1093/bioinformatics/btw313,Integrative analysis of epilepsy-associated genes reveals expression-phenotype correlations.
38350546,pubmed,2024,excluded_ii_not_human_health,rules,True,False,True,10.1016/j.envres.2024.118438,Quantifying uncertainty: Air quality forecasting based on dynamic spatial-temporal denoising diffusion probabilistic model.
38344287,pubmed,2024,eligible,rules,True,True,True,10.1109/iros51168.2021.9635860,Synergetic gait prediction and compliant control of SEA-driven knee exoskeleton for gait rehabilitation.
38343216,pubmed,2024,eligible,rules,True,True,True,10.1016/j.apacoust.2022.108844,A Deep Learning-Based Approach for Cervical Cancer Classification Using 3D CNN and Vision Transformer.
38343209,pubmed,2024,excluded_ii_not_human_health,rules,True,False,True,10.1002/mrm.28834,Background Subtraction Angiography with Deep Learning Using Multi-frame Spatiotemporal Angiographic Input.
38342983,pubmed,2024,eligible,rules,True,True,True,10.1002/mrm.30021,JUST-Net: Jointly unrolled cross-domain optimization based spatio-temporal reconstruction network for accelerated 3D myelin water imaging.
38341100,pubmed,2024,eligible,rules,True,True,True,10.1016/j.bbr.2024.114900,Longitudinal MRI analysis using a hybrid DenseNet-BiLSTM method for Alzheimer's disease prediction.
38339474,pubmed,2024,eligible,rules,True,True,True,10.59717/j.xinn-mater.2023.100035,Wearable Sensor-Based Residual Multifeature Fusion Shrinkage Networks for Human Activity Recognition.
38319754,pubmed,2024,excluded_iii_no_quantitative_comparison,rules,True,True,False,10.1109/tmi.2024.3363014,Spatio-Temporal Graph Hubness Propagation Model for Dynamic Brain Network Classification.
38298914,pubmed,2024,eligible,rules,True,True,True,10.1109/taffc.2020.2994159,ERTNet: an interpretable transformer-based framework for EEG emotion recognition.
38275499,pubmed,2024,excluded_ii_not_human_health,rules,True,False,True,10.1609/aaai.v34i01.5438,A Multi-Modal Deep-Learning Air Quality Prediction Method Based on Multi-Station Time-Series Data and Remote-Sensing Images: Case Study of Beijing and Tianjin.
38273321,pubmed,2024,excluded_iii_no_quantitative_comparison,rules,True,True,False,10.1364/boe.3.001047,Retinal capillary perfusion heterogeneity in diabetic retinopathy detected by optical coherence tomography angiography.
38272101,pubmed,2024,excluded_review,item_type,,,,10.1016/j.bbcan.2024.189080,"Prostate cancer: Molecular aspects, consequences, and opportunities of the multifocal nature."
38264579,pubmed,2023,excluded_i_no_spacetime_structure,rules,False,True,True,10.1109/tpami.2018.2816031,Effective evaluation of HGcnMLP method for markerless 3D pose estimation of musculoskeletal diseases patients based on smartphone monocular video.
38253770,pubmed,2024,excluded_i_no_spacetime_structure,rules,False,True,False,10.1007/s10278-019-00227-x,An automated deep learning pipeline for EMVI classification and response prediction of rectal cancer using baseline MRI: a multi-centre study.
38248892,pubmed,2024,excluded_review,item_type,,,,10.1259/bjr.20190812,Cardiovascular Computed Tomography in the Diagnosis of Cardiovascular Disease: Beyond Lumen Assessment.
38247009,pubmed,2024,eligible,rules,True,True,True,10.1016/j.ins.2022.01.070,Hybrid-FHR: a multi-modal AI approach for automated fetal acidosis diagnosis.
38241850,pubmed,2024,excluded_iii_no_quantitative_comparison,rules,True,True,False,10.1016/j.healthplace.2024.103174,Social media insights into spatio-temporal emotional responses to COVID-19 crisis.
41648746,pubmed,2024,excluded_iii_no_quantitative_comparison,rules,True,True,False,10.1016/j.esmogo.2023.100031,VOLTAGE-2: multicenter phase II study of nivolumab monotherapy in patients with mismatch repair-deficient resectable locally advanced rectal cancer.
38231823,pubmed,2024,eligible,rules,True,True,True,10.1109/tbme.2024.3355215,A Spatiotemporal Deep Learning Framework for Scalp EEG-Based Automated Pain Assessment in Children.
38225576,pubmed,2024,eligible,rules,True,True,True,10.1504/ijmei.2020.107088,Heart failure classification using deep learning to extract spatiotemporal features from ECG.
38223546,pubmed,2024,eligible,rules,True,True,True,10.1155/2010/426218,Microfluidics-based patient-derived disease detection tool for deep learning-assisted precision medicine.
38216454,pubmed,2024,excluded_ii_not_human_health,rules,True,False,True,10.13227/j.hjkx.202302237,[Remote Sensing Model for Estimating Atmospheric PM2.5 Concentration in the Guangdong-Hong Kong-Macao Greater Bay Area].
38215808,pubmed,2024,excluded_i_no_spacetime_structure,rules,False,True,False,10.1016/j.hrthm.2024.01.007,Artificial intelligence-adjudicated spatiotemporal dispersion: A patient-unique fingerprint of persistent atrial fibrillation.
38214325,pubmed,2024,excluded_iii_no_quantitative_comparison,rules,True,True,False,10.1002/mp.16935,Greybox: A hybrid algorithm for direct estimation of tracer kinetic parameters from undersampled DCE-MRI data.
38211658,pubmed,2024,eligible,rules,True,True,True,10.1016/j.jocmr.2023.100003,Deep learning based automated left ventricle segmentation and flow quantification in 4D flow cardiac MRI.
38204763,pubmed,2023,excluded_iii_no_quantitative_comparison,rules,True,True,False,10.1109/embc46164.2021.9629630,Temporal Uncertainty Localization to Enable Human-in-the-Loop Analysis of Dynamic Contrast-Enhanced Cardiac MRI Datasets.
38203004,pubmed,2023,excluded_iii_no_quantitative_comparison,rules,True,True,False,10.1109/tgrs.2020.3019915,PGGait: Gait Recognition Based on Millimeter-Wave Radar Spatio-Temporal Sensing of Multidimensional Point Clouds.
38198272,pubmed,2024,excluded_iii_no_quantitative_comparison,rules,True,True,False,10.1109/tnsre.2024.3352004,Cross-Spatiotemporal Graph Convolution Networks for Skeleton-Based Parkinsonian Gait MDS-UPDRS Score Estimation.
38193835,pubmed,2024,excluded_review,item_type,,,,10.1016/j.jcmg.2023.05.003,Present and Future Innovations in AI and Cardiac MRI.
38187909,pubmed,2023,eligible,rules,True,True,True,10.1016/j.brain.2023.100084,Predicting the spatio-temporal response of recurrent glioblastoma treated with rhenium-186 labelled nanoliposomes.
38184353,pubmed,2024,eligible,rules,True,True,True,10.1016/j.artmed.2023.102746,Multi-organ spatiotemporal information aware model for sepsis mortality prediction.
38179243,pubmed,2023,excluded_iii_no_quantitative_comparison,rules,True,True,False,10.1088/1741-2552/ab8b7b,Enhancing generalized anxiety disorder diagnosis precision: MSTCNN model utilizing high-frequency EEG signals.
38172115,pubmed,2024,eligible,rules,True,True,True,10.1016/j.neuroimage.2018.01.041,Aberrant resting-state co-activation network dynamics in major depressive disorder.
38168287,pubmed,2023,eligible,rules,True,True,True,10.1016/j.neuroimage.2009.09.037,Voxel-wise Fusion of Resting fMRI Networks and Gray Matter Volume for Alzheimer's Disease Classification using Deep Multimodal Learning.
38164328,pubmed,2024,excluded_i_no_spacetime_structure,rules,False,True,False,10.1371/journal.pone.0264994,Spatiotemporal trends in COVID-19 vaccine sentiments on a social media platform and correlations with reported vaccine coverage.
38163305,pubmed,2024,excluded_iii_no_quantitative_comparison,rules,True,True,False,10.1109/tmi.2023.3348949,Semi-Supervised Thyroid Nodule Detection in Ultrasound Videos.
38160269,pubmed,2024,eligible,rules,True,True,True,,BrainSTEAM: A Practical Pipeline for Connectome-based fMRI Analysis towards Subject Classification.
38148942,pubmed,2023,eligible,rules,True,True,True,10.1109/iccv.2015.510,Two-stage video-based convolutional neural networks for adult spinal deformity classification.
38145528,pubmed,2024,excluded_iii_no_quantitative_comparison,rules,True,True,False,10.1109/tnsre.2023.3347134,Regional-Asymmetric Adaptive Graph Convolutional Neural Network for Diagnosis of Autism in Children With Resting-State EEG.
38145523,pubmed,2024,eligible,rules,True,True,True,10.1109/tnsre.2023.3346955,B2-ViT Net: Broad Vision Transformer Network With Broad Attention for Seizure Prediction.
38144693,pubmed,2023,excluded_iii_no_quantitative_comparison,rules,True,True,False,10.1016/j.neuroimage.2009.10.080,A hybrid spatiotemporal deep belief network and sparse representation-based framework reveals multilevel core functional components in decoding multitask fMRI signals.
38118345,pubmed,2024,excluded_iii_no_quantitative_comparison,rules,True,True,False,10.1016/j.jenvman.2023.119806,Gated graph neural networks for identifying contamination sources in water distribution systems.
38112538,pubmed,2024,excluded_ii_not_human_health,rules,True,False,False,10.1101/2023.09.08.555904,Deep Learning-Assisted Single-Molecule Detection of Protein Post-translational Modifications with a Biological Nanopore.
38098015,pubmed,2023,eligible,rules,True,True,True,10.1007/s00202-022-01641-1,Wireless capsule endoscopy multiclass classification using three-dimensional deep convolutional neural network model.
38096945,pubmed,2024,excluded_iii_no_quantitative_comparison,rules,True,True,False,10.1016/j.jbi.2023.104567,Providing clinical context to the spatio-temporal analysis of 4D CT perfusion to predict acute ischemic stroke lesion outcomes.
38092156,pubmed,2024,eligible,rules,True,True,True,10.1016/j.neuroimage.2023.120495,Prediction of brain sex from EEG: using large-scale heterogeneous dataset for developing a highly accurate and interpretable ML model.
38083417,pubmed,2023,eligible,rules,True,True,True,10.1109/embc40787.2023.10340683,Enhanced Deep Transfer Learning Model based on Spatial-Temporal driven Scalograms for Precise Decoding of Motor Intent in Stroke Survivors.
38083374,pubmed,2023,excluded_iii_no_quantitative_comparison,rules,True,True,False,10.1109/embc40787.2023.10340709,High-fidelity Database-free Deep Learning Reconstruction for Real-time Cine Cardiac MRI.
38083216,pubmed,2023,eligible,rules,True,True,True,10.1109/embc40787.2023.10339950,Image-based Gait Spatiotemporal Parameters Estimation using a Single Camera and CNN-Transformer Hybrid Network.
38083203,pubmed,2023,excluded_i_no_spacetime_structure,rules,False,True,True,10.1109/embc40787.2023.10340904,Convolutional Neural Network for Estimating Spatiotemporal and Kinematic Gait Parameters using a Single Inertial Sensor.
38083195,pubmed,2023,eligible,rules,True,True,True,10.1109/embc40787.2023.10339953,Two-stream Graph Convolutional Networks with Task-specific Loss for Dual-task Gait Analysis.
38083002,pubmed,2023,eligible,rules,True,True,True,10.1109/embc40787.2023.10340923,STformer: Spatial-Temporal Transformer for early Warning of Unplanned Extubation in ICU.
38082966,pubmed,2023,eligible,rules,True,True,True,10.1109/embc40787.2023.10340787,Spatiotemporal Excitation Module-based CNN for Diagnosis of Hepatic Malignancy in Four-phase CT Images.
38082600,pubmed,2023,excluded_iii_no_quantitative_comparison,rules,True,True,False,10.1109/embc40787.2023.10340338,Towards the definition of Microstates of the Cortical Brain-Heart Axis.
38082277,pubmed,2023,excluded_iii_no_quantitative_comparison,rules,True,True,False,10.1007/978-3-030-59716-0_61,Evaluating the ability of a predictive vision-based machine learning model to measure changes in gait in response to medication and DBS within individuals with Parkinson's disease.
38076950,pubmed,2023,eligible,rules,True,True,True,10.1101/2023.11.30.23299218,Spatiotemporal Rhythmic Seizure Sources Can be Imaged by means of Biophysically Constrained Deep Neural Networks.
38070645,pubmed,2024,excluded_ii_not_human_health,rules,True,False,True,10.1016/j.envpol.2023.123104,"Estimation of water quality variables based on machine learning model and cluster analysis-based empirical model using multi-source remote sensing data in inland reservoirs, South China."
38068905,pubmed,2023,eligible,rules,True,True,True,10.1002/jbio.201400141,Shedding Light on Colorectal Cancer: An In Vivo Raman Spectroscopy Approach Combined with Deep Learning Analysis.
38067957,pubmed,2023,excluded_ii_not_human_health,rules,True,False,True,10.1109/jiot.2021.3063520,AI-IoT Low-Cost Pollution-Monitoring Sensor Network to Assist Citizens with Respiratory Problems.
38067803,pubmed,2023,excluded_ii_not_human_health,rules,True,False,False,10.1109/jsen.2022.3170311,Human Movement Recognition Based on 3D Point Cloud Spatiotemporal Information from Millimeter-Wave Radar.
38066313,pubmed,2023,excluded_ii_not_human_health,rules,True,False,True,10.2136/sssaj1978.03615995004200020029x,"Spatio-temporal prediction of land use and land cover change in Bahi (Manyoni) Catchment, Tanzania, using multilayer perceptron neural network and cellular automata-Markov chain model."
38066222,pubmed,2023,eligible,rules,True,True,True,10.1016/s0140-6736(86)90837-8,Resource efficient aortic distensibility calculation by end to end spatiotemporal learning of aortic lumen from multicentre multivendor multidisease CMR images.
38056967,pubmed,2023,excluded_review,item_type,,,,10.1016/s2542-5196(23)00235-8,Long-term mortality burden trends attributed to black carbon and PM2·5 from wildfire emissions across the continental USA from 2000 to 2020: a deep learning modelling study.
38051626,pubmed,2023,excluded_iii_no_quantitative_comparison,rules,True,True,False,10.1109/tnsre.2023.3339518,Three-Stream Convolutional Neural Network for Depression Detection With Ocular Imaging.
38048709,pubmed,2024,excluded_ii_not_human_health,rules,True,False,False,10.1016/j.jenvman.2023.119675,"Characterizing the spatio-temporal distribution, detection, and prediction of aerosol atmospheric rivers on a global scale."
38048234,pubmed,2024,eligible,rules,True,True,True,10.1109/jbhi.2023.3337521,STANet: Spatio-Temporal Adaptive Network and Clinical Prior Embedding Learning for 3D+T CMR Segmentation.
38036585,pubmed,2023,excluded_ii_not_human_health,rules,True,False,True,10.6084/m9.figshare.21440622.v4,Reconstructing aerosol optical depth using spatiotemporal Long Short-Term Memory convolutional autoencoder.
38031552,pubmed,2022,excluded_iii_no_quantitative_comparison,rules,True,True,False,10.1109/bsn56160.2022.9928492,SmokeMon: Unobtrusive Extraction of Smoking Topography Using Wearable Energy-Efficient Thermal.
38029622,pubmed,2023,excluded_i_no_spacetime_structure,rules,False,True,False,10.1016/j.envint.2023.108343,Large-scale spatiotemporal deep learning predicting urban residential indoor PM2.5 concentration.
38026689,pubmed,2023,excluded_ii_not_human_health,rules,True,False,False,10.1016/j.biomaterials.2013.11.028,Spatiotemporal analysis of 3D human iPSC-derived neural networks using a 3D multi-electrode array.
38025953,pubmed,2023,eligible,rules,True,True,True,10.2478/jtim-2023-0088,A generalized deep learning model for heart failure diagnosis using dynamic and static ultrasound.
38016563,pubmed,2024,excluded_ii_not_human_health,rules,True,False,False,10.1016/j.scitotenv.2023.168672,Improved prediction of hourly PM2.5 concentrations with a long short-term memory and spatio-temporal causal convolutional network deep learning model.
38015677,pubmed,2024,eligible,rules,True,True,True,10.1109/jbhi.2023.3335854,ST-SCGNN: A Spatio-Temporal Self-Constructing Graph Neural Network for Cross-Subject EEG-Based Emotion Recognition and Consciousness Detection.
37993491,pubmed,2023,eligible,rules,True,True,True,10.1016/j.compag.2022.106738,X3DFast model for classifying dairy cow behaviors based on a two-pathway architecture.
37991560,pubmed,2023,excluded_ii_not_human_health,rules,True,False,True,10.1016/j.aquaculture.2019.04.056,An IoT-based water contamination analysis for aquaculture using lightweight multi-headed GRU model.
37980016,pubmed,2024,excluded_review,item_type,,,,10.1016/j.jes.2023.02.026,Time-sensitive prediction of NO2 concentration in China using an ensemble machine learning model from multi-source data.
37977237,pubmed,2023,eligible,rules,True,True,True,10.1016/j.phrs.2023.106992,Non-linear modifications enhance prediction of pathological response to pre-operative PD-1 blockade in lung cancer: A longitudinal hybrid radiological model.
37955069,pubmed,2023,excluded_iii_no_quantitative_comparison,rules,True,True,False,10.3233/thc-235010,Parkinson's disease classification with CWNN: Using wavelet transformations and IMU data fusion for improved accuracy.
37944321,pubmed,2024,excluded_ii_not_human_health,rules,True,False,True,10.1016/j.ecolind.2019.105976,Forecasting freshwater cyanobacterial harmful algal blooms for Sentinel-3 satellite resolved U.S. lakes and reservoirs.
37943637,pubmed,2024,excluded_i_no_spacetime_structure,rules,False,True,True,10.1109/tip.2023.3330108,Robust Remote Photoplethysmography Estimation With Environmental Noise Disentanglement.
37938451,pubmed,2024,excluded_iii_no_quantitative_comparison,rules,True,True,False,10.1016/j.cmpb.2019.06.006,Hybrid deep transfer learning-based early diagnosis of autism spectrum disorder using scalogram representation of electroencephalography signals.
37937266,pubmed,2023,eligible,rules,True,True,True,10.1117/12.2652137,Deformable Motion Compensation for Intraprocedural Vascular Cone-beam CT with Sequential Projection Domain Targeting and Vessel-Enhancing Autofocus.
37934647,pubmed,2024,eligible,rules,True,True,True,10.1109/tmi.2023.3330576,Learning Spatio-Temporal Model of Disease Progression With NeuralODEs From Longitudinal Volumetric Data.
37928299,pubmed,2023,excluded_iii_no_quantitative_comparison,rules,True,True,False,10.1002/iju5.12613,Control of bleeding from a recurrent tumor at a uretero-ileal anastomosis by electrocoagulation via an ileal conduit.
37925906,pubmed,2023,eligible,rules,True,True,True,10.1016/j.compbiomed.2023.107602,BabyNet＋＋: Fetal birth weight prediction using biometry multimodal data acquired less than 24 hours before delivery.
37921964,pubmed,2024,eligible,rules,True,True,True,10.1093/eurheartj/ehz835,Automatic classification of heart failure based on Cine-CMR images.
37921217,pubmed,2024,excluded_iii_no_quantitative_comparison,rules,True,True,False,10.1002/cnm.3783,Efficient approximation of cardiac mechanics through reduced-order modeling with deep learning-based operator approximation.
37919998,pubmed,2023,excluded_ii_not_human_health,rules,True,False,False,10.3934/mbe.2023712,Time-Resolved 3D cardiopulmonary MRI reconstruction using spatial transformer network.
37917779,pubmed,2023,excluded_ii_not_human_health,rules,True,False,False,10.1523/jneurosci.20-14-j0005.2000,Response retention and apparent motion effect in visual cortex models.
37903038,pubmed,2023,eligible,rules,True,True,True,10.1109/jbhi.2023.3328343,Spatio-Temporal Classification of Lung Ventilation Patterns using 3D EIT Images: A General Approach for Individualized Lung Function Evaluation.
37888338,pubmed,2023,excluded_iii_no_quantitative_comparison,rules,True,True,False,10.1016/j.compmedimag.2009.07.006,Spatio-Temporal Positron Emission Tomography Reconstruction with Attenuation and Motion Correction.
37879913,pubmed,2023,excluded_i_no_spacetime_structure,rules,False,True,True,10.7507/1001-5515.201809040,[Alzheimer's disease classification based on nonlinear high-order features and hypergraph convolutional neural network].
37875546,pubmed,2023,eligible,rules,True,True,True,10.1007/s11263-021-01453-z,Interpretable spatial identity neural network-based epidemic prediction.
37871091,pubmed,2023,excluded_ii_not_human_health,rules,True,False,True,10.1109/jbhi.2023.3327025,ST-ReGE: A Novel Spatial-Temporal Residual Graph Convolutional Network for CVD.
37868778,pubmed,2023,eligible,rules,True,True,True,10.1093/cvr/cvac051,CARDIAN: a novel computational approach for real-time end-diastolic frame detection in intravascular ultrasound using bidirectional attention networks.
37860998,pubmed,2023,excluded_iii_no_quantitative_comparison,rules,True,True,False,10.1002/mp.16805,Spatial-temporal V-Net for automatic segmentation and quantification of right ventricle on gated myocardial perfusion SPECT images.
37858039,pubmed,2023,eligible,rules,True,True,True,10.1093/ehjci/jev014,Weakly supervised video-based cardiac detection for hypertensive cardiomyopathy.
37857316,pubmed,2023,eligible,rules,True,True,True,10.1016/j.neubiorev.2015.02.002,Dose reduction in dynamic synaptic vesicle glycoprotein 2A PET imaging using artificial neural networks.
37857026,pubmed,2023,eligible,rules,True,True,True,10.1016/j.cmpb.2023.107856,Lightweight convolution transformer for cross-patient seizure detection in multi-channel EEG signals.
37849064,pubmed,2024,excluded_iii_no_quantitative_comparison,rules,True,True,False,10.1002/mrm.27998,Movienet: Deep space-time-coil reconstruction network without k-space data consistency for fast motion-resolved 4D MRI.
37849048,pubmed,2024,eligible,rules,True,True,True,10.1002/mrm.29491,Transformer-based deep learning denoising of single and multi-delay 3D arterial spin labeling.
37844566,pubmed,2023,eligible,rules,True,True,True,10.1088/1741-2552/ad038b,AMGCN-L: an adaptive multi-time-window graph convolutional network with long-short-term memory for depression detection.
37841651,pubmed,2024,excluded_ii_not_human_health,rules,True,False,True,10.1016/j.ese.2023.100319,Surveillance-image-based outdoor air quality monitoring.
37831570,pubmed,2025,excluded_iii_no_quantitative_comparison,rules,True,True,False,10.1109/jbhi.2023.3324319,PPG-Based Continuous BP Waveform Estimation Using Polarized Attention-Guided Conditional Adversarial Learning Model.
37812025,pubmed,2023,excluded_iii_no_quantitative_comparison,rules,True,True,False,10.1158/0008-5472.can-23-0385,Subclonal Somatic Copy-Number Alterations Emerge and Dominate in Recurrent Osteosarcoma.
37809465,pubmed,2023,excluded_ii_not_human_health,rules,True,False,False,10.1016/j.heliyon.2023.e20088,"Modeling of land use/land cover dynamics using artificial neural network and cellular automata Markov chain algorithms in Goang watershed, Ethiopia."
37799087,pubmed,2024,excluded_iii_no_quantitative_comparison,rules,True,True,False,10.1016/j.media.2023.102760,HyperSLICE: HyperBand optimized spiral for low-latency interactive cardiac examination.
37796668,pubmed,2023,eligible,rules,True,True,True,10.1109/tnsre.2023.3322275,CLEP: Contrastive Learning for Epileptic Seizure Prediction Using a Spatio-Temporal-Spectral Network.
37793368,pubmed,2023,eligible,rules,True,True,True,10.1088/1741-2552/acfff5,A robust seizure detection and prediction method with feature selection and spatio-temporal casual neural network model.
37784153,pubmed,2023,eligible,rules,True,True,True,10.1002/mrm.10361,Highly accelerated free-breathing real-time myocardial tagging for exercise cardiovascular magnetic resonance.
37781248,pubmed,2023,eligible,rules,True,True,True,10.1109/tii.2018.2889315,Efficient human activity recognition with spatio-temporal spiking neural networks.
37778103,pubmed,2023,excluded_iii_no_quantitative_comparison,rules,True,True,False,10.1016/j.media.2023.102971,Spatio-temporal physics-informed learning: A novel approach to CT perfusion analysis in acute ischemic stroke.
39829676,pubmed,2023,excluded_iii_no_quantitative_comparison,rules,True,True,False,10.1007/978-3-031-43895-0_60,Gadolinium-Free Cardiac MRI Myocardial Scar Detection by 4D Convolution Factorization.
37776472,pubmed,2024,excluded_iii_no_quantitative_comparison,rules,True,True,False,10.1016/j.jad.2016.04.046,Resting-State EEG Microstates and Power Spectrum in Borderline Personality Disorder: A High-Density EEG Study.
37765929,pubmed,2023,excluded_iii_no_quantitative_comparison,rules,True,True,False,10.3390/s150102181,Development and Testing of a Daily Activity Recognition System for Post-Stroke Rehabilitation.
37765731,pubmed,2023,excluded_ii_not_human_health,rules,True,False,False,10.1109/tpami.2021.3059968,"Automated Stabilization, Enhancement and Capillaries Segmentation in Videocapillaroscopy."
37754948,pubmed,2023,excluded_iii_no_quantitative_comparison,rules,True,True,False,10.1109/tpami.2017.2699184,Thermal Image Processing for Respiratory Estimation from Cubical Data with Expandable Depth.
37754096,pubmed,2023,eligible,rules,True,True,True,10.1109/tpami.2016.2572683,Elderly Fall Detection Based on GCN-LSTM Multi-Task Learning Using Nursing Aids Integrated with Multi-Array Flexible Tactile Sensors.
37744246,pubmed,2023,eligible,rules,True,True,True,10.1016/j.gaitpost.2012.07.032,Inertial sensors for gait monitoring and design of adaptive controllers for exoskeletons after stroke: a feasibility study.
37735477,pubmed,2023,excluded_review,item_type,,,,10.1111/j.1460-9568.2009.06635.x,"Uncovering the neurophysiology of mood, motivation and behavioral symptoms in Parkinson's disease through intracranial recordings."
37712215,pubmed,2023,eligible,rules,True,True,True,10.1002/ana.26796,The Differing Effects of Sleep on Ictal and Interictal Network Dynamics in Drug-Resistant Epilepsy.
37695969,pubmed,2023,eligible,rules,True,True,True,10.1109/tnsre.2023.3314100,An Interpretable Deep Learning Optimized Wearable Daily Detection System for Parkinson's Disease.
37688991,pubmed,2023,eligible,rules,True,True,True,10.1016/j.compbiomed.2023.107420,D-STGCNT: A Dense Spatio-Temporal Graph Conv-GRU Network based on transformer for assessment of patient physical rehabilitation.
37684278,pubmed,2023,eligible,rules,True,True,True,10.7555/jbr.34.20190043,Automated recognition of epilepsy from EEG signals using a combining space-time algorithm of CNN-LSTM.
37679157,pubmed,2023,excluded_iii_no_quantitative_comparison,rules,True,True,False,10.3934/mbe.2023660,A long short-temory relation network for real-time prediction of patient-specific ventilator parameters.
37674519,pubmed,2023,eligible,rules,True,True,True,10.1145/3240508.3240525,An effective fusion model for seizure prediction: GAMRNN.
37664410,pubmed,2023,excluded_iii_no_quantitative_comparison,rules,True,True,False,10.1109/embc46164.2021.9629630,Temporal Uncertainty Localization to Enable Human-in-the-loop Analysis of Dynamic Contrast-enhanced Cardiac MRI Datasets.
37651491,pubmed,2023,excluded_iii_no_quantitative_comparison,rules,True,True,False,10.1109/tmi.2023.3310933,TT U-Net: Temporal Transformer U-Net for Motion Artifact Reduction Using PAD (Pseudo All-Phase Clinical-Dataset) in Cardiac CT.
37650944,pubmed,2023,excluded_ii_not_human_health,rules,True,False,False,10.1016/j.asoc.2020.106128,UAV hyperspectral remote sensor images for mango plant disease and pest identification using MD-FCM and XCS-RBFNN.
37645038,pubmed,2023,eligible,rules,True,True,True,,3D cine-magnetic resonance imaging using spatial and temporal implicit neural representation learning (STINR-MR).
37640743,pubmed,2024,excluded_iii_no_quantitative_comparison,rules,True,True,False,10.1097/cm9.0000000000002803,Knowledge-embedded spatio-temporal analysis for euploidy embryos identification in couples with chromosomal rearrangements.
37637435,pubmed,2023,eligible,rules,True,True,True,10.1109/jbhi.2021.3100297,Combining temporal and spatial attention for seizure prediction.
37631706,pubmed,2023,excluded_i_no_spacetime_structure,rules,False,True,True,10.1088/1361-6579/ab86d6,Gait Stride Length Estimation Using Embedded Machine Learning.
37631602,pubmed,2023,eligible,rules,True,True,True,10.1109/fg57933.2023.10042643,Real-Time Monocular Skeleton-Based Hand Gesture Recognition Using 3D-Jointsformer.
37624895,pubmed,2023,excluded_ii_not_human_health,rules,True,False,False,10.1126/sciadv.adi2947,A brain-inspired algorithm that mitigates catastrophic forgetting of artificial and spiking neural networks with low computational cost.
37604139,pubmed,2023,excluded_iii_no_quantitative_comparison,rules,True,True,False,10.1109/iccv.2017.244,Spatiotemporal denoising of low-dose cardiac CT image sequences using RecycleGAN.
37598235,pubmed,2023,eligible,rules,True,True,True,10.1016/j.media.2016.11.008,A task-unified network with transformer and spatial-temporal convolution for left ventricular quantification.
37597418,pubmed,2023,excluded_ii_not_human_health,rules,True,False,False,10.1016/j.envpol.2023.122402,Spatiotemporal informer: A new approach based on spatiotemporal embedding and attention for air quality forecasting.
37587186,pubmed,2023,excluded_ii_not_human_health,rules,True,False,False,10.3390/su141912397,Spatiotemporal adaptive attention graph convolution network for city-level air quality prediction.
37581960,pubmed,2024,eligible,rules,True,True,True,10.1109/tmi.2023.3305384,Transformer-Based Spatio-Temporal Analysis for Classification of Aortic Stenosis Severity From Echocardiography Cine Series.
37578925,pubmed,2023,excluded_iii_no_quantitative_comparison,rules,True,True,False,10.1109/tnsre.2023.3305201,A Spatial-Temporal Transformer Architecture Using Multi-Channel Signals for Sleep Stage Classification.
37566494,pubmed,2023,excluded_iii_no_quantitative_comparison,rules,True,True,False,10.1007/978-3-030-00928-1_11,Contrast-Free Super-Resolution Power Doppler (CS-PD) Based on Deep Neural Networks.
37562325,pubmed,2023,eligible,rules,True,True,True,10.1016/j.compbiomed.2023.107313,ConvLSTM coordinated longitudinal transformer under spatio-temporal features for tumor growth prediction.
37554628,pubmed,2023,eligible,rules,True,True,True,10.1016/j.jaac.2020.07.903,A deep residual model for characterization of 5D spatiotemporal network dynamics reveals widespread spatiodynamic changes in schizophrenia.
37536096,pubmed,2023,eligible,rules,True,True,True,10.1016/j.compbiomed.2023.107287,Physics-informed neural networks (PINNs) for 4D hemodynamics prediction: An investigation of optimal framework based on vascular morphology.
37533228,pubmed,2023,excluded_iii_no_quantitative_comparison,rules,True,True,False,10.1002/cam4.6327,Genomic alterations of oligodendrogliomas at distant recurrence.
37527331,pubmed,2023,excluded_iii_no_quantitative_comparison,rules,True,True,False,10.1002/mp.16643,Accelerated respiratory-resolved 4D-MRI with separable spatio-temporal neural networks.
37522278,pubmed,2024,excluded_iii_no_quantitative_comparison,rules,True,True,False,10.1093/brain/awt373,Pathology steered stratification network for subtype identification in Alzheimer's disease.
37514624,pubmed,2023,excluded_ii_not_human_health,rules,True,False,True,10.1109/cibcb.2018.8404980,Classification of Alzheimer's Progression Using fMRI Data.
37501408,pubmed,2023,excluded_iii_no_quantitative_comparison,rules,True,True,False,10.3934/mbe.2023512,Investigation on aortic hemodynamics based on physics-informed neural network.
37497802,pubmed,2023,eligible,rules,True,True,True,10.1142/s0129065723500466,A Class-Imbalance Aware and Explainable Spatio-Temporal Graph Attention Network for Neonatal Seizure Detection.
37497490,pubmed,2023,excluded_iii_no_quantitative_comparison,rules,True,True,False,10.1109/jsen.2020.3040987,POF Smart Pants: a fully portable optical fiber-integrated smart textile for remote monitoring of lower limb biomechanics.
37496735,pubmed,2023,excluded_iii_no_quantitative_comparison,rules,True,True,False,10.1016/j.eswa.2011.06.029,Improved spatial-temporal graph convolutional networks for upper limb rehabilitation assessment based on precise posture measurement.
37496183,pubmed,2023,eligible,rules,True,True,True,10.3389/fphy.2020.00138,4Dflow-VP-Net: A deep convolutional neural network for noninvasive estimation of relative pressures in stenotic flows from 4D flow MRI.
37495634,pubmed,2023,eligible,rules,True,True,True,10.3390/electronics10141685,Hybrid convolution neural network with channel attention mechanism for sensor-based human activity recognition.
37494340,pubmed,2023,excluded_iii_no_quantitative_comparison,rules,True,True,False,10.1016/j.ins.2021.12.105,An early warning model of type 2 diabetes risk based on POI visit history and food access management.
37491365,pubmed,2023,excluded_ii_not_human_health,rules,True,False,False,10.1001/jama.2013.281053,Neural network-based Bluetooth synchronization of multiple wearable devices.
37490381,pubmed,2024,excluded_iii_no_quantitative_comparison,rules,True,True,False,10.1109/tmi.2023.3298637,Evaluating the Predictive Value of Glioma Growth Models for Low-Grade Glioma After Tumor Resection.
37490373,pubmed,2023,excluded_iii_no_quantitative_comparison,rules,True,True,False,10.1109/jbhi.2023.3298530,Video-Based Activity Recognition for Automated Motor Assessment of Parkinson's Disease.
37457501,pubmed,2023,excluded_iii_no_quantitative_comparison,rules,True,True,False,10.1109/tnsre.2020.3043426,Discovering the neuronal dynamics in major depressive disorder using Hidden Markov Model.
37450365,pubmed,2023,excluded_iii_no_quantitative_comparison,rules,True,True,False,10.1109/tnsre.2023.3295658,Neuromorphic Decoding of Spinal Motor Neuron Behaviour During Natural Hand Movements for a New Generation of Wearable Neural Interfaces.
37448012,pubmed,2023,eligible,rules,True,True,True,10.1109/access.2019.2919566,Adaptively Lightweight Spatiotemporal Information-Extraction-Operator-Based DL Method for Aero-Engine RUL Prediction.
37446520,pubmed,2023,excluded_review,item_type,,,,10.1186/s42492-023-00136-5,Contrast Agents of Magnetic Resonance Imaging and Future Perspective.
37443648,pubmed,2023,excluded_i_no_spacetime_structure,rules,False,True,True,10.1038/s41598-021-98408-8,Multimodal Spatiotemporal Deep Learning Framework to Predict Response of Breast Cancer to Neoadjuvant Systemic Therapy.
37441141,pubmed,2023,eligible,rules,True,True,True,10.9758/cpn.2014.12.1.48,Multi-scale convolutional recurrent neural network for psychiatric disorder identification in resting-state EEG.
37440929,pubmed,2023,eligible,rules,True,True,True,10.1177/17562848231172556,Spatiotemporal analysis of small bowel capsule endoscopy videos for outcomes prediction in Crohn's disease.
37438494,pubmed,2023,eligible,rules,True,True,True,10.1007/s11065-010-9129-7,Prediction and detection of virtual reality induced cybersickness: a spiking neural network approach using spatiotemporal EEG brain data and heart rate variability.
37434262,pubmed,2023,excluded_iii_no_quantitative_comparison,rules,True,True,False,10.1007/s11060-021-03901-9,Spatially resolved transcriptomic profiles reveal unique defining molecular features of infiltrative 5ALA-metabolizing cells associated with glioblastoma recurrence.
37432818,pubmed,2024,excluded_i_no_spacetime_structure,rules,False,True,False,10.1109/tnnls.2023.3272153,Adversarial Spatiotemporal Contrastive Learning for Electrocardiogram Signals.
37432808,pubmed,2024,excluded_i_no_spacetime_structure,rules,False,True,False,10.1109/tmi.2023.3294245,Coarse-Super-Resolution-Fine Network (CoSF-Net): A Unified End-to-End Neural Network for 4D-MRI With Simultaneous Motion Estimation and Super-Resolution.
37430892,pubmed,2023,eligible,rules,True,True,True,10.1109/jbhi.2019.2923209,WM-STGCN: A Novel Spatiotemporal Modeling Method for Parkinsonian Gait Recognition.
37425358,pubmed,2023,excluded_i_no_spacetime_structure,rules,False,True,True,10.1111/j.+++++1467-9868.2005.00503.x,Estimation of horizontal running power using foot-worn inertial measurement units.
37416468,pubmed,2023,excluded_ii_not_human_health,rules,True,False,False,10.1038/s41598-020-71890-2,Deep learning-enabled quantification of simultaneous PET/MRI for cell transplantation monitoring.
37405831,pubmed,2023,eligible,rules,True,True,True,10.3233/ves-2007-172-302,Deep Learning-Assisted Gait Parameter Assessment for Neurodegenerative Diseases: Model Development and Validation.
37370530,pubmed,2023,excluded_iii_no_quantitative_comparison,rules,True,True,False,10.1007/s11263-020-01375-2,Multiview Monitoring of Individual Cattle Behavior Based on Action Recognition in Closed Barns Using Deep Learning.
37367947,pubmed,2023,eligible,rules,True,True,True,10.1002/mp.16543,Data-efficient Bayesian learning for radial dynamic MR reconstruction.
37364366,pubmed,2023,excluded_i_no_spacetime_structure,rules,False,True,True,10.1016/j.cmpb.2023.107679,Fully Automatic initialization and segmentation of left and right ventricles for large-scale cardiac MRI using a deeply supervised network and 3D-ASM.
37361461,pubmed,2023,excluded_ii_not_human_health,rules,True,False,False,10.1145/2185520.2185561,Local attention and long-distance interaction of rPPG for deepfake detection.
37353015,pubmed,2023,eligible,rules,True,True,True,10.1016/j.scitotenv.2023.165061,Estimation of ground-level O3 concentration in the Yangtze River Delta region based on a high-performance spatiotemporal model MixNet.
37349335,pubmed,2023,eligible,rules,True,True,True,10.1109/jsen.2019.2899645,A convolutional recurrent neural network with attention for response prediction to repetitive transcranial magnetic stimulation in major depressive disorder.
37333355,pubmed,2023,excluded_iii_no_quantitative_comparison,rules,True,True,False,10.1111/epi.17547,Integrative Analysis of Epilepsy-Associated Genes Reveals Expression-Phenotype Correlations.
37331099,pubmed,2023,excluded_iii_no_quantitative_comparison,rules,True,True,False,10.1016/j.compbiomed.2023.107091,Refined Feature-based Multi-frame and Multi-scale Fusing Gate network for accurate segmentation of plaques in ultrasound videos.
37327091,pubmed,2024,excluded_ii_not_human_health,rules,True,False,True,10.1109/tmi.2023.3286859,Locating X-Ray Coronary Angiogram Keyframes via Long Short-Term Spatiotemporal Attention With Image-to-Patch Contrastive Learning.
37311469,pubmed,2023,excluded_iii_no_quantitative_comparison,rules,True,True,False,10.1088/1361-6560/acde3e,Dynamic low-count PET image reconstruction using spatio-temporal primal dual network.
37302587,pubmed,2023,excluded_ii_not_human_health,rules,True,False,False,10.1016/j.scitotenv.2023.164734,A novel artificial neural network methodology to produce high-resolution bioclimatic maps using Earth Observation data: A case study for Cyprus.
37294316,pubmed,2024,excluded_ii_not_human_health,rules,True,False,False,10.1046/j.1523-1739.1992.610018.x,Identifying Roadkill Hotspots for Mammals in the Brazilian Atlantic Forest using a Functional Group Approach.
37290361,pubmed,2023,excluded_iii_no_quantitative_comparison,rules,True,True,False,10.1016/j.ejrad.2023.110885,Deep learning-based classification of breast lesions using dynamic ultrasound video.
37289613,pubmed,2024,excluded_iii_no_quantitative_comparison,rules,True,True,False,10.1109/tnnls.2023.3279383,Noninvasive Blood Glucose Monitoring Using Spatiotemporal ECG and PPG Feature Fusion and Weight-Based Choquet Integral Multimodel Approach.
37284950,pubmed,2023,eligible,rules,True,True,True,10.1016/j.compag.2012.07.010,An IoT framework for quality analysis of aquatic water data using time-series convolutional neural network.
37271471,pubmed,2023,excluded_ii_not_human_health,rules,True,False,True,10.1016/j.chemosphere.2023.139071,Smart solutions for urban health risk assessment: A PM2.5 monitoring system incorporating spatiotemporal long-short term graph convolutional network.
37249435,pubmed,2023,excluded_iii_no_quantitative_comparison,rules,True,True,False,10.1148/radiol.222878,Accelerated Cardiac MRI Cine with Use of Resolution Enhancement Generative Adversarial Inline Neural Network.
37248229,pubmed,2023,excluded_iii_no_quantitative_comparison,rules,True,True,False,10.1093/icc/13.1.263,Evidence-driven spatiotemporal COVID-19 hospitalization prediction with Ising dynamics.
37239214,pubmed,2023,excluded_iii_no_quantitative_comparison,rules,True,True,False,10.1109/tmm.2018.2869278,Application of Pseudo-Three-Dimensional Residual Network to Classify the Stages of Moyamoya Disease.
37237632,pubmed,2023,excluded_iii_no_quantitative_comparison,rules,True,True,False,10.1088/0031-9155/54/7/001,Intra-Patient Lung CT Registration through Large Deformation Decomposition and Attention-Guided Refinement.
37227913,pubmed,2023,eligible,rules,True,True,True,10.1109/jbhi.2023.3272902,Multi-Level Adversarial Spatio-Temporal Learning for Footstep Pressure Based FoG Detection.
37224379,pubmed,2023,excluded_ii_not_human_health,rules,True,False,True,10.1109/jbhi.2023.3273557,Multi-Level Constrained Intra and Inter Subject Feature Representation for Facial Video Based BVP Signal Measurement.
37220750,pubmed,2023,excluded_iii_no_quantitative_comparison,rules,True,True,False,10.1186/gb-2011-12-8-r80,Spatial and temporal intra-tumoral heterogeneity in advanced HGSOC: Implications for surgical and clinical outcomes.
37220706,pubmed,2023,excluded_ii_not_human_health,rules,True,False,False,10.1016/j.compbiomed.2023.107019,Spatiotemporal estimations of temperature rise during electroporation treatments using a deep neural network.
37217552,pubmed,2023,eligible,rules,True,True,True,10.1007/s00415-016-8285-y,Spatiotemporal characteristics of cortical activities of REM sleep behavior disorder revealed by explainable machine learning using 3D convolutional neural network.
37216251,pubmed,2023,eligible,rules,True,True,True,10.1109/jbhi.2023.3278472,FSTIF-UNet: A Deep Learning-Based Method Towards Automatic Segmentation of Intracranial Aneurysms in Un-Reconstructed 3D-RA.
37187138,pubmed,2023,eligible,rules,True,True,True,10.1016/j.compbiomed.2023.107001,A bidirectional registration neural network for cardiac motion tracking using cine MRI images.
37184897,pubmed,2023,excluded_ii_not_human_health,rules,True,False,False,10.4269/ajtmh.16-0427,"Spatio-Temporal Analysis of Leptospirosis Hotspot Areas and Its Association With Hydroclimatic Factors in Selangor, Malaysia: Protocol for an Ecological Cross-sectional Study."
37182403,pubmed,2023,excluded_ii_not_human_health,rules,True,False,True,10.1016/j.jenvman.2023.117908,A multi-modal wildfire prediction and early-warning system based on a novel machine learning framework.
37178072,pubmed,2023,eligible,rules,True,True,True,10.1016/j.jcmg.2023.02.017,Deep Learning-Based Prediction of Right Ventricular Ejection Fraction Using 2D Echocardiograms.
37162975,pubmed,2023,eligible,rules,True,True,True,10.1101/2023.04.24.23288718,Transformer based deep learning denoising of single and multi-delay 3D Arterial Spin Labeling.
37159518,pubmed,2023,excluded_iii_no_quantitative_comparison,rules,True,True,False,10.1093/humrep/dead086,Characterization of epidermal growth factor-like domain 7 (EGFL7) expression in normal endometrium and in the endometrium of women with poor reproductive outcomes.
37151127,pubmed,2023,eligible,rules,True,True,True,10.1142/s0129065723500314,Hybrid Attention Network for Epileptic EEG Classification.
37138645,pubmed,2023,excluded_i_no_spacetime_structure,rules,False,True,False,10.1109/cvpr.2015.7298594,Methodological Challenges in Spatial and Contextual Exposome-Health Studies.
40740191,pubmed,2023,eligible,rules,True,True,True,10.14778/3461535.3461544,A Neural Approach to Spatio-Temporal Data Release with User-Level Differential Privacy.
37119651,pubmed,2023,excluded_ii_not_human_health,rules,True,False,True,10.1016/j.envint.2023.107931,Machine learning algorithms for high-resolution prediction of spatiotemporal distribution of air pollution from meteorological and soil parameters.
37114869,pubmed,2023,excluded_ii_not_human_health,rules,False,False,False,10.1021/acs.est.3c00272,"Separating Daily 1 km PM2.5 Inorganic Chemical Composition in China since 2000 via Deep Learning Integrating Ground, Satellite, and Model Data."
37104108,pubmed,2023,eligible,rules,True,True,True,10.1109/tnsre.2023.3271062,Personalized Functional Connectivity Based Spatio-Temporal Aggregated Attention Network for MCI Identification.
37093501,pubmed,2023,eligible,rules,True,True,True,10.1016/j.media.2020.101693,Multi-channel deep learning model-based myocardial spatial-temporal morphology feature on cardiac MRI cine images diagnoses the cause of LVH.
37089470,pubmed,2022,excluded_iii_no_quantitative_comparison,rules,True,True,False,10.1016/j.patcog.2022.108919,Deep learning of longitudinal mammogram examinations for breast cancer risk prediction.
37060871,pubmed,2023,excluded_iii_no_quantitative_comparison,rules,True,True,False,10.1016/j.neunet.2023.03.040,Amortized Bayesian inference on generative dynamical network models of epilepsy using deep neural density estimators.
37050662,pubmed,2023,eligible,rules,True,True,True,10.1080/23267224.1899.10649736,An Explainable Student Fatigue Monitoring Module with Joint Facial Representation.
37043121,pubmed,2023,eligible,rules,True,True,True,10.1088/1361-6560/ab8105,A low-rank deep image prior reconstruction for free-breathing ungated spiral functional CMR at 0.55 T and 1.5 T.
37034586,pubmed,2023,excluded_iii_no_quantitative_comparison,rules,True,True,False,10.1101/2023.03.28.534431,Deep Learning Initialized Compressed Sensing (Deli-CS) in Volumetric Spatio-Temporal Subspace Reconstruction.
37028068,pubmed,2023,eligible,rules,True,True,True,10.1109/tnsre.2023.3250958,Consformer: Consciousness Detection Using Transformer Networks With Correntropy-Based Measures.
37027278,pubmed,2023,eligible,rules,True,True,True,10.1109/tbme.2023.3262842,Joint Segmentation and Differential Diagnosis of Thyroid Nodule in Contrast-Enhanced Ultrasound Images.
37023842,pubmed,2023,eligible,rules,True,True,True,10.1016/j.jbi.2023.104355,A fuzzy-based framework for diagnosing esophageal mobility disorder using high-resolution manometry.
37022840,pubmed,2023,eligible,rules,True,True,True,10.1109/tpami.2023.3243040,SequenceMorph: A Unified Unsupervised Learning Framework for Motion Tracking on Cardiac Image Sequences.
37021880,pubmed,2023,excluded_i_no_spacetime_structure,rules,False,True,True,10.1109/tnsre.2023.3237916,Detection of Brain Abnormalities in Parkinson's Rats by Combining Deep Learning and Motion Tracking.
37018710,pubmed,2023,excluded_iii_no_quantitative_comparison,rules,True,True,False,10.1109/tnsre.2023.3236007,Comparing Multi-Dimensional fNIRS Features Using Bayesian Optimization-Based Neural Networks for Mild Cognitive Impairment (MCI) Detection.
37018684,pubmed,2023,eligible,rules,True,True,True,10.13026/8360-t248,Predicting 30-Day All-Cause Hospital Readmission Using Multimodal Spatiotemporal Graph Neural Networks.
37018610,pubmed,2023,eligible,rules,True,True,True,10.1109/jbhi.2023.3234818,Spatio-Temporal Clustering of Multi-Location Time Series to Model Seasonal Influenza Spread.
37015454,pubmed,2023,excluded_ii_not_human_health,rules,True,False,False,10.1109/tbme.2022.3230784,Spatiotemporal Compliance Control for a Wearable Lower Limb Rehabilitation Robot.
36996982,pubmed,2023,excluded_review,item_type,,,,10.1016/j.scitotenv.2023.163084,Self-organizing map algorithm for assessing spatial and temporal patterns of pollutants in environmental compartments: A review.
36991474,pubmed,2023,eligible,rules,True,True,True,10.1002/mrm.22503,Automated segmentation of long and short axis DENSE cardiovascular magnetic resonance for myocardial strain analysis using spatio-temporal convolutional neural networks.
36990090,pubmed,2023,excluded_iii_no_quantitative_comparison,rules,True,True,False,10.1364/oe.17.008567,Light and electron microscopy continuum-resolution imaging of 3D cell cultures.
36982375,pubmed,2023,excluded_review,item_type,,,,10.3389/fimmu.2022.1045532,The Mac Is Back: The Role of Macrophages in Human Healthy and Complicated Pregnancies.
36980452,pubmed,2023,excluded_iii_no_quantitative_comparison,rules,True,True,False,10.3389/fninf.2021.802305,A Model for Diagnosing Autism Patients Using Spatial and Statistical Measures Using rs-fMRI and sMRI by Adopting Graphical Neural Networks.
36972628,pubmed,2023,excluded_i_no_spacetime_structure,rules,False,True,True,10.1016/j.cmpb.2023.107496,Characterization of attentional event-related potential from REM sleep behavior disorder patients based on explainable machine learning.
36968494,pubmed,2023,eligible,rules,True,True,True,10.1364/boe.5.001262,Identification of autism spectrum disorder based on functional near-infrared spectroscopy using adaptive spatiotemporal graph convolution network.
36967005,pubmed,2023,excluded_ii_not_human_health,rules,True,False,True,10.1016/j.envpol.2023.121509,Cooperative simultaneous inversion of satellite-based real-time PM2.5 and ozone levels using an improved deep learning model with attention mechanism.
36966845,pubmed,2023,excluded_i_no_spacetime_structure,rules,False,True,True,10.1016/j.scitotenv.2023.162998,Assessing and forecasting water quality in the Danube River by using neural network approaches.
36958709,pubmed,2023,eligible,rules,True,True,True,10.1016/j.echo.2023.03.007,Unsupervised Time-Series Clustering of Left Atrial Strain for Cardiovascular Risk Assessment.
36937932,pubmed,2023,excluded_iii_no_quantitative_comparison,rules,True,True,False,10.1002/(sici)1522-2586(199911)10:5<758::aid-jmri21>3.0.co;2-a,Building a comprehensive cardiovascular magnetic resonance exam on a commercial 0.55 T system: A pictorial essay on potential applications.
36937657,pubmed,2023,excluded_review,item_type,,,,10.1016/j.molcel.2020.07.004,The molecular basis of p21-activated kinase-associated neurodevelopmental disorders: From genotype to phenotype.
36919485,pubmed,2024,eligible,rules,True,True,True,10.1080/10255842.2023.2188988,Affect and stress detection based on feature fusion of LSTM and 1DCNN.
36909958,pubmed,2023,excluded_review,item_type,,,,10.1080/17434440.2017.1389274,"Recent developments in modeling, imaging, and monitoring of cardiovascular diseases using machine learning."
36904939,pubmed,2023,excluded_ii_not_human_health,rules,True,False,False,10.3390/w12051500,Sensor Data Reconstruction for Dynamic Responses of Structures Using External Feedback of Recurrent Neural Network.
36894209,pubmed,2023,excluded_iii_no_quantitative_comparison,rules,True,True,False,10.1016/j.hal.2023.102401,"In situ digital holographic microscopy for rapid detection and monitoring of the harmful dinoflagellate, Karenia brevis."
36874484,pubmed,2023,excluded_iii_no_quantitative_comparison,rules,True,True,False,10.1109/tmi.2017.2664042,Spatio-temporal classification for polyp diagnosis.
36874407,pubmed,2023,excluded_i_no_spacetime_structure,rules,False,True,False,10.1016/j.cities.2020.103015,Uncovering the spatiotemporal evolution of the service industry based on geo-big-data- a case study on the bath industry in China.
36870168,pubmed,2023,excluded_iii_no_quantitative_comparison,rules,True,True,False,10.1016/j.cmpb.2023.107427,Discriminating and understanding brain states in children with epileptic spasms using deep learning and graph metrics analysis of brain connectivity.
36863433,pubmed,2023,excluded_ii_not_human_health,rules,True,False,False,10.1016/j.envpol.2023.121350,Estimating Ulva prolifera green tides of the Yellow Sea through ConvLSTM data fusion.
36850753,pubmed,2023,eligible,rules,True,True,True,10.1145/3447548.3467231,Skeleton-Based Fall Detection with Multiple Inertial Sensors Using Spatial-Temporal Graph Convolutional Networks.
36850363,pubmed,2023,eligible,rules,True,True,True,10.1080/09296174.2013.799918,An Explainable Spatial-Temporal Graphical Convolutional Network to Score Freezing of Gait in Parkinsonian Patients.
36848345,pubmed,2023,excluded_iii_no_quantitative_comparison,rules,True,True,False,10.1016/j.neuroimage.2006.09.024,EPViz: A flexible and lightweight visualizer to facilitate predictive modeling for multi-channel EEG.
36831891,pubmed,2023,eligible,rules,True,True,True,10.1016/j.compmedimag.2019.05.001,Tumor Diagnosis against Other Brain Diseases Using T2 MRI Brain Images and CNN Binary Classifier and DWT.
36824797,pubmed,2023,excluded_iii_no_quantitative_comparison,rules,True,True,False,10.1101/2023.02.13.528388,High-fidelity Database-free Deep Learning Reconstruction for Real-time Cine Cardiac MRI.
36821889,pubmed,2023,excluded_iii_no_quantitative_comparison,rules,True,True,False,10.1101/2021.05.05.21256712,Incorporating variant frequencies data into short-term forecasting for COVID-19 cases and deaths in the USA: a deep learning approach.
36821506,pubmed,2023,excluded_iii_no_quantitative_comparison,rules,True,True,False,10.1148/rg.220143,18F-Fluoroestradiol: Current Applications and Future Directions.
36814244,pubmed,2023,excluded_iii_no_quantitative_comparison,rules,True,True,False,10.1126/science.1216210,NIR light-activatable dissolving microneedle system for melanoma ablation enabled by a combination of ROS-responsive chemotherapy and phototherapy.
36812631,pubmed,2022,excluded_iii_no_quantitative_comparison,rules,True,True,False,10.1007/978-3-319-46475-6_6,Spatio-temporal based deep learning for rapid detection and identification of bacterial colonies through lens-free microscopy time-lapses.
36806877,pubmed,2023,excluded_ii_not_human_health,rules,True,False,False,10.1039/d3mh00013c,Deep-learning based spatio-temporal generative model on assessing state-of-health for Li-ion batteries with partially-cycled profiles.
36793129,pubmed,2023,excluded_ii_not_human_health,rules,False,False,False,10.1002/advs.202206195,A 3D Tumor-Mimicking In Vitro Drug Release Model of Locoregional Chemoembolization Using Deep Learning-Based Quantitative Analyses.
36780471,pubmed,2023,eligible,rules,True,True,True,10.3390/app10113956,Heart sound classification based on equal scale frequency cepstral coefficients and deep learning.
36741058,pubmed,2022,eligible,rules,True,True,True,10.1111/j.1467-9868.2005.00503.x,Toward attention-based learning to predict the risk of brain degeneration with multimodal medical data.
36725654,pubmed,2023,excluded_ii_not_human_health,rules,True,False,False,10.1063/5.0126824,Reconstructing in-depth activity for chaotic 3D spatiotemporal excitable media models based on surface data.
36720188,pubmed,2023,excluded_ii_not_human_health,rules,True,False,True,10.1016/j.media.2023.102760,Region-focused multi-view transformer-based generative adversarial network for cardiac cine MRI reconstruction.
36713234,pubmed,2023,excluded_iii_no_quantitative_comparison,rules,True,True,False,10.1016/j.neuroimage.2010.07.020,Deep Learning Enables Reduced Gadolinium Dose for Contrast-Enhanced Blood-Brain Barrier Opening.
36711976,pubmed,2023,excluded_iii_no_quantitative_comparison,rules,True,True,False,10.1038/nmeth.4303,Subclonal somatic copy number alterations emerge and dominate in recurrent osteosarcoma.
36711809,pubmed,2023,eligible,rules,True,True,True,10.1101/2023.01.13.23284535,An explainable spatial-temporal graphical convolutional network to score freezing of gait in parkinsonian patients.
36709517,pubmed,2023,eligible,rules,True,True,True,10.1016/j.compbiomed.2023.106592,X-iPPGNet: A novel one stage deep learning architecture based on depthwise separable convolutions for video-based pulse rate estimation.
36709349,pubmed,2023,excluded_iii_no_quantitative_comparison,rules,True,True,False,10.1038/s42256-019-0089-1,Wearable in-sensor reservoir computing using optoelectronic polymers with through-space charge-transport characteristics for multi-task learning.
36681841,pubmed,2023,excluded_iii_no_quantitative_comparison,rules,True,True,False,10.1007/s41666-019-00061-4,Privacy-protecting behaviours of risk detection in people with dementia using videos.
36679650,pubmed,2023,excluded_ii_not_human_health,rules,True,False,True,10.1016/j.scitotenv.2017.06.266,Low-Cost CO Sensor Calibration Using One Dimensional Convolutional Neural Network.
36679576,pubmed,2023,eligible,rules,True,True,True,10.1109/cvprw.2010.5543273,Dynamic Edge Convolutional Neural Network for Skeleton-Based Human Action Recognition.
36671631,pubmed,2023,excluded_ii_not_human_health,rules,True,False,False,10.1523/jneurosci.5673-11.2012,Spatiotemporal Modeling of Grip Forces Captures Proficiency in Manual Robot Control.
36658309,pubmed,2023,excluded_iii_no_quantitative_comparison,rules,True,True,False,10.1177/0272989x03251246,A deep learning model incorporating spatial and temporal information successfully detects visual field worsening using a consensus based approach.
36652721,pubmed,2023,excluded_iii_no_quantitative_comparison,rules,True,True,False,10.1088/1361-6560/acb484,RMSim: controlled respiratory motion simulation on static patient scans.
36648090,pubmed,2023,excluded_review,item_type,,,,10.1002/pmrj.12046,Clinical evaluation of fall risk in older adults who use lower-limb prostheses: A scoping review.
36641543,pubmed,2023,eligible,rules,True,True,True,10.1142/s0129065723500077,Attention-Based Convolutional Recurrent Deep Neural Networks for the Prediction of Response to Repetitive Transcranial Magnetic Stimulation for Major Depressive Disorder.
36641063,pubmed,2023,excluded_ii_not_human_health,rules,True,False,True,10.1016/j.envpol.2023.121075,A hybrid deep learning model for regional O3 and NO2 concentrations prediction based on spatiotemporal dependencies in air quality monitoring network.
36631408,pubmed,2023,excluded_iii_no_quantitative_comparison,rules,True,True,False,10.1093/bib/bbac629,Tracing human life trajectory using gut microbial communities by context-aware deep learning.
36628806,pubmed,2023,excluded_i_no_spacetime_structure,rules,False,True,False,10.1016/j.healthplace.2023.102968,How the natural environment in downtown neighborhood affects physical activity and sentiment: Using social media data and machine learning.
36628786,pubmed,2023,eligible,rules,True,True,True,10.1016/j.artmed.2022.102474,A hand motion capture method based on infrared thermography for measuring fine motor skills in biomedicine.
36620463,pubmed,2022,excluded_ii_not_human_health,rules,False,False,False,10.21437/interspeech.2006-190,Spike encoding techniques for IoT time-varying signals benchmarked on a neuromorphic classification task.
36616766,pubmed,2022,excluded_ii_not_human_health,rules,True,False,True,10.1109/tpds.2013.269,A Deep Learning Based Data Recovery Approach for Missing and Erroneous Data of IoT Nodes.
36592523,pubmed,2023,excluded_ii_not_human_health,rules,False,False,False,10.7289/v5pz56r6,A novel ensemble-based statistical approach to estimate daily wildfire-specific PM2.5 in California (2006-2020).
36589549,pubmed,2023,eligible,rules,True,True,True,10.1016/j.chaos.2022.112996,A new method for spatio-temporal transmission prediction of COVID-19.
36588559,pubmed,2022,eligible,rules,True,True,True,10.1038/s41746-019-0216-8,Myocardial strain analysis of echocardiography based on deep learning.
36575566,pubmed,2023,excluded_i_no_spacetime_structure,rules,False,True,False,10.1093/bib/bbac569,Improving artificial intelligence pipeline for liver malignancy diagnosis using ultrasound images and video frames.
36566787,pubmed,2023,excluded_ii_not_human_health,rules,True,False,True,10.1016/j.chemosphere.2022.137636,Spatiotemporal air quality forecasting and health risk assessment over smart city of NEOM.
36565150,pubmed,2023,excluded_ii_not_human_health,rules,True,False,True,10.1002/mp.16182,Deep supervised dictionary learning by algorithm unrolling-Application to fast 2D dynamic MR image reconstruction.
36554882,pubmed,2022,excluded_ii_not_human_health,rules,True,False,False,10.1007/s11676-021-01361-5,Urban Heat Island Intensity Changes in Guangdong-Hong Kong-Macao Greater Bay Area of China Revealed by Downscaling MODIS LST with Deep Learning.
36554407,pubmed,2022,excluded_ii_not_human_health,rules,True,False,False,10.3390/rs14225681,A Novel Environment Estimation Method of Whole Sample Traffic Flows and Emissions Based on Multifactor MFD.
36539084,pubmed,2023,excluded_ii_not_human_health,rules,False,False,False,10.1016/j.scitotenv.2022.160928,Estimation of near-surface ozone concentration and analysis of main weather situation in China based on machine learning model and Himawari-8 TOAR data.
36537890,pubmed,2022,eligible,rules,True,True,True,10.1088/1361-6560/aca873,NuTracker: a coordinate-based neural network representation of lung motion for intrafraction tumor tracking with various surrogates in radiotherapy.
36527868,pubmed,2023,excluded_ii_not_human_health,rules,True,False,True,10.1016/j.watres.2022.119478,Estimation of dissolved organic carbon from inland waters at a large scale using satellite data and machine learning methods.
36525845,pubmed,2023,excluded_iii_no_quantitative_comparison,rules,True,True,False,10.1016/j.media.2022.102711,Co-attention spatial transformer network for unsupervised motion tracking and cardiac strain analysis in 3D echocardiography.
36520931,pubmed,2022,eligible,rules,True,True,True,10.1109/tip.2021.3076285,Accurate and lightweight MRI super-resolution via multi-scale bidirectional fusion attention network.
36518529,pubmed,2022,excluded_iii_no_quantitative_comparison,rules,True,True,False,10.48550/arxiv.2110.09302,Constructing brain functional network by Adversarial Temporal-Spatial Aligned Transformer for early AD analysis.
36515381,pubmed,2023,excluded_iii_no_quantitative_comparison,rules,True,True,False,10.1002/mp.16157,DiFiR-CT: Distance field representation to resolve motion artifacts in computed tomography.
36512941,pubmed,2023,excluded_iii_no_quantitative_comparison,rules,True,True,False,10.1016/j.media.2022.102707,Unsupervised cross-domain functional MRI adaptation for automated major depressive disorder identification.
36511254,pubmed,2022,eligible,rules,True,True,True,10.1007/s12205-018-1195-z,"Epidemiology and time series analysis of human brucellosis in Tebessa province, Algeria, from 2000 to 2020."
36502143,pubmed,2022,excluded_i_no_spacetime_structure,rules,False,True,True,10.1016/j.gaitpost.2021.04.005,The Validity and Reliability of a New Intelligent Three-Dimensional Gait Analysis System in Healthy Subjects and Patients with Post-Stroke.
36501969,pubmed,2022,eligible,rules,True,True,True,10.3389/fphys.2021.741573,Inner-Cycle Phases Can Be Estimated from a Single Inertial Sensor by Long Short-Term Memory Neural Network in Roller-Ski Skating.
36497028,pubmed,2022,excluded_iii_no_quantitative_comparison,rules,True,True,False,10.1364/boe.10.004479,"Dynamic Changes in the Extracellular Matrix in Primary, Metastatic, and Recurrent Ovarian Cancers."
36473419,pubmed,2023,excluded_i_no_spacetime_structure,rules,False,True,True,10.1016/j.cmpb.2022.107264,Human induced pluripotent stem cell formation and morphology prediction during reprogramming with time-lapse bright-field microscopy images using deep learning methods.
36466765,pubmed,2023,excluded_review,item_type,,,,10.1109/tpami.2020.3037734,Deep learning on multi-view sequential data: a survey.
36455084,pubmed,2023,excluded_iii_no_quantitative_comparison,rules,True,True,False,10.1109/tmi.2022.3226274,A Machine Learning Method for Automated Description and Workflow Analysis of First Trimester Ultrasound Scans.
38952948,pubmed,2022,eligible,rules,True,True,True,10.48550/arxiv.1903.02428,Classification of Autism Spectrum Disorder Using rs-fMRI data and Graph Convolutional Networks.
36447076,pubmed,2023,excluded_iii_no_quantitative_comparison,rules,True,True,False,10.1038/s41591-019-0447-x,MSTS-Net: malignancy evolution prediction of pulmonary nodules from longitudinal CT images via multi-task spatial-temporal self-attention network.
36446159,pubmed,2023,eligible,rules,True,True,True,10.1016/j.neunet.2022.11.004,Characterizing functional brain networks via Spatio-Temporal Attention 4D Convolutional Neural Networks (STA-4DCNNs).
36442277,pubmed,2022,eligible,rules,True,True,True,10.1016/j.compbiomed.2022.106320,Classifying ASD based on time-series fMRI using spatial-temporal transformer.
36438691,pubmed,2022,excluded_ii_not_human_health,rules,True,False,False,10.1007/s41060-021-00295-9,Space-Distributed Traffic-Enhanced LSTM-Based Machine Learning Model for COVID-19 Incidence Forecasting.
36436760,pubmed,2023,excluded_iii_no_quantitative_comparison,rules,True,True,False,10.1016/j.ymeth.2022.11.003,Sleep Staging Framework with Physiologically Harmonized Sub-Networks.
36425294,pubmed,2022,eligible,rules,True,True,True,10.2147/clep.s47385,A 3D-CNN with temporal-attention block to predict the recurrence of atrial fibrillation based on body-surface potential mapping signals.
36408399,pubmed,2022,eligible,rules,True,True,True,10.3389/fneur.2021.763018,Predicting the tissue outcome of acute ischemic stroke from acute 4D computed tomography perfusion imaging using temporal features and deep learning.
36403356,pubmed,2022,excluded_ii_not_human_health,rules,True,False,False,10.1109/btas.2017.8272721,Heart rate estimation network from facial videos using spatiotemporal feature image.
36403311,pubmed,2023,excluded_ii_not_human_health,rules,True,False,True,10.1016/j.media.2022.102682,Generative myocardial motion tracking via latent space exploration with biomechanics-informed prior.
36403308,pubmed,2023,excluded_ii_not_human_health,rules,True,False,True,10.1016/j.media.2022.102678,DragNet: Learning-based deformable registration for realistic cardiac MR sequence generation from a single frame.
36401758,pubmed,2023,eligible,rules,True,True,True,10.5056/jnm15168,Video-Based Deep Learning to Detect Dyssynergic Defecation with 3D High-Definition Anorectal Manometry.
36395472,pubmed,2023,eligible,rules,True,True,True,10.1002/mp.16108,Fully automated cardiac MRI segmentation using dilated residual network.
36384679,pubmed,2023,excluded_iii_no_quantitative_comparison,rules,True,True,False,10.1016/j.neuroimage.2011.11.023,Rapid Interactions of Widespread Brain Networks Characterize Semantic Cognition.
36375407,pubmed,2022,eligible,rules,True,True,True,10.3389/fnins.2017.00439,Genuine high-order interactions in brain networks and neurodegeneration.
36371678,pubmed,2023,excluded_review,item_type,,,,10.1002/mp.16059,Targeting intra-tumoral heterogeneity of human brain tumors with in vivo imaging: A roadmap for imaging genomics from multiparametric MR signals.
36356309,pubmed,2022,eligible,rules,True,True,True,10.1088/1741-2552/aca1e1,Speech decoding from a small set of spatially segregated minimally invasive intracranial EEG electrodes with a compact and interpretable neural network.
36354549,pubmed,2022,excluded_ii_not_human_health,rules,True,False,False,10.3390/bios11040126,A Study of Projection-Based Attentive Spatial-Temporal Map for Remote Photoplethysmography Measurement.
36354289,pubmed,2023,excluded_iii_no_quantitative_comparison,rules,True,True,False,10.1002/mp.16081,VTDCE-Net: A time invariant deep neural network for direct estimation of pharmacokinetic parameters from undersampled DCE MRI data.
36348082,pubmed,2022,eligible,rules,True,True,True,10.1038/s41598-022-23656-1,Graph-generative neural network for EEG-based epileptic seizure detection via discovery of dynamic brain functional connectivity.
36341827,pubmed,2023,excluded_iii_no_quantitative_comparison,rules,True,True,False,10.1016/j.envpol.2022.120535,Health risk assessment of volatile organic compounds (VOCs) emitted from landfill working surface via dispersion simulation enhanced by probability analysis.
36335896,pubmed,2022,excluded_ii_not_human_health,rules,True,False,True,10.1016/j.envint.2022.107606,Study on the spatiotemporal dynamic of ground-level ozone concentrations on multiple scales across China during the blue sky protection campaign.
36331630,pubmed,2023,excluded_iii_no_quantitative_comparison,rules,True,True,False,10.1109/jbhi.2022.3219640,Dual-Stream Contrastive Learning for Channel State Information Based Human Activity Recognition.
36327176,pubmed,2023,excluded_review,item_type,,,,10.1109/tnsre.2022.3219085,AI-Driven Stroke Rehabilitation Systems and Assessment: A Systematic Review.
36317054,pubmed,2022,eligible,rules,True,True,True,10.1126/scitranslmed.aax4144,Spatio-temporal dynamics of three diseases caused by Aedes-borne arboviruses in Mexico.
36311167,pubmed,2023,eligible,rules,True,True,True,10.1109/access.2020.2964237,Human activity recognition from sensor data using spatial attention-aided CNN with genetic algorithm.
36310022,pubmed,2023,excluded_iii_no_quantitative_comparison,rules,True,True,False,10.1210/jc.86.5.1986,Tissue response curve-shape analysis of dynamic glucose-enhanced and dynamic contrast-enhanced magnetic resonance imaging in patients with brain tumor.
36309075,pubmed,2023,excluded_iii_no_quantitative_comparison,rules,True,True,False,10.1016/j.ijrobp.2022.09.086,Fast Deformable Image Registration for Real-Time Target Tracking During Radiation Therapy Using Cine MRI and Deep Learning.
36305619,pubmed,2023,excluded_iii_no_quantitative_comparison,rules,True,True,False,10.1002/mp.15217,GRASPNET: Fast spatiotemporal deep learning reconstruction of golden-angle radial data for free-breathing dynamic contrast-enhanced magnetic resonance imaging.
36303270,pubmed,2023,eligible,rules,True,True,True,10.1002/mp.16026,Seq2Morph: A deep learning deformable image registration algorithm for longitudinal imaging studies and adaptive radiotherapy.
36298311,pubmed,2022,eligible,rules,True,True,True,10.1080/00325481.1993.11701693,Computer Vision and Machine Learning-Based Gait Pattern Recognition for Flat Fall Prediction.
36295066,pubmed,2022,eligible,rules,True,True,True,10.1007/s00330-014-3487-0,Predicting Health Risks of Adult Asthmatics Susceptible to Indoor Air Quality Using Improved Logistic and Quantile Regression Models.
36294760,pubmed,2022,excluded_review,item_type,,,,10.1016/j.critrevonc.2017.12.008,A Personalized Longitudinal Strategy in Low-Grade Glioma Patients: Predicting Oncological and Neural Interindividual Variability and Its Changes over Years to Think One Step Ahead.
36294747,pubmed,2022,eligible,rules,True,True,True,10.1016/j.amjcard.2013.04.017,Identification of Patients with Potential Atrial Fibrillation during Sinus Rhythm Using Isolated P Wave Characteristics from 12-Lead ECGs.
36293843,pubmed,2022,excluded_ii_not_human_health,rules,True,False,True,10.1109/access.2019.2897028,Prediction of Particulate Concentration Based on Correlation Analysis and a Bi-GRU Model.
36282803,pubmed,2022,excluded_iii_no_quantitative_comparison,rules,True,True,False,10.1371/journal.pone.0055969,Data-driven approach for the delineation of the irritative zone in epilepsy in MEG.
36277100,pubmed,2022,excluded_review,item_type,,,,10.3390/pathogens10101348,Predicting infectious disease for biopreparedness and response: A systematic review of machine learning and deep learning approaches.
36266317,pubmed,2022,excluded_ii_not_human_health,rules,True,False,True,10.1201/b22400-15,PM2.5 forecasting for an urban area based on deep learning and decomposition method.
36260692,pubmed,2022,excluded_iii_no_quantitative_comparison,rules,True,True,False,10.1126/scitranslmed.abo2952,Multispectral fluorine-19 MRI enables longitudinal and noninvasive monitoring of tumor-associated macrophages.
36248685,pubmed,2022,eligible,rules,True,True,True,10.1145/2647868.2655039,A hybrid learning framework for fine-grained interpretation of brain spatiotemporal patterns during naturalistic functional magnetic resonance imaging.
36227847,pubmed,2022,eligible,rules,True,True,True,10.1038/s41598-022-07054-1,A deep-learning approach for automatically detecting gait-events based on foot-marker kinematics in children with cerebral palsy-Which markers work best for which gait patterns?
36226710,pubmed,2022,excluded_review,item_type,,,,10.1097/wco.0000000000001112,New insights into the Immune TME of adult-type diffuse gliomas.
36223684,pubmed,2022,excluded_iii_no_quantitative_comparison,rules,True,True,False,10.1016/j.media.2022.102619,Automatic identification of septal flash phenomenon in patients with complete left bundle branch block.
36223683,pubmed,2022,excluded_iii_no_quantitative_comparison,rules,True,True,False,10.1016/j.media.2022.102630,Gaze-assisted automatic captioning of fetal ultrasound videos using three-way multi-modal deep neural networks.
36215976,pubmed,2022,excluded_ii_not_human_health,rules,True,False,True,10.1088/1361-6579/ac98f1,Deep learning-based remote-photoplethysmography measurement from short-time facial video.
36209637,pubmed,2022,eligible,rules,True,True,True,10.1016/j.media.2022.102625,Polyp detection on video colonoscopy using a hybrid 2D/3D CNN.
36209445,pubmed,2022,excluded_review,item_type,,,,10.1007/s11063-020-10322-8,Machine learning methods for the study of cybersickness: a systematic review.
36195413,pubmed,2022,excluded_ii_not_human_health,rules,True,False,False,10.1111/1462-2920.13557,A suggested climate service for cyanobacteria blooms in the Baltic Sea - Comparing three monitoring methods.
36136929,pubmed,2023,eligible,rules,True,True,True,10.1109/jbhi.2022.3208598,Heterogeneous Recurrence Analysis of Imaged-EEG for Spatio-Temporal Epileptic Seizure Detection.
36136174,pubmed,2023,excluded_review,item_type,,,,10.1002/icd.304,A Role for Visual Memory in Vocabulary Development: A Systematic Review and Meta-Analysis.
36116334,pubmed,2022,excluded_ii_not_human_health,rules,True,False,False,10.1016/j.neunet.2022.08.020,Electrical coupling regulated by GABAergic nucleo-olivary afferent fibres facilitates cerebellar sensory-motor adaptation.
36103772,pubmed,2022,eligible,rules,True,True,True,10.1016/j.media.2022.102610,Predicting treatment-specific lesion outcomes in acute ischemic stroke from 4D CT perfusion imaging using spatio-temporal convolutional neural networks.
36094995,pubmed,2024,excluded_iii_no_quantitative_comparison,rules,True,True,False,10.1109/tnnls.2022.3202835,Holistic-Guided Disentangled Learning With Cross-Video Semantics Mining for Concurrent First-Person and Third-Person Activity Recognition.
36094984,pubmed,2023,eligible,rules,True,True,True,10.1109/tmi.2022.3206142,Deep Learning on Multiphysical Features and Hemodynamic Modeling for Abdominal Aortic Aneurysm Growth Prediction.
36086459,pubmed,2022,eligible,rules,True,True,True,10.1109/embc48229.2022.9871004,Spatio-Temporal Causal Transformer for Multi-Grained Surgical Phase Recognition.
36086343,pubmed,2022,eligible,rules,True,True,True,10.1109/embc48229.2022.9871033,Spatiotemporal learning of dynamic positron emission tomography data improves diagnostic accuracy in breast cancer.
36086262,pubmed,2022,excluded_iii_no_quantitative_comparison,rules,True,True,False,10.1109/embc48229.2022.9871668,Signal-Intensity Informed Multi-Coil MRI Encoding Operator for Improved Physics-Guided Deep Learning Reconstruction of Dynamic Contrast-Enhanced MRI.
36086224,pubmed,2022,eligible,rules,True,True,True,10.1109/embc48229.2022.9871701,Seizure detection by brain-connectivity analysis using dynamic graph isomorphism network.
36085971,pubmed,2022,excluded_iii_no_quantitative_comparison,rules,True,True,False,10.1109/embc48229.2022.9871688,Future Image Prediction of Plantar Pressure During Gait Using Spatio-temporal Transformer.
36085867,pubmed,2022,excluded_iii_no_quantitative_comparison,rules,True,True,False,10.1109/embc48229.2022.9871753,A Spatio-Temporal Hypomimic Deep Descriptor to Discriminate Parkinsonian Patients.
36085793,pubmed,2022,eligible,rules,True,True,True,10.1109/embc48229.2022.9871735,CNN-LSTM Based Multimodal MRI and Clinical Data Fusion for Predicting Functional Outcome in Stroke Patients.
36072493,pubmed,2022,excluded_non_research,item_type,,,,10.1109/mits.2021.3082397,Analysis of the Impact of the Development Level of Aerobics Movement on the Public Health of the Whole Population Based on Artificial Intelligence Technology.
36065367,pubmed,2022,excluded_ii_not_human_health,rules,False,False,True,10.1016/j.compbiomed.2020.103866,Arrhythmia Classification Algorithm Based on a Two-Dimensional Image and Modified EfficientNet.
36034591,pubmed,2022,excluded_ii_not_human_health,rules,True,False,True,10.1145/3272127.3275078,SRflow: Deep learning based super-resolution of 4D-flow MRI data.
36033780,pubmed,2022,excluded_ii_not_human_health,rules,False,False,False,10.26914/c.cnkihy.2019.031908,Big data-driven intelligent governance of college students' physical health: System and strategy.
36031982,pubmed,2022,excluded_iii_no_quantitative_comparison,rules,True,True,False,10.3934/mbe.2022469,Spatiotemporal and kinematic characteristics augmentation using Dual-GAN for ankle instability detection.
36031978,pubmed,2022,eligible,rules,True,True,True,10.3934/mbe.2022465,GSTCNet: Gated spatio-temporal correlation network for stroke mortality prediction.
36010788,pubmed,2022,excluded_ii_not_human_health,rules,True,False,True,10.1109/ijcnn48605.2020.9207049,A Spatial-Temporal Causal Convolution Network Framework for Accurate and Fine-Grained PM2.5 Concentration Prediction.
36001830,pubmed,2022,excluded_iii_no_quantitative_comparison,rules,True,True,False,10.52628/88.2.9117,Quantitative gait analysis in children with osteogenesis imperfecta: relationship between gait deviations and clinical features.
35998611,pubmed,2022,excluded_ii_not_human_health,rules,True,False,False,10.1021/acssensors.2c00362,Sensing Gas Mixtures by Analyzing the Spatiotemporal Optical Responses of Liquid Crystals Using 3D Convolutional Neural Networks.
35994557,pubmed,2022,eligible,rules,True,True,True,10.1109/tnsre.2022.3200485,Continuous Estimation of Human Knee Joint Angles by Fusing Kinematic and Myoelectric Signals.
35992920,pubmed,2022,excluded_iii_no_quantitative_comparison,rules,True,True,False,10.1109/tnsre.2022.3143540,A spatio-temporal learning-based model for sleep apnea detection using single-lead ECG signals.
35969555,pubmed,2023,eligible,rules,True,True,True,10.1109/tcbb.2022.3198998,HA-ResNet: Residual Neural Network With Hidden Attention for ECG Arrhythmia Detection Using Two-Dimensional Signal.
35966377,pubmed,2022,excluded_review,item_type,,,,10.1055/s-0041-1740044,Acute Colonic Pseudo-Obstruction.
35957266,pubmed,2022,eligible,rules,True,True,True,10.1109/jsen.2018.2815700,Gait Characteristics and Cognitive Function in Middle-Aged Adults with and without Type 2 Diabetes Mellitus: Data from ENBIND.
35957214,pubmed,2022,excluded_ii_not_human_health,rules,False,False,True,10.1016/j.physd.2019.132306,IoT and Satellite Sensor Data Integration for Assessment of Environmental Variables: A Case Study on NO2.
35946631,pubmed,2022,eligible,rules,True,True,True,10.1590/0037-8682-0420-2021,"Prediction of malaria using deep learning models: A case study on city clusters in the state of Amazonas, Brazil, from 2003 to 2018."
35943870,pubmed,2023,excluded_review,item_type,,,,10.1016/j.cell.2020.07.005,Machine Learning in Tissue Engineering.
35943771,pubmed,2022,eligible,rules,True,True,True,10.1038/srep02625,Increased Online Aggression During COVID-19 Lockdowns: Two-Stage Study of Deep Text Mining and Difference-in-Differences Analysis.
35938066,pubmed,2022,excluded_iii_no_quantitative_comparison,rules,True,True,False,10.21629/jsee.2017.01.18,Spatio-temporal variation of Covid-19 health outcomes in India using deep learning based models.
35936913,pubmed,2022,excluded_ii_not_human_health,rules,True,False,True,10.3389/fphys.2021.648950,Cardiac Arrhythmia classification based on 3D recurrence plot analysis and deep learning.
35932545,pubmed,2022,excluded_iii_no_quantitative_comparison,rules,True,True,False,10.1016/j.media.2022.102560,A tree-structure-guided graph convolutional network with contrastive learning for the assessment of parkinsonian hand movements.
35932030,pubmed,2022,excluded_iii_no_quantitative_comparison,rules,True,True,False,10.1023/a:1013873431159,Primary gliosarcoma with widespread extracranial metastases-spatiotemporal morphological variation.
35911483,pubmed,2022,excluded_iii_no_quantitative_comparison,rules,True,True,False,10.1145/1852102.1852106,Deep learning based topic and sentiment analysis: COVID19 information seeking on social media.
35909845,pubmed,2022,eligible,rules,True,True,True,10.3389/fnins.2021.714318,Classification and Reconstruction of Biomedical Signals Based on Convolutional Neural Network.
35905661,pubmed,2022,eligible,rules,True,True,True,10.1016/j.compbiomed.2022.105905,Real-time forecasting of exercise-induced fatigue from wearable sensors.
35905061,pubmed,2022,eligible,rules,True,True,True,10.1109/jbhi.2022.3195066,GNN-Based Depression Recognition Using Spatio-Temporal Information: A fNIRS Study.
35892493,pubmed,2022,excluded_iii_no_quantitative_comparison,rules,True,True,False,10.1167/tvst.11.3.9,Chronological Registration of OCT and Autofluorescence Findings in CSCR: Two Distinct Patterns in Disease Course.
35884859,pubmed,2022,eligible,rules,True,True,True,10.1145/3505244,Multi-Channel Vision Transformer for Epileptic Seizure Prediction.
35882409,pubmed,2022,excluded_iii_no_quantitative_comparison,rules,True,True,False,10.3967/bes2022.065,"A Novel Early Warning Model for Hand, Foot and Mouth Disease Prediction Based on a Graph Convolutional Network."
35881787,pubmed,2022,excluded_iii_no_quantitative_comparison,rules,True,True,False,10.1101/2020.05.11.089185v2,Deep neural networks constrained by neural mass models improve electrophysiological source imaging of spatiotemporal brain dynamics.
35877795,pubmed,2022,excluded_iii_no_quantitative_comparison,rules,True,True,False,10.1109/tnsre.2022.3193666,Multilevel Feature Learning Method for Accurate Interictal Epileptiform Spike Detection.
35872203,pubmed,2022,excluded_i_no_spacetime_structure,rules,False,True,True,10.1016/j.scitotenv.2022.157524,Exposure to ultrafine particles and childhood obesity: A cross-sectional analysis of the Seven Northeast Cities (SNEC) Study in China.
35869527,pubmed,2022,excluded_ii_not_human_health,rules,False,False,False,10.1111/mice.12297,Egocentric vision-based detection of surfaces: towards context-aware free-living digital biomarkers for gait and fall risk assessment.
35865746,pubmed,2022,eligible,rules,True,True,True,10.3389/fnins.2020.00258,CNNG: A Convolutional Neural Networks With Gated Recurrent Units for Autism Spectrum Disorder Classification.
35865482,pubmed,2022,excluded_review,item_type,,,,10.1007/s11060-022-03987-9,"Repeated Awake Surgical Resection(s) for Recurrent Diffuse Low-Grade Gliomas: Why, When, and How to Reoperate?"
35857223,pubmed,2022,excluded_i_no_spacetime_structure,rules,False,True,True,10.1126/science.aaq1144,Rhodopsin-Based Optogenetics: Basics and Applications.
35854425,pubmed,2024,excluded_iii_no_quantitative_comparison,rules,True,True,False,10.1080/09593985.2022.2103862,Neuromuscular responses to combined neuromuscular electrical stimulation and motor control exercises in a patient with recurrent low back pain: A single subject research report.
35845908,pubmed,2022,excluded_ii_not_human_health,rules,True,False,True,10.1016/j.procs.2020.03.240,Analysis on Time-Series Data from Movie Using MF-DCCA Method and Recurrent Neural Network Model Under the Internet of Things.
35836126,pubmed,2022,eligible,rules,True,True,True,10.1109/tmi.2017.2708987,Multimodal image translation via deep learning inference model trained in video domain.
35835438,pubmed,2022,eligible,rules,True,True,True,10.3389/frai.2020.00004,"A deep learning approach for Spatio-Temporal forecasting of new cases and new hospital admissions of COVID-19 spread in Reggio Emilia, Northern Italy."
35830809,pubmed,2022,excluded_iii_no_quantitative_comparison,rules,True,True,False,10.1016/j.celrep.2022.111047,Spatiotemporal genomic analysis reveals distinct molecular features in recurrent stage I non-small cell lung cancers.
35816429,pubmed,2022,excluded_ii_not_human_health,rules,True,False,True,10.1080/10962247.2022.2095057,Performance evaluation of a recurrent deep neural network optimized by swarm intelligent techniques to model particulate matter.
35810889,pubmed,2022,excluded_ii_not_human_health,rules,True,False,True,10.1016/j.scitotenv.2022.157191,Modeling ocean surface chlorophyll-a concentration from ocean color remote sensing reflectance in global waters using machine learning.
35805778,pubmed,2022,excluded_iii_no_quantitative_comparison,rules,True,True,False,10.1007/s00704-015-1613-9,Optimal Strategy on Radiation Estimation for Calculating Universal Thermal Climate Index in Tourism Cities of China.
35802543,pubmed,2022,excluded_ii_not_human_health,rules,True,False,False,10.1109/tbcas.2022.3189364,A Neuromorphic Processing System With Spike-Driven SNN Processor for Wearable ECG Classification.
35789891,pubmed,2022,eligible,rules,True,True,True,10.1016/s0140-6736(20)30461-x,Spatio-temporal approach for classification of COVID-19 pandemic fake news.
35779730,pubmed,2022,excluded_iii_no_quantitative_comparison,rules,True,True,False,10.1016/j.scitotenv.2022.157096,"Quality assessment and prediction of municipal drinking water using water quality index and artificial neural network: A case study of Wuhan, central China, from 2013 to 2019."
35778132,pubmed,2022,eligible,rules,True,True,True,10.1186/s40537-016-0043-6,A machine-learning approach for long-term prediction of experimental cardiac action potential time series using an autoencoder and echo state networks.
35766286,pubmed,2022,excluded_i_no_spacetime_structure,rules,False,True,False,10.1371/journal.pone.0080845,Waveform detection by deep learning reveals multi-area spindles that are selectively modulated by memory load.
35766221,pubmed,2022,eligible,rules,True,True,True,10.1002/mp.15822,Real time volumetric MRI for 3D motion tracking via geometry-informed deep learning.
35754772,pubmed,2022,excluded_i_no_spacetime_structure,rules,False,True,False,10.1016/j.gaitpost.2007.07.007,Feasibility of Markerless Motion Capture for Three-Dimensional Gait Assessment in Community Settings.
35753205,pubmed,2022,excluded_iii_no_quantitative_comparison,rules,True,True,False,10.1016/j.eplepsyres.2022.106953,Automated video analysis of emotion and dystonia in epileptic seizures.
35751844,pubmed,2022,eligible,rules,True,True,True,10.1007/s11571-019-09556-7,Spatial-temporal graph convolutional network for Alzheimer classification based on brain functional connectivity imaging of electroencephalogram.
35751197,pubmed,2022,eligible,rules,True,True,True,10.1016/j.compbiomed.2022.105586,Physics-constrained deep active learning for spatiotemporal modeling of cardiac electrodynamics.
35749889,pubmed,2022,excluded_i_no_spacetime_structure,rules,False,True,False,10.1016/j.jbiomech.2022.111182,Clothing condition does not affect meaningful clinical interpretation in markerless motion capture.
35742435,pubmed,2022,excluded_ii_not_human_health,rules,True,False,True,10.1016/j.scs.2021.102807,New Deep Learning Model to Estimate Ozone Concentrations Found Worrying Exposure Level over Eastern China.
35709559,pubmed,2022,eligible,rules,True,True,True,10.1016/j.media.2022.102512,Deep learning DCE-MRI parameter estimation: Application in pancreatic cancer.
35706778,pubmed,2021,excluded_iii_no_quantitative_comparison,rules,True,True,False,10.1007/978-3-030-78191-0_19,A Multi-Scale Spatial and Temporal Attention Network on Dynamic Connectivity to Localize The Eloquent Cortex in Brain Tumor Patients.
35692042,pubmed,2022,excluded_iii_no_quantitative_comparison,rules,True,True,False,10.1002/mrm.29357,Real-time cardiac MRI using an undersampled spiral k-space trajectory and a reconstruction based on a variational network.
35688262,pubmed,2022,excluded_iii_no_quantitative_comparison,rules,True,True,False,10.1016/j.canlet.2022.215767,Clonality and timing of relapsing colorectal cancer metastasis revealed through whole-genome single-cell sequencing.
35676962,pubmed,2022,excluded_non_research,item_type,,,,10.1109/access.2020.2978223,Long Jump Action Recognition Based on Deep Convolutional Neural Network.
35657832,pubmed,2022,excluded_i_no_spacetime_structure,rules,False,True,False,10.1109/tmi.2022.3180115,Deep-Learning-Based Electrical Noise Removal Enables High Spectral Optoacoustic Contrast in Deep Tissue.
35655832,pubmed,2022,eligible,rules,True,True,True,10.1002/jmri.25852,Deep learning radiomics for focal liver lesions diagnosis on long-range contrast-enhanced ultrasound and clinical factors.
35648766,pubmed,2022,excluded_ii_not_human_health,rules,True,False,True,10.1016/j.scitotenv.2020.140353,Bidirectional convolutional LSTM for the prediction of nitrogen dioxide in the city of Madrid.
35636355,pubmed,2022,eligible,rules,True,True,True,10.1016/j.cmpb.2022.106825,Spatio-temporal convolution for classification of alzheimer disease and mild cognitive impairment.
35627828,pubmed,2022,excluded_ii_not_human_health,rules,True,False,True,10.1016/j.jclepro.2022.131898,Spatio-Temporal Characteristics of PM2.5 Concentrations in China Based on Multiple Sources of Data and LUR-GBM during 2016-2021.
35626298,pubmed,2022,excluded_iii_no_quantitative_comparison,rules,True,True,False,10.1161/strokeaha.116.013147,End-to-End Deep Learning Approach for Perfusion Data: A Proof-of-Concept Study to Classify Core Volume in Stroke CT.
35626134,pubmed,2022,excluded_iii_no_quantitative_comparison,rules,True,True,False,10.1002/hbm.10062,Deep Learning for Reaction-Diffusion Glioma Growth Modeling: Towards a Fully Personalized Model?
35625016,pubmed,2022,excluded_ii_not_human_health,rules,True,False,True,10.1016/j.cviu.2014.04.004,A Depression Prediction Algorithm Based on Spatiotemporal Feature of EEG Signal.
35605830,pubmed,2022,excluded_ii_not_human_health,rules,True,False,True,10.1016/j.envpol.2022.119510,Spatiotemporal neural network for estimating surface NO2 concentrations over north China and their human health impact.
35602639,pubmed,2022,excluded_non_research,item_type,,,,10.1109/cac.2018.8623118,Hybrid Optimized GRU-ECNN Models for Gait Recognition with Wearable IOT Devices.
35599972,pubmed,2022,eligible,rules,True,True,True,10.1080/14494035.2020.1783789,Who are the 'silent spreaders'?: contact tracing in spatio-temporal memory models.
35597950,pubmed,2022,excluded_iii_no_quantitative_comparison,rules,True,True,False,10.1212/wnl.17.5.427,Automated freezing of gait assessment with marker-based motion capture and multi-stage spatial-temporal graph convolutional neural networks.
35591208,pubmed,2022,eligible,rules,True,True,True,10.3390/su13094888,Deep Spatiotemporal Model for COVID-19 Forecasting.
35591037,pubmed,2022,excluded_ii_not_human_health,rules,True,False,True,10.1016/j.proeng.2016.01.277,Applying Hybrid Lstm-Gru Model Based on Heterogeneous Data Sources for Traffic Speed Prediction in Urban Areas.
35533176,pubmed,2022,excluded_ii_not_human_health,rules,True,False,True,10.1109/tmi.2022.3173669,Echocardiography Segmentation With Enforced Temporal Consistency.
35530312,pubmed,2022,excluded_i_no_spacetime_structure,rules,False,True,False,10.3390/ijms19103044,Intrinsic Differences in Spatiotemporal Organization and Stromal Cell Interactions Between Isogenic Lung Cancer Cells of Epithelial and Mesenchymal Phenotypes Revealed by High-Dimensional Single-Cell Analysis of Heterotypic 3D Spheroid Models.
35523298,pubmed,2022,excluded_ii_not_human_health,rules,True,False,True,10.1016/j.chemosphere.2022.134817,Estimation of high spatial resolution ground-level ozone concentrations based on Landsat 8 TIR bands with deep forest model.
35504312,pubmed,2022,excluded_iii_no_quantitative_comparison,rules,True,True,False,10.1016/j.mbs.2022.108830,Combining mathematical modeling and deep learning to make rapid and explainable predictions of the patient-specific response to anticoagulant therapy under venous flow.
35504218,pubmed,2022,eligible,rules,True,True,True,10.1016/j.compbiomed.2022.105570,Detection of schizophrenia using hybrid of deep learning and brain effective connectivity image from electroencephalogram signal.
35492618,pubmed,2022,eligible,rules,True,True,True,10.1016/j.cmpb.2019.05.004,Automatic Multichannel Electrocardiogram Record Classification Using XGBoost Fusion Model.
35490755,pubmed,2022,excluded_ii_not_human_health,rules,True,False,True,10.1016/j.chemosphere.2022.134758,A mixed spatial prediction model in estimating spatiotemporal variations in benzene concentrations in Taiwan.
35487466,pubmed,2022,excluded_ii_not_human_health,rules,True,False,False,10.1016/j.envpol.2022.119348,Deep neural networks for spatiotemporal PM2.5 forecasts based on atmospheric chemical transport model output and monitoring data.
35468739,pubmed,2022,eligible,rules,True,True,True,10.1093/bioinformatics/bty887,AutoCoV: tracking the early spread of COVID-19 in terms of the spatial and temporal patterns from embedding space by K-mer based deep learning.
35445297,pubmed,2022,excluded_review,item_type,,,,10.1016/j.jcp.2019.05.024,Machine Learning for Cardiovascular Biomechanics Modeling: Challenges and Beyond.
35445285,pubmed,2022,eligible,rules,True,True,True,10.1088/1361-6560/ab6e51,MS-ResNet: disease-specific survival prediction using longitudinal CT images and clinical data.
35439149,pubmed,2022,eligible,rules,True,True,True,10.1109/jbhi.2022.3168004,Adaptive Multi-Modal Fusion Framework for Activity Monitoring of People With Mobility Disability.
35436187,pubmed,2022,excluded_ii_not_human_health,rules,True,False,False,10.1109/tmi.2022.3168559,Dynamic Imaging Using Deep Bi-Linear Unsupervised Representation (DEBLUR).
35413698,pubmed,2022,excluded_i_no_spacetime_structure,rules,False,True,False,10.1088/1361-6579/ac66ba,End-to-end sensor fusion and classification of atrial fibrillation using deep neural networks and smartphone mechanocardiography.
35409671,pubmed,2022,excluded_ii_not_human_health,rules,True,False,True,10.3115/v1/d14-1179,Regional Prediction of Ozone and Fine Particulate Matter Using Diffusion Convolutional Recurrent Neural Network.
35402436,pubmed,2022,excluded_review,item_type,,,,10.1101/2019.12.13.19014902,"Recent Technical Advances in Accelerating the Clinical Translation of Small Animal Brain Imaging: Hybrid Imaging, Deep Learning, and Transcriptomics."
35401722,pubmed,2022,excluded_ii_not_human_health,rules,True,False,False,10.1109/tste.2020.2985217,Unbalanced Fault Diagnosis Based on an Invariant Temporal-Spatial Attention Fusion Network.
35398606,pubmed,2022,excluded_i_no_spacetime_structure,rules,False,True,False,10.1016/j.media.2022.102435,Dual-channel cascade pose estimation network trained on infrared thermal image and groundtruth annotation for real-time gait measurement.
35382930,pubmed,2022,eligible,rules,True,True,True,10.1016/j.biopsych.2022.02.005,"Robust, Generalizable, and Interpretable Artificial Intelligence-Derived Brain Fingerprints of Autism and Social Communication Symptom Severity."
35379454,pubmed,2022,excluded_review,item_type,,,,10.1053/j.semnuclmed.2022.03.002,16α-18F-fluoro-17β-Fluoroestradiol (FES): Clinical Applications for Patients With Breast Cancer.
35368726,pubmed,2021,excluded_i_no_spacetime_structure,rules,False,True,True,10.1109/taffc.2019.2922912,Depression Assessment Method: An EEG Emotion Recognition Framework Based on Spatiotemporal Neural Network.
35349459,pubmed,2022,eligible,rules,True,True,True,10.1109/jbhi.2022.3162386,Vision-Based Finger Tapping Test in Patients With Parkinson's Disease via Spatial-Temporal 3D Hand Pose Estimation.
35347667,pubmed,2022,eligible,rules,True,True,True,10.1016/j.cmpb.2015.09.001,An automatic approach for heart failure typing based on heart sounds and convolutional recurrent neural networks.
35320090,pubmed,2022,excluded_i_no_spacetime_structure,rules,False,True,True,10.1103/physrevfluids.4.124501,Physics-Informed Neural Networks for Brain Hemodynamic Predictions Using Medical Imaging.
35310962,pubmed,2022,excluded_review,item_type,,,,10.1007/978-3-030-00129-2_7,Cardiac MR: From Theory to Practice.
35306382,pubmed,2022,excluded_i_no_spacetime_structure,rules,False,True,False,10.1016/j.gaitpost.2022.03.008,Assessment of a novel deep learning-based marker-less motion capture system for gait study.
35296332,pubmed,2022,excluded_iii_no_quantitative_comparison,rules,True,True,False,10.1186/s13148-022-01259-x,Trans-acting genetic variants causing multilocus imprinting disturbance (MLID): common mechanisms and consequences.
35294690,pubmed,2022,excluded_ii_not_human_health,rules,True,False,False,10.1016/j.scitotenv.2018.09.111,DESA: a novel hybrid decomposing-ensemble and spatiotemporal attention model for PM2.5 forecasting.
35294371,pubmed,2022,eligible,rules,True,True,True,10.1080/00031305.1998.10480550,Using a Convolutional Neural Network and Convolutional Long Short-term Memory to Automatically Detect Aneurysms on 2D Digital Subtraction Angiography Images: Framework Development and Validation.
35287119,pubmed,2022,eligible,rules,True,True,True,10.1088/1741-2552/ac5d69,Decoding ECoG signal into 3D hand translation using deep learning.
35286891,pubmed,2022,eligible,rules,True,True,True,10.1016/j.compbiomed.2022.105355,MhNet: Multi-scale spatio-temporal hierarchical network for real-time wearable fall risk assessment of the elderly.
35279205,pubmed,2022,excluded_iii_no_quantitative_comparison,rules,True,True,False,10.7554/elife.63207,Deep phenotyping reveals movement phenotypes in mouse neurodevelopmental models.
35274791,pubmed,2022,excluded_iii_no_quantitative_comparison,rules,True,True,False,10.1002/hbm.25799,Statelets: Capturing recurrent transient variations in dynamic functional network connectivity.
35271097,pubmed,2022,excluded_i_no_spacetime_structure,rules,False,True,True,10.1109/jsen.2020.3045135,A Correlation-Based Anomaly Detection Model for Wireless Body Area Networks Using Convolutional Long Short-Term Memory Neural Network.
35259635,pubmed,2022,eligible,rules,True,True,True,10.1016/j.media.2022.102397,Semi-supervised segmentation of echocardiography videos via noise-resilient spatiotemporal semantic calibration and fusion.
35251962,pubmed,2022,excluded_review,item_type,,,,10.2967/jnumed.120.256032,Deep Learning With Radiomics for Disease Diagnosis and Treatment: Challenges and Potential.
35245492,pubmed,2022,excluded_ii_not_human_health,rules,True,False,False,10.1016/j.actatropica.2022.106390,"Detection of areas vulnerable to scorpionism and its association with environmental factors in São Paulo, Brazil."
35234514,pubmed,2022,excluded_iii_no_quantitative_comparison,rules,True,True,False,10.1111/j.0006-341x.2000.00345.x,Rapid Bacterial Detection in Urine Using Laser Scattering and Deep Learning Analysis.
35226686,pubmed,2022,excluded_iii_no_quantitative_comparison,rules,True,True,False,10.1109/tmi.2019.2950252,Automated seizure activity tracking and onset zone localization from scalp EEG using deep neural networks.
35225193,pubmed,2022,excluded_iii_no_quantitative_comparison,rules,True,True,False,10.1017/s0950268822000036,"Spatial epidemiological characteristics and exponential smoothing model application of tuberculosis in Qinghai Plateau, China."
35223641,pubmed,2022,excluded_ii_not_human_health,rules,True,False,False,10.18502/ijph.v51i1.8312,"Spatio-Temporal Modeling of Ozone Distribution in Tehran, Iran Based on Neural Network and Geographical Information System."
35219940,pubmed,2022,eligible,rules,True,True,True,10.1016/j.media.2022.102389,DeU-Net 2.0: Enhanced deformable U-Net for 3D cardiac cine MRI segmentation.
35214389,pubmed,2022,excluded_ii_not_human_health,rules,True,False,False,10.1109/tits.2019.2935152,A Graph Neural Network with Spatio-Temporal Attention for Multi-Sources Time Series Data: An Application to Frost Forecast.
35212076,pubmed,2022,excluded_iii_no_quantitative_comparison,rules,True,True,False,10.1111/micc.12753,Automated capillary flow segmentation and mapping for nailfold video capillaroscopy.
35205459,pubmed,2022,excluded_ii_not_human_health,rules,True,False,False,10.1016/j.isatra.2021.10.031,Multi-Sensor Vibration Signal Based Three-Stage Fault Prediction for Rotating Mechanical Equipment.
35194472,pubmed,2022,eligible,rules,True,True,True,10.1109/tnnls.2019.2920905,A cognitive framework based on deep neural network for classification of coronavirus disease.
35190408,pubmed,2022,eligible,rules,True,True,True,10.1136/bmj.m4944,Deep recurrent reinforced learning model to compare the efficacy of targeted local versus national measures on the spread of COVID-19 in the UK.
35189155,pubmed,2022,eligible,rules,True,True,True,10.1016/j.radonc.2022.02.013,Deep learning driven predictive treatment planning for adaptive radiotherapy of lung cancer.
35187101,pubmed,2021,excluded_iii_no_quantitative_comparison,rules,True,True,False,10.1016/j.jcp.2021.110364,EP-PINNs: Cardiac Electrophysiology Characterisation Using Physics-Informed Neural Networks.
37323884,pubmed,2022,excluded_review,item_type,,,,10.1002/exp.20210097,Organic fluorescent nanoprobes with NIR-IIb characteristics for deep learning.
35164888,pubmed,2022,excluded_i_no_spacetime_structure,rules,False,True,False,10.1192/bjp.2022.13,Deep learning identifies robust gender differences in functional brain organization and their dissociable links to clinical symptoms in autism.
35154616,pubmed,2022,excluded_non_research,item_type,,,,10.1007/978-3-030-32216-8_6,Automated Detection of Rehabilitation Exercise by Stroke Patients Using 3-Layer CNN-LSTM Model.
35145232,pubmed,2022,excluded_iii_no_quantitative_comparison,rules,True,True,False,10.1038/s41388-022-02221-0,Intratumor genetic heterogeneity and clonal evolution to decode endometrial cancer progression.
35141290,pubmed,2021,eligible,rules,True,True,True,10.1016/j.jcp.2018.10.045,WSSNet: Aortic Wall Shear Stress Estimation Using Deep Learning on 4D Flow MRI.
35139022,pubmed,2022,excluded_iii_no_quantitative_comparison,rules,True,True,False,10.1109/tnsre.2022.3150392,Graph Convolutional Networks for Assessment of Physical Rehabilitation Exercises.
35137573,pubmed,2022,excluded_iii_no_quantitative_comparison,rules,True,True,False,10.1364/ol.38.001313,Spatiotemporal absorption fluctuation imaging based on U-Net.
35120681,pubmed,2022,excluded_iii_no_quantitative_comparison,rules,True,True,False,10.1016/j.sste.2021.100471,Spatio-temporal modeling of COVID-19 prevalence and mortality using artificial neural network algorithms.
35113129,pubmed,2022,eligible,rules,True,True,True,10.1167/tvst.11.2.6,Diagnosis of Polypoidal Choroidal Vasculopathy From Fluorescein Angiography Using Deep Learning.
35104643,pubmed,2022,excluded_iii_no_quantitative_comparison,rules,True,True,False,10.1016/j.jbi.2022.104006,Deep neural networks for neuro-oncology: Towards patient individualized design of chemo-radiation therapy for Glioblastoma patients.
35095341,pubmed,2022,excluded_iii_no_quantitative_comparison,rules,True,True,False,10.3390/ijerph17072563,A Bayesian machine learning approach for spatio-temporal prediction of COVID-19 cases.
35095204,pubmed,2023,eligible,rules,True,True,True,10.1109/tcyb.2020.2990162,"COVID 19 Pandemic, Socio-Economic Behaviour and Infection Characteristics: An Inter-Country Predictive Study Using Deep Learning."
35089976,pubmed,2022,eligible,rules,True,True,True,10.1016/j.neucom.2019.10.042,Deep learning via LSTM models for COVID-19 infection forecasting in India.
35084017,pubmed,2022,excluded_review,item_type,,,,10.1093/biolre/ioac012,Mouse Cre drivers: tools for studying disorders of the human female neuroendocrine-reproductive axis†.
35078970,pubmed,2022,excluded_iii_no_quantitative_comparison,rules,True,True,False,10.1038/s41392-021-00838-3,Whole-genome sequencing reveals the evolutionary trajectory of HBV-related hepatocellular carcinoma early recurrence.
35077373,pubmed,2022,eligible,rules,True,True,True,10.1109/jbhi.2022.3144917,Estimating Parkinsonism Severity in Natural Gait Videos of Older Adults With Dementia.
35062604,pubmed,2022,eligible,rules,True,True,True,10.1007/s11036-019-01445-x,Human Activity Recognition Based on Residual Network and BiLSTM.
35051921,pubmed,2022,excluded_iii_no_quantitative_comparison,rules,True,True,False,10.1088/1361-6560/ac4d85,Deep learning fetal ultrasound video model match human observers in biometric measurements.
35038681,pubmed,2022,excluded_iii_no_quantitative_comparison,rules,True,True,False,10.1088/2057-1976/ac4c28,Deep-learning online EEG decoding brain-computer interface using error-related potentials recorded with a consumer-grade headset.
35017632,pubmed,2022,excluded_i_no_spacetime_structure,rules,False,True,False,10.1088/1741-2552/ab0ab5,Remote photonic detection of human senses using secondary speckle patterns.
35009865,pubmed,2022,eligible,rules,True,True,True,10.3390/math9060611,Human Activity Recognition via Hybrid Deep Learning Based Model.
34988345,pubmed,2021,excluded_ii_not_human_health,rules,True,False,False,10.5194/bg-16-1629-2019,Investigation of Forest Fire Activity Changes Over the Central India Domain Using Satellite Observations During 2001-2020.
34975536,pubmed,2021,excluded_iii_no_quantitative_comparison,rules,True,True,False,10.1063/1.1497505,Rotor Localization and Phase Mapping of Cardiac Excitation Waves Using Deep Neural Networks.
34970310,pubmed,2021,excluded_iii_no_quantitative_comparison,rules,True,True,False,10.1109/comst.2019.2896380,A Study of Two-Way Short- and Long-Term Memory Network Intelligent Computing IoT Model-Assisted Home Education Attention Mechanism.
34956819,pubmed,2021,excluded_iii_no_quantitative_comparison,rules,True,True,False,10.3390/s21041064,"Air-pollution prediction in smart city, deep learning approach."
34945253,pubmed,2021,excluded_iii_no_quantitative_comparison,rules,True,True,False,10.1089/neu.2018.6006,Characterization of Spinal Sensorimotor Network Using Transcutaneous Spinal Stimulation during Voluntary Movement Preparation and Performance.
34943859,pubmed,2021,excluded_iii_no_quantitative_comparison,rules,True,True,False,10.1002/jbio.202000151,Cancer-Cell Deep-Learning Classification by Integrating Quantitative-Phase Spatial and Temporal Fluctuations.
34930975,pubmed,2021,excluded_ii_not_human_health,rules,True,False,True,10.1007/s11063-015-9438-1,Air quality assessment and pollution forecasting using artificial neural networks in Metropolitan Lima-Peru.
34924968,pubmed,2021,excluded_review,item_type,,,,10.1016/j.neuroimage.2011.12.032,"Watching the Effects of Gravity. Vestibular Cortex and the Neural Representation of ""Visual"" Gravity."
34908029,pubmed,2022,excluded_iii_no_quantitative_comparison,rules,True,True,False,10.1097/bpb.0000000000000941,Three-dimensional gait analysis in children with recurrent idiopathic clubfoot undergoing complete tibialis anterior tendon transfer.
34897475,pubmed,2022,excluded_iii_no_quantitative_comparison,rules,True,True,False,10.1093/jnen/nlab127,Correlation of MTAP Immunohistochemistry With CDKN2A Status Assessed by Fluorescence In Situ Hybridization and Clinicopathological Features in CNS WHO Grade 2 and 3 Meningiomas: A Single Center Cohort Study.
34892769,pubmed,2021,eligible,rules,True,True,True,10.1109/embc46164.2021.9630077,SpeechSpiro: Lung Function Assessment from Speech Pattern as an Alternative to Spirometry for Mobile Health Tracking.
34892415,pubmed,2021,eligible,rules,True,True,True,10.1109/embc46164.2021.9630563,Prediction of Parkinsonian Gait in Older Adults with Dementia using Joint Trajectories and Gait Features from 2D Video.
34892386,pubmed,2021,excluded_iii_no_quantitative_comparison,rules,True,True,False,10.1109/embc46164.2021.9630115,Cardiac Disease Representation Conditioned by Spatio-temporal Priors in Cine-MRI Sequences Using Generative Embedding Vectors.
34892124,pubmed,2021,excluded_iii_no_quantitative_comparison,rules,True,True,False,10.1016/j.neuroimage.2010.09.018,Deep Learning-Based Segmentation and Uncertainty Assessment for Automated Analysis of Myocardial Perfusion MRI Datasets Using Patch-Level Training and Advanced Data Augmentation.
34892118,pubmed,2021,excluded_iii_no_quantitative_comparison,rules,True,True,False,10.1002/jmri.25400,A Patch-Wise Deep Learning Approach for Myocardial Blood Flow Quantification with Robustness to Noise and Nonrigid Motion.
34892062,pubmed,2021,eligible,rules,True,True,True,10.1109/embc46164.2021.9630586,Motion Extraction of the Right Ventricle from 4D Cardiac Cine MRI Using A Deep Learning-Based Deformable Registration Framework.
34892044,pubmed,2021,excluded_ii_not_human_health,rules,True,False,True,10.1109/embc46164.2021.9630107,Single feature spatio-temporal architecture for EEG Based cognitive load assessment.
34891909,pubmed,2021,eligible,rules,True,True,True,10.1109/embc46164.2021.9630377,Noninvasive Cardiac Transmembrane Potential Imaging via Global Features Based FISTA Network.
34891488,pubmed,2021,eligible,rules,True,True,True,10.1109/embc46164.2021.9629913,Shift-invariant waveform learning on epileptic ECoG.
34891409,pubmed,2021,eligible,rules,True,True,True,10.1109/embc46164.2021.9629547,A Low-rank Spatiotemporal based EEG Multi-Artifacts Cancellation Method for Enhanced ConvNet-DL's Motor Imagery Characterization.
34891390,pubmed,2021,eligible,rules,True,True,True,10.1109/embc46164.2021.9629963,Cardinality and Short-Term Memory Concepts based Novel Feature Extraction for Myoelectric Pattern Recognition.
34883946,pubmed,2021,eligible,rules,True,True,True,10.1109/taslp.2014.2364452,Improving Automatic Renal Segmentation in Clinically Normal and Abnormal Paediatric DCE-MRI via Contrast Maximisation and Convolutional Networks for Computing Markers of Kidney Function.
34883904,pubmed,2021,excluded_ii_not_human_health,rules,True,False,False,10.1109/lwc.2020.3026700,Intelligent Dynamic Real-Time Spectrum Resource Management for Industrial IoT in Edge Computing.
34874934,pubmed,2021,eligible,rules,True,True,True,10.1002/mrm.20430,Prediction of post transarterial chemoembolization MR images of hepatocellular carcinoma using spatio-temporal graph convolutional networks.
42158585,pubmed,2021,excluded_review,item_type,,,,10.13104/imri.2021.25.4.252,Fast Real-Time Cardiac MRI: a Review of Current Techniques and Future Directions.
34840624,pubmed,2022,excluded_ii_not_human_health,rules,True,False,False,10.1016/j.eswa.2020.114513,Predicting PM2.5 atmospheric air pollution using deep learning with meteorological data and ground-based observations and remote-sensing satellite big data.
34819876,pubmed,2021,excluded_ii_not_human_health,rules,False,False,True,10.1093/cvr/cvaa163,Calcium Spark Detection and Event-Based Classification of Single Cardiomyocyte Using Deep Learning.
34807385,pubmed,2022,excluded_review,item_type,,,,10.1016/j.scitotenv.2021.145082,A systematic literature review of deep learning neural network for time series air quality forecasting.
34803646,pubmed,2021,excluded_ii_not_human_health,rules,False,False,True,10.1162/089976606774841585,Robust Torque Predictions From Electromyography Across Multiple Levels of Active Exoskeleton Assistance Despite Non-linear Reorganization of Locomotor Output.
34791949,pubmed,2022,eligible,rules,True,True,True,10.1177/17474930211057022,Spatial and temporal intracerebral hemorrhage patterns in Dutch-type hereditary cerebral amyloid angiopathy.
34790581,pubmed,2021,excluded_review,item_type,,,,10.1007/s00259-019-04414-4,Radiomics for Identification and Prediction in Metastatic Prostate Cancer: A Review of Studies.
34776892,pubmed,2021,excluded_i_no_spacetime_structure,rules,False,True,False,10.1002/cne.23156,Changes in Brain Matrix Glycan Sulfation Associate With Reactive Gliosis and Motor Coordination in Mice With Head Trauma.
34770309,pubmed,2021,excluded_iii_no_quantitative_comparison,rules,True,True,False,10.3390/s17030458,A Novel EMG-Based Hand Gesture Recognition Framework Based on Multivariate Variational Mode Decomposition.
34755152,pubmed,2020,excluded_iii_no_quantitative_comparison,rules,True,True,False,10.1145/3395035.3425190,Enforcing Multilabel Consistency for Automatic Spatio-Temporal Assessment of Shoulder Pain Intensity.
34753021,pubmed,2022,excluded_iii_no_quantitative_comparison,rules,True,True,False,10.1016/j.media.2021.102276,A probabilistic deep motion model for unsupervised cardiac shape anomaly assessment.
34751030,pubmed,2022,excluded_i_no_spacetime_structure,rules,False,True,False,10.1021/acs.est.1c04797,Spatial Resolved Surface Ozone with Urban and Rural Differentiation during 1990-2019: A Space-Time Bayesian Neural Network Downscaler.
34742877,pubmed,2021,eligible,rules,True,True,True,10.1111/epi.16863,Spatial and temporal profile of high-frequency oscillations in posttraumatic epileptogenesis.
34735339,pubmed,2022,eligible,rules,True,True,True,10.1109/tmi.2021.3125061,Comprehensive Assessment of Coronary Calcification in Intravascular OCT Using a Spatial-Temporal Encoder-Decoder Network.
34734373,pubmed,2022,eligible,rules,True,True,True,10.1016/j.media.2017.11.008,Segmentation of Coronary Arteries Images Using Spatio-temporal Feature Fusion Network with Combo Loss.
34729554,pubmed,2021,excluded_iii_no_quantitative_comparison,rules,True,True,False,10.1007/978-3-030-87193-2_33,Multi-frame Attention Network for Left Ventricle Segmentation in 3D Echocardiography.
34726267,pubmed,2021,eligible,rules,True,True,True,10.1002/mp.15324,Lung-CRNet: A convolutional recurrent neural network for lung 4DCT image registration.
34712610,pubmed,2021,excluded_i_no_spacetime_structure,rules,False,True,False,10.1073/pnas.1511694112,Tumor DNA From Tumor In Situ Fluid Reveals Mutation Landscape of Minimal Residual Disease After Glioma Surgery and Risk of Early Recurrence.
34708417,pubmed,2022,excluded_iii_no_quantitative_comparison,rules,True,True,False,10.1002/mrm.29054,Extraction of a vascular function for a fully automated dynamic contrast-enhanced magnetic resonance brain image processing pipeline.
34699990,pubmed,2021,excluded_iii_no_quantitative_comparison,rules,True,True,False,10.1016/j.jbi.2021.103935,Visualising and quantifying relevant parkinsonian gait patterns using 3D convolutional network.
34691363,pubmed,2021,excluded_ii_not_human_health,rules,True,False,False,10.1109/isbi48211.2021.9433882,DYNAMIC IMAGING USING DEEP BILINEAR UNSUPERVISED LEARNING (DEBLUR).
34679796,pubmed,2021,excluded_ii_not_human_health,rules,True,False,False,10.1016/j.compag.2018.02.006,Automatic Recognition of Fish Behavior with a Fusion of RGB and Optical Flow Data Based on Deep Learning.
34656864,pubmed,2021,eligible,rules,True,True,True,10.1016/j.compbiomed.2021.104940,Detection of alcoholism using EEG signals and a CNN-LSTM-ATTN network.
34655392,pubmed,2021,eligible,rules,True,True,True,10.1109/tmi.2016.2593957,SD-Net: joint surgical gesture recognition and skill assessment.
34650836,pubmed,2021,eligible,rules,True,True,True,10.1109/tcyb.2017.2662199,A Personalized Spatial-Temporal Cold Pain Intensity Estimation Model Based on Facial Expression.
34640712,pubmed,2021,excluded_iii_no_quantitative_comparison,rules,True,True,False,10.1109/78.650093,Recognition of Fine-Grained Walking Patterns Using a Smartwatch with Deep Attentive Neural Networks.
34619582,pubmed,2021,excluded_iii_no_quantitative_comparison,rules,True,True,False,10.1016/j.neunet.2021.09.013,Personalised predictive modelling with brain-inspired spiking neural networks of longitudinal MRI neuroimaging data and the case study of dementia.
34611189,pubmed,2021,excluded_ii_not_human_health,rules,True,False,False,10.1038/srep35628,Detecting spiral wave tips using deep learning.
34609026,pubmed,2022,excluded_i_no_spacetime_structure,rules,False,True,True,10.1002/mrm.29017,A data-driven semantic segmentation model for direct cardiac functional analysis based on undersampled radial MR cine series.
34539355,pubmed,2021,excluded_iii_no_quantitative_comparison,rules,True,True,False,10.1002/ana.22548,Patient-Specific Network Connectivity Combined With a Next Generation Neural Mass Model to Test Clinical Hypothesis of Seizure Propagation.
34525223,pubmed,2021,excluded_iii_no_quantitative_comparison,rules,True,True,False,10.1002/mp.15217,Real-time 3D motion estimation from undersampled MRI using multi-resolution neural networks.
34522872,pubmed,2021,eligible,rules,True,True,True,10.1016/j.eclinm.2021.101115,"Spatio-temporal hybrid neural networks reduce erroneous human ""judgement calls"" in the diagnosis of Takotsubo syndrome."
34512104,pubmed,2021,excluded_iii_no_quantitative_comparison,rules,True,True,False,10.1016/s2589-7500(20)30165-5,Understanding and predicting the spatio-temporal spread of COVID-19 via integrating diffusive graph embedding and compartmental models.
34503120,pubmed,2021,excluded_iii_no_quantitative_comparison,rules,True,True,False,10.1002/gcc.20393,Landscape of Bone Marrow Metastasis in Human Neuroblastoma Unraveled by Transcriptomics and Deep Multiplex Imaging.
34496878,pubmed,2021,eligible,rules,True,True,True,10.1038/nm.4229,"Increased sensitivity to SMAC mimetic LCL161 identified by longitudinal ex vivo pharmacogenomics of recurrent, KRAS mutated rectal cancer liver metastases."
34494420,pubmed,2021,excluded_iii_no_quantitative_comparison,rules,True,True,False,10.1021/acssensors.1c01453,Next-Generation Antimicrobial Resistance Surveillance System Based on the Internet-of-Things and Microfluidic Technique.
34488198,pubmed,2021,eligible,rules,True,True,True,10.1088/1741-2552/ac23e2,Reconstruction of missing channel in electroencephalogram using spatiotemporal correlation-based averaging.
34469880,pubmed,2021,excluded_i_no_spacetime_structure,rules,False,True,False,10.1088/1361-6560/ac22db,An attention-based deep learning model for predicting microvascular invasion of hepatocellular carcinoma using an intra-voxel incoherent motion model of diffusion-weighted magnetic resonance imaging.
34465780,pubmed,2021,excluded_i_no_spacetime_structure,rules,False,True,True,10.2307/2531595,Predicting post-operative right ventricular failure using video-based deep learning.
34428164,pubmed,2022,excluded_ii_not_human_health,rules,False,False,False,10.1109/jbhi.2021.3106645,Impulse Data Models for the Inverse Problem of Electrocardiography.
34413933,pubmed,2021,eligible,rules,True,True,True,10.1109/isbi48211.2021.9433863,"Multi-Modal Learning from Video, Eye Tracking, and Pupillometry for Operator Skill Characterization in Clinical Fetal Ultrasound."
34387362,pubmed,2021,excluded_i_no_spacetime_structure,rules,False,True,False,10.1002/mp.15160,Deep learning-based reconstruction of interventional tools and devices from four X-ray projections for tomographic interventional guidance.
34384843,pubmed,2021,excluded_review,item_type,,,,10.1016/j.neubiorev.2021.08.003,Brain injuries can set up an epileptogenic neuronal network.
34351864,pubmed,2022,eligible,rules,True,True,True,10.1109/jbhi.2021.3102612,HD-RDS-UNet: Leveraging Spatial-Temporal Correlation Between the Decoder Feature Maps for Lymphoma Segmentation.
34338648,pubmed,2021,eligible,rules,True,True,True,10.1109/icassp.2019.8683670,Foodborne Disease Risk Prediction Using Multigraph Structural Long Short-term Memory Networks: Algorithm Design and Validation Study.
34295824,pubmed,2021,excluded_review,item_type,,,,10.1245/s10434-020-08659-4,Imaging-Genomics in Glioblastoma: Combining Molecular and Imaging Signatures.
34274419,pubmed,2021,excluded_i_no_spacetime_structure,rules,False,True,True,10.1109/iembs.2002.1134407,MEGnet: Automatic ICA-based artifact removal for MEG using spatiotemporal convolutional neural networks.
34254355,pubmed,2021,excluded_iii_no_quantitative_comparison,rules,True,True,False,10.1002/mrm.28917,Complementary time-frequency domain networks for dynamic parallel MR image reconstruction.
34248661,pubmed,2021,eligible,rules,True,True,True,10.1088/0256-307x/17/2/004,Deep Learning Approaches to Surrogates for Solving the Diffusion Equation for Mechanistic Real-World Simulations.
34237382,pubmed,2021,eligible,rules,True,True,True,10.1016/j.jneumeth.2021.109282,A convolutional-recurrent neural network approach to resting-state EEG classification in Parkinson's disease.
34205477,pubmed,2021,excluded_ii_not_human_health,rules,True,False,True,10.1016/j.cageo.2006.08.011,Remaining Useful Life Prognostics of Bearings Based on a Novel Spatial Graph-Temporal Convolution Network.
34177116,pubmed,2022,excluded_iii_no_quantitative_comparison,rules,True,True,False,10.1109/access.2018.2879158,A novel IoT-fog-cloud-based healthcare system for monitoring and predicting COVID-19 outspread.
34168608,pubmed,2021,excluded_review,item_type,,,,10.1111/sms.13624,Assessment Methods of Post-stroke Gait: A Scoping Review of Technology-Driven Approaches to Gait Characterization and Analysis.
34144318,pubmed,2021,excluded_ii_not_human_health,rules,True,False,True,10.1016/j.compmedimag.2021.101952,Automatic left ventricular cavity segmentation via deep spatial sequential network in 4D computed tomography.
34122304,pubmed,2021,excluded_iii_no_quantitative_comparison,rules,True,True,False,10.1186/s12885-018-5003-4,Temporal-Spatial Feature Extraction of DSA Video and Its Application in AVM Diagnosis.
34118667,pubmed,2021,excluded_ii_not_human_health,rules,True,False,False,10.1016/j.scitotenv.2021.148135,A sensing network involving citizens for high spatio-temporal resolution monitoring of fugitive emissions from a petroleum pre-treatment plant.
34051452,pubmed,2021,excluded_iii_no_quantitative_comparison,rules,True,True,False,10.1016/j.compbiomed.2021.104482,Improving influenza surveillance based on multi-granularity deep spatiotemporal neural network.
34050041,pubmed,2021,excluded_iii_no_quantitative_comparison,rules,True,True,False,10.1007/978-3-642-40760-4_36,"Patient specific, imaging-informed modeling of rhenium-186 nanoliposome delivery via convection-enhanced delivery in glioblastoma multiforme."
34045545,pubmed,2021,excluded_ii_not_human_health,rules,True,False,False,10.1109/access.2020.2964386,"Space-time characterization of community noise and sound sources in Accra, Ghana."
34042552,pubmed,2023,eligible,rules,True,True,True,10.1080/00207454.2021.1929214,Learning spatiotemporal features of DSA using 3D CNN and BiConvGRU for ischemic moyamoya disease detection.
34038364,pubmed,2021,excluded_iii_no_quantitative_comparison,rules,True,True,False,10.1109/tnsre.2021.3083815,A Data-Driven Framework for Intention Prediction via Eye Movement With Applications to Assistive Systems.
34035417,pubmed,2021,excluded_ii_not_human_health,rules,True,False,True,10.1080/02723646.1981.10642213,A novel CMAQ-CNN hybrid model to forecast hourly surface-ozone concentrations 14 days in advance.
34033567,pubmed,2022,excluded_iii_no_quantitative_comparison,rules,True,True,False,10.1109/tcyb.2021.3071860,Spatio-Temporal-Spectral Hierarchical Graph Convolutional Network With Semisupervised Active Learning for Patient-Specific Seizure Prediction.
34028897,pubmed,2021,excluded_ii_not_human_health,rules,False,False,False,10.1002/adma.202100475,Dendritic Network Implementable Organic Neurofiber Transistors with Enhanced Memory Cyclic Endurance for Spatiotemporal Iterative Learning.
33994927,pubmed,2021,eligible,rules,True,True,True,10.1093/neucas/3.5.395-f,Computational Methods for Continuous Eye-Tracking Perimetry Based on Spatio-Temporal Integration and a Deep Recurrent Neural Network.
33979760,pubmed,2021,excluded_i_no_spacetime_structure,rules,False,True,False,10.1016/j.media.2021.102086,Ultrasound deep beamforming using a multiconstrained hybrid generative adversarial network.
33973127,pubmed,2021,excluded_ii_not_human_health,rules,True,False,True,10.1007/s10439-021-02790-3,In Vitro Measurements of Shear-Mediated Platelet Adhesion Kinematics as Analyzed through Machine Learning.
33969930,pubmed,2021,excluded_iii_no_quantitative_comparison,rules,True,True,False,10.1089/brain.2020.0748,Spatio-temporal graph convolutional network for diagnosis and treatment response prediction of major depressive disorder from functional connectivity.
33966456,pubmed,2021,excluded_review,item_type,,,,10.1098/rsta.2020.0197,Synergistic multi-contrast cardiac magnetic resonance image reconstruction.
33961739,pubmed,2021,excluded_ii_not_human_health,rules,True,False,False,10.1021/acsnano.1c00497,Microparticle-Based Biochemical Sensing Using Optical Coherence Tomography and Deep Learning.
33959978,pubmed,2021,eligible,rules,True,True,True,10.1002/mp.14925,Managing tumor changes during radiotherapy using a deep learning model.
33953631,pubmed,2021,excluded_iii_no_quantitative_comparison,rules,True,True,False,10.1177/11795476211009241,Three Cases of Aphasic Status Epilepticus: Clinical and Electrographic Characteristics.
33939611,pubmed,2021,eligible,rules,True,True,True,10.1109/tmi.2021.3077113,autoTICI: Automatic Brain Tissue Reperfusion Scoring on 2D DSA Images of Acute Ischemic Stroke Patients.
33915475,pubmed,2021,excluded_i_no_spacetime_structure,rules,False,True,False,10.1016/j.jbiomech.2021.110414,Assessment of spatiotemporal gait parameters using a deep learning algorithm-based markerless motion capture system.
33909264,pubmed,2021,eligible,rules,True,True,True,10.1109/jsen.2020.2979513,Using spatial-temporal ensembles of convolutional neural networks for lumen segmentation in ureteroscopy.
33897112,pubmed,2022,eligible,rules,True,True,True,10.1007/s11063-018-09977-1,AI inspired EEG-based spatial feature selection method using multivariate empirical mode decomposition for emotion classification.
33889479,pubmed,2021,excluded_review,item_type,,,,10.1109/embc.2012.6346285,Intracranial recording in patients with aphasia using nanomaterial-based flexible electronics: promises and challenges.
33859276,pubmed,2021,excluded_iii_no_quantitative_comparison,rules,True,True,False,10.1038/s41588-018-0059-2,Spatiotemporal 7q11.23 protein network analysis implicates the role of DNA repair pathway during human brain development.
33854642,pubmed,2021,eligible,rules,True,True,True,10.1016/j.compbiomed.2019.103387,Major depressive disorder diagnosis based on effective connectivity in EEG signals: a convolutional neural network and long short-term memory approach.
33840037,pubmed,2021,eligible,rules,True,True,True,10.1007/s11548-019-01951-z,Time-aware deep neural networks for needle tip localization in 2D ultrasound.
33835916,pubmed,2021,excluded_iii_no_quantitative_comparison,rules,True,True,False,10.1109/tmi.2021.3071951,Echo-SyncNet: Self-Supervised Cardiac View Synchronization in Echocardiography.
33823016,pubmed,2021,excluded_iii_no_quantitative_comparison,rules,True,True,False,10.1093/jnen/nlab024,Fundamentals of the Development of Connectivity in the Human Fetal Brain in Late Gestation: From 24 Weeks Gestational Age to Term.
33821529,pubmed,2021,eligible,rules,True,True,True,10.1002/mrm.28793,Deep learning-enhanced T1 mapping with spatial-temporal and physical constraint.
33806525,pubmed,2021,eligible,rules,True,True,True,10.1016/j.eswa.2016.10.065,Identification of Patients with Sarcopenia Using Gait Parameters Based on Inertial Sensors.
33803891,pubmed,2021,eligible,rules,True,True,True,10.1145/1964897.1964918,Sensor-Based Human Activity Recognition with Spatio-Temporal Deep Learning.
33799714,pubmed,2021,excluded_ii_not_human_health,rules,True,False,False,10.1111/geb.12569,"Long-Term Interannual and Seasonal Links between the Nutrient Regime, Sestonic Chlorophyll and Dominant Bluegreen Algae under the Varying Intensity of Monsoon Precipitation in a Drinking Water Reservoir."
33797273,pubmed,2021,eligible,rules,True,True,True,10.1152/ajpheart.00061.2021,Single-cell transcriptomics trajectory and molecular convergence of clinically relevant mutations in Brugada syndrome.
33776801,pubmed,2021,excluded_iii_no_quantitative_comparison,rules,True,True,False,10.1111/j.1540-8167.2000.tb00064.x,Automatic Extraction of Recurrent Patterns of High Dominant Frequency Mapping During Human Persistent Atrial Fibrillation.
33770783,pubmed,2021,excluded_ii_not_human_health,rules,True,False,False,10.1088/1361-6560/abf278,Ground-truth-free deep learning for artefacts reduction in 2D radial cardiac cine MRI using a synthetically generated dataset.
33751073,pubmed,2021,excluded_iii_no_quantitative_comparison,rules,True,True,False,10.1093/europace/euaa391,Deep learning formulation of electrocardiographic imaging integrating image and signal information with data-driven regularization.
33748420,pubmed,2020,excluded_iii_no_quantitative_comparison,rules,True,True,False,10.1109/tcds.2019.2916916,4D Modeling of fMRI Data via Spatio-Temporal Convolutional Neural Networks (ST-CNN).
33747417,pubmed,2021,excluded_i_no_spacetime_structure,rules,False,True,False,10.1007/978-3-319-24574-4_28,Computer-Aided Diagnosis of COVID-19 CT Scans Based on Spatiotemporal Information Fusion.
33735660,pubmed,2021,excluded_ii_not_human_health,rules,True,False,True,10.1016/j.cmpb.2021.106006,Automated ECG classification using a non-local convolutional block attention module.
33711709,pubmed,2021,excluded_iii_no_quantitative_comparison,rules,True,True,False,10.1016/j.eplepsyres.2021.106598,Spatiotemporal distribution and age of seizure onset in a pediatric epilepsy surgery cohort with cortical dysplasia.
33684688,pubmed,2021,eligible,rules,True,True,True,10.1016/j.compbiomed.2021.104296,An integrated autoencoder-based hybrid CNN-LSTM model for COVID-19 severity prediction from lung ultrasound.
33603956,pubmed,2020,excluded_ii_not_human_health,rules,True,False,False,10.1109/isbi45749.2020.9098382,DYNAMIC MRI USING DEEP MANIFOLD SELF-LEARNING.
33584676,pubmed,2020,excluded_review,item_type,,,,10.3389/fimmu.2018.00847,Next Generation Imaging Techniques to Define Immune Topographies in Solid Tumors.
33582640,pubmed,2021,excluded_ii_not_human_health,rules,True,False,True,10.1016/j.envpol.2021.116651,Risk prediction of microcystins based on water quality surrogates: A case study in a eutrophicated urban river network.
33582175,pubmed,2022,eligible,rules,True,True,True,10.1016/j.neurad.2021.02.001,Exploiting lamina terminalis appearance and motion in prediction of hydrocephalus using convolutional LSTM network.
33562612,pubmed,2021,excluded_iii_no_quantitative_comparison,rules,True,True,False,10.1016/j.cviu.2017.10.011,STAC: Spatial-Temporal Attention on Compensation Information for Activity Recognition in FPV.
33553257,pubmed,2020,excluded_iii_no_quantitative_comparison,rules,True,True,False,10.1161/circulationaha.118.034338,A Novel Approach for Predicting Atrial Fibrillation Recurrence After Ablation Using Deep Convolutional Neural Networks by Assessing Left Atrial Curved M-Mode Speckle-Tracking Images.
33550004,pubmed,2021,excluded_non_research,item_type,,,,10.1016/j.media.2021.101973,Knowledge representation and learning of operator clinical workflow from full-length routine fetal ultrasound scan videos.
33546204,pubmed,2021,excluded_ii_not_human_health,rules,True,False,True,10.1109/jiot.2021.3050880,A Spatiotemporal-Oriented Deep Ensemble Learning Model to Defend Link Flooding Attacks in IoT Network.
33544895,pubmed,2021,eligible,rules,True,True,True,10.1002/mp.14752,SAUN: Stack attention U-Net for left ventricle segmentation from cardiac cine magnetic resonance imaging.
33531298,pubmed,2021,excluded_ii_not_human_health,rules,True,False,True,10.1109/tmi.2021.3056531,Learning a Generative Motion Model From Image Sequences Based on a Latent Motion Matrix.
33510621,pubmed,2020,excluded_iii_no_quantitative_comparison,rules,True,True,False,10.1001/jama.2018.22005,"Isoflurane-Induced Burst Suppression Is a Thalamus-Modulated, Focal-Onset Rhythm With Persistent Local Asynchrony and Variable Propagation Patterns in Rats."
33507932,pubmed,2021,excluded_iii_no_quantitative_comparison,rules,True,True,False,10.1016/s1473-3099(20)30120-1,Variational-LSTM autoencoder to forecast the spread of coronavirus across the globe.
33486527,pubmed,2021,eligible,rules,True,True,True,10.1101/2020.03.21.20040303,STAN: spatio-temporal attention network for pandemic prediction using real-world evidence.
33465651,pubmed,2021,excluded_ii_not_human_health,rules,True,False,True,10.1016/j.envpol.2021.116459,A Spatial-Temporal Interpretable Deep Learning Model for improving interpretability and predictive accuracy of satellite-based PM2.5.
33449180,pubmed,2021,eligible,rules,True,True,True,10.1148/radiol.2017170550,CNN color-coded difference maps accurately display longitudinal changes in liver MRI-PDFF.
33434807,pubmed,2021,excluded_ii_not_human_health,rules,False,False,True,10.1016/j.scitotenv.2020.144724,An interpretable self-adaptive deep neural network for estimating daily spatially-continuous PM2.5 concentrations across China.
33421825,pubmed,2021,excluded_review,item_type,,,,10.1016/j.compbiomed.2020.104200,Deep learning in spatiotemporal cardiac imaging: A review of methodologies and clinical usability.
33378589,pubmed,2021,eligible,rules,True,True,True,10.1002/mp.14692,A robust DWT-CNN-based CAD system for early diagnosis of autism using task-based fMRI.
33374208,pubmed,2020,excluded_ii_not_human_health,rules,True,False,False,10.3390/ijgi9090519,An Interoperable Architecture for the Internet of COVID-19 Things (IoCT) Using Open Geospatial Standards-Case Study: Workplace Reopening.
33372162,pubmed,2021,excluded_iii_no_quantitative_comparison,rules,True,True,False,10.1002/anie.202008083,Deep learning for in vivo near-infrared imaging.
33371459,pubmed,2020,excluded_iii_no_quantitative_comparison,rules,True,True,False,10.1097/pr9.0000000000000759,Interpretability of Spatiotemporal Dynamics of the Brain Processes Followed by Mindfulness Intervention in a Brain-Inspired Spiking Neural Network Architecture.
33360654,pubmed,2021,excluded_ii_not_human_health,rules,True,False,True,10.1016/j.envpol.2020.116327,Estimate hourly PM2.5 concentrations from Himawari-8 TOA reflectance directly using geo-intelligent long short-term memory network.
33359887,pubmed,2021,eligible,rules,True,True,True,10.1016/j.neunet.2014.09.003,Assessing Glaucoma Progression Using Machine Learning Trained on Longitudinal Visual Field and Clinical Data.
33351771,pubmed,2021,eligible,rules,True,True,True,10.1109/jbhi.2020.3046449,Spatio-Temporal Multi-Task Learning for Cardiac MRI Left Ventricle Quantification.
33348218,pubmed,2021,eligible,rules,True,True,True,10.1109/tbiom.2019.2918619,Multimodal spatio-temporal deep learning approach for neonatal postoperative pain assessment.
33340619,pubmed,2021,excluded_iii_no_quantitative_comparison,rules,True,True,False,10.1101/2020.07.19.211193,Neural network dynamics underlying gamma synchronization deficits in schizophrenia.
33335877,pubmed,2020,excluded_iii_no_quantitative_comparison,rules,True,True,False,10.1016/j.apenergy.2018.05.043,"Analysis of Hemorrhagic Fever With Renal Syndrome Using Wavelet Tools in Mainland China, 2004-2019."
33333873,pubmed,2020,excluded_i_no_spacetime_structure,rules,False,True,True,10.1109/tip.2018.2878958,Siamese Architecture-Based 3D DenseNet with Person-Specific Normalization Using Neutral Expression for Spontaneous and Posed Smile Classification.
33330741,pubmed,2020,eligible,rules,True,True,True,,STAN: Spatio-Temporal Attention Network for Pandemic Prediction Using Real World Evidence.
33313561,pubmed,2020,excluded_ii_not_human_health,rules,True,False,True,10.1109/tpami.2012.120,Coffee Flower Identification Using Binarization Algorithm Based on Convolutional Neural Network for Digital Images.
33309481,pubmed,2021,excluded_iii_no_quantitative_comparison,rules,True,True,False,10.1016/j.clbc.2020.11.009,Utilizing Data Visualization to Identify Survival and Treatment Differences Between Women With De Novo and Recurrent Metastatic Breast Cancer.
33268885,pubmed,2020,eligible,rules,True,True,True,10.1016/j.scitotenv.2018.03.057,An improved deep learning model for predicting daily PM2.5 concentration.
33261876,pubmed,2021,excluded_ii_not_human_health,rules,True,False,False,10.1016/j.scitotenv.2020.143656,Identification of core micropollutants of Ergene River and their categorization based on spatiotemporal distribution.
33257940,pubmed,2021,eligible,rules,True,True,True,10.1093/brain/awaa400,Spatiotemporal features of β-γ phase-amplitude coupling in Parkinson's disease derived from scalp EEG.
33251178,pubmed,2020,eligible,rules,True,True,True,10.1109/cvpr.2016.90,Alzheimer's Disease Classification With a Cascade Neural Network.
33250854,pubmed,2020,excluded_i_no_spacetime_structure,rules,False,True,True,10.1016/j.eplepsyres.2011.07.012,Deep Convolutional Neural Network Based Interictal-Preictal Electroencephalography Prediction: Application to Focal Cortical Dysplasia Type-II.
33250530,pubmed,2022,eligible,rules,True,True,True,10.1016/j.chaos.2020.110027,Novel spatiotemporal feature extraction parallel deep neural network for forecasting confirmed cases of coronavirus disease 2019.
33246725,pubmed,2021,excluded_ii_not_human_health,rules,True,False,True,10.1016/j.scitotenv.2020.143513,A novel method for identifying hotspots and forecasting air quality through an adaptive utilization of spatio-temporal information of multiple factors.
33197714,pubmed,2021,eligible,rules,True,True,True,10.1016/j.media.2020.101878,End-to-end multimodal image registration via reinforcement learning.
33175681,pubmed,2020,eligible,rules,True,True,True,10.1109/tnsre.2020.3037326,A Multi-Scale Fusion Convolutional Neural Network Based on Attention Mechanism for the Visualization Analysis of EEG Signals Decoding.
33166787,pubmed,2021,eligible,rules,True,True,True,10.1016/j.ultras.2020.106283,DSWE-Net: A deep learning approach for shear wave elastography and lesion segmentation using single push acoustic radiation force.
33162287,pubmed,2021,excluded_review,item_type,,,,10.1016/j.neucli.2020.10.006,Back to basics: the neuronal substrates and mechanisms that underlie the electroencephalogram in premature neonates.
33159104,pubmed,2020,excluded_ii_not_human_health,rules,True,False,True,10.1007/s11869-020-00907-6,"Combination of data-driven models and interpolation technique to develop of PM10 map for Hanoi, Vietnam."
33129153,pubmed,2021,excluded_iii_no_quantitative_comparison,rules,True,True,False,10.1016/j.media.2020.101837,ST-MTL: Spatio-Temporal multitask learning model to predict scanpath while tracking instruments in robotic surgery.
33079678,pubmed,2022,eligible,rules,True,True,True,10.1109/tnnls.2020.3028080,A Deep Motion Sickness Predictor Induced by Visual Stimuli in Virtual Reality.
33079425,pubmed,2020,excluded_ii_not_human_health,rules,True,False,False,10.1002/adma.202003018,Oxide-Based Electrolyte-Gated Transistors for Spatiotemporal Information Processing.
33063400,pubmed,2022,excluded_review,item_type,,,,10.1109/tmi.2018.2817547,Rapid MR relaxometry using deep learning: An overview of current techniques and emerging trends.
33048671,pubmed,2021,excluded_iii_no_quantitative_comparison,rules,True,True,False,10.1109/tmi.2020.3030741,Image-Guided Tethering Spine Surgery With Outcome Prediction Using Spatio-Temporal Dynamic Networks.
33041534,pubmed,2020,excluded_ii_not_human_health,rules,True,False,False,10.1016/j.chaos.2020.110339,Isfahan and Covid-19: Deep spatiotemporal representation.
33019283,pubmed,2020,excluded_iii_no_quantitative_comparison,rules,True,True,False,10.1109/embc44109.2020.9176051,Biomechanical parameters assessment for the classification of Parkinson Disease using Bidirectional Long Short-Term Memory.
33018801,pubmed,2020,excluded_iii_no_quantitative_comparison,rules,True,True,False,10.1109/embc44109.2020.9175717,Towards understanding spatio-temporal parkinsonian patterns from salient regions of a 3D convolutional network.
33018327,pubmed,2020,excluded_iii_no_quantitative_comparison,rules,True,True,False,10.1109/embc44109.2020.9176455,Diagnosis of Myotonic Dystrophy Based on Resting State fMRI Using Convolutional Neural Networks.
33017949,pubmed,2020,eligible,rules,True,True,True,10.1109/embc44109.2020.9175711,Automatic detection of artifacts in EEG by combining deep learning and histogram contour processing.
33011925,pubmed,2020,excluded_iii_no_quantitative_comparison,rules,True,True,False,10.1007/s12015-020-10053-2,Spatio-Temporal Metabolokinetics and Efficacy of Human Placenta-Derived Mesenchymal Stem/Stromal Cells on Mice with Refractory Crohn's-like Enterocutaneous Fistula.
33010730,pubmed,2020,eligible,rules,True,True,True,10.1016/j.jbi.2020.103394,A deep learning solution to recommend laboratory reduction strategies in ICU.
33007592,pubmed,2020,eligible,rules,True,True,True,10.1016/j.cmpb.2020.105729,Super-resolution and denoising of 4D-Flow MRI using physics-Informed deep neural nets.
32998329,pubmed,2020,eligible,rules,True,True,True,10.2307/2670205,Deep Learning in Gait Parameter Prediction for OA and TKA Patients Wearing IMU Sensors.
36383497,pubmed,2020,eligible,rules,True,True,True,10.1007/978-3-030-35817-4_9,Temporal-Adaptive Graph Convolutional Network for Automated Identification of Major Depressive Disorder Using Resting-State fMRI.
32997312,pubmed,2021,excluded_iii_no_quantitative_comparison,rules,True,True,False,10.1007/s00330-016-4534-9,4D deep learning for real-time volumetric optical coherence elastography.
32980736,pubmed,2020,excluded_ii_not_human_health,rules,True,False,False,10.1016/j.envint.2020.106143,Ensemble-based deep learning for estimating PM2.5 over California with multisource big data including wildfire smoke.
32972654,pubmed,2020,excluded_iii_no_quantitative_comparison,rules,True,True,False,10.1016/j.artmed.2020.101919,Continuous blood pressure measurement from one-channel electrocardiogram signal using deep-learning techniques.
32972374,pubmed,2020,excluded_ii_not_human_health,rules,True,False,False,10.1109/tmi.2004.825627,Coronary artery segmentation in angiographic videos utilizing spatial-temporal information.
32964749,pubmed,2020,excluded_iii_no_quantitative_comparison,rules,True,True,False,10.1161/circulationaha.120.047530,Automated Recognition of Regional Wall Motion Abnormalities Through Deep Neural Network Interpretation of Transthoracic Echocardiography.
32961750,pubmed,2020,excluded_i_no_spacetime_structure,rules,False,True,False,10.1016/j.inffus.2020.04.004,Detection of Gait Abnormalities for Fall Risk Assessment Using Wrist-Worn Inertial Sensors and Deep Learning.
32946403,pubmed,2021,excluded_i_no_spacetime_structure,rules,False,True,True,10.2196/12153,Wearables and Deep Learning Classify Fall Risk From Gait in Multiple Sclerosis.
32933174,pubmed,2020,excluded_review,item_type,,,,10.1016/j.neuropsychologia.2010.02.019,Functional Mapping before and after Low-Grade Glioma Surgery: A New Way to Decipher Various Spatiotemporal Patterns of Individual Neuroplastic Potential in Brain Tumor Patients.
32924188,pubmed,2021,eligible,rules,True,True,True,10.1002/mrm.28485,Multi-domain convolutional neural network (MD-CNN) for radial reconstruction of dynamic cardiac MRI.
32923059,pubmed,2020,eligible,rules,True,True,True,10.1364/boe.6.004098,Deep learning-based cell identification and disease diagnosis using spatio-temporal cellular dynamics in compact digital holographic microscopy.
32920497,pubmed,2020,excluded_ii_not_human_health,rules,True,False,True,10.1016/j.envint.2020.106060,New interpretable deep learning model to monitor real-time PM2.5 concentrations from satellite data.
32904945,pubmed,2020,excluded_iii_no_quantitative_comparison,rules,True,True,False,10.1093/noajnl/vdaa088,Patient-derived cells from recurrent tumors that model the evolution of IDH-mutant glioma.
32901402,pubmed,2021,excluded_iii_no_quantitative_comparison,rules,True,True,False,10.1007/s10653-019-00258-x,Spatio-temporal variation and daily prediction of PM2.5 concentration in world-class urban agglomerations of China.
32877340,pubmed,2021,excluded_ii_not_human_health,rules,True,False,False,10.1109/tnnls.2020.3015215,Demystifying Deep Learning in Predictive Spatiotemporal Analytics: An Information-Theoretic Framework.
32875668,pubmed,2021,eligible,rules,True,True,True,10.1016/j.media.2019.01.005,"Rapid reconstruction of highly undersampled, non-Cartesian real-time cine k-space data using a perceptual complex neural network (PCNN)."
32871483,pubmed,2020,excluded_ii_not_human_health,rules,True,False,True,10.1016/j.envpol.2020.115363,Long-term calibration models to estimate ozone concentrations with a metal oxide sensor.
37476352,pubmed,2020,excluded_iii_no_quantitative_comparison,rules,True,True,False,10.1007/11866763_42,Spatiotemporal feature extraction and classification of Alzheimer's disease using deep learning 3D-CNN for fMRI data.
32863727,pubmed,2020,excluded_ii_not_human_health,rules,True,False,True,10.1021/acs.est.8b02864,A comparison of statistical and machine learning methods for creating national daily maps of ambient PM2.5 concentration.
32836694,pubmed,2020,excluded_iii_no_quantitative_comparison,rules,True,True,False,10.1016/j.ipm.2020.102340,A topic modeling framework for spatio-temporal information management.
32833639,pubmed,2021,eligible,rules,True,True,True,10.1109/tnsre.2020.3019063,Deep Spatio-Temporal Representation and Ensemble Classification for Attention Deficit/Hyperactivity Disorder.
32808786,pubmed,2020,excluded_ii_not_human_health,rules,False,False,True,10.1080/02693799008941549,An Ensemble Learning Approach for Estimating High Spatiotemporal Resolution of Ground-Level Ozone in the Contiguous United States.
32805577,pubmed,2020,excluded_i_no_spacetime_structure,rules,False,True,True,10.1016/j.envint.2020.106044,"Predicting outdoor ultrafine particle number concentrations, particle size, and noise using street-level images and audio data."
32792507,pubmed,2020,eligible,rules,True,True,True,10.1186/1471-2342-10-1,CINENet: deep learning-based 3D cardiac CINE MRI reconstruction with multi-coil complex-valued 4D spatio-temporal convolutions.
32789526,pubmed,2020,eligible,rules,True,True,True,10.1167/iovs.18-24882,Progression of Photoreceptor Degeneration in Geographic Atrophy Secondary to Age-related Macular Degeneration.
32783631,pubmed,2020,eligible,rules,True,True,True,10.1089/big.2020.0070,Graph Neural Network-Based Diagnosis Prediction.
32761409,pubmed,2020,excluded_i_no_spacetime_structure,rules,False,True,False,10.1523/jneurosci.6158-09.2010,Spatiotemporal regulation of GABA concentration in extracellular space by gliotransmission crucial for extrasynaptic receptor-mediated improvement of sensory tuning performance in schizophrenia.
32750929,pubmed,2020,eligible,rules,True,True,True,10.1109/jbhi.2020.3000136,End-to-End Deep Learning Model for Predicting Treatment Requirements in Neovascular AMD From Longitudinal Retinal OCT Imaging.
32750901,pubmed,2021,eligible,rules,True,True,True,10.1109/jbhi.2020.2995193,Learning Spatiotemporal Features for Esophageal Abnormality Detection From Endoscopic Videos.
32729853,pubmed,2020,excluded_iii_no_quantitative_comparison,rules,True,True,False,10.1039/d0ay00799d,"Artificial neural network employment for element determination in Mugil cephalus by ICP OES in Pontal Bay, Brazil."
32722344,pubmed,2020,excluded_non_research,item_type,,,,10.2307/3001968,Improving Temporal Stability and Accuracy for Endoscopic Video Tissue Classification Using Recurrent Neural Networks.
32705938,pubmed,2020,excluded_iii_no_quantitative_comparison,rules,True,True,False,10.1177/0883073820943488,The Neurodevelopmental and Motor Phenotype of SCA21 (ATX-TMEM240).
32699460,pubmed,2020,eligible,rules,True,True,True,10.1117/12.2550656,Automated Segmentation of Cardiac Chambers from Cine Cardiac MRI Using an Adversarial Network Architecture.
32697891,pubmed,2021,eligible,rules,True,True,True,10.1002/mrm.28420,Accelerating cardiac cine MRI using a deep learning-based ESPIRiT reconstruction.
32623278,pubmed,2020,eligible,rules,True,True,True,10.1016/j.media.2020.101762,Spatio-temporal visual attention modelling of standard biometry plane-finding navigation.
32622121,pubmed,2020,eligible,rules,True,True,True,10.1016/j.media.2020.101728,Prediction of inter-fractional radiotherapy dose plans with domain translation in spatiotemporal embeddings.
32607698,pubmed,2020,excluded_ii_not_human_health,rules,False,False,False,10.1007/s10653-020-00632-0,Cadmium and lead in geophagic clay consumed in Southern Nigeria: health risk from such traditional nutraceutical.
32593390,pubmed,2020,eligible,rules,True,True,True,10.1016/j.artmed.2020.101856,ECG-based multi-class arrhythmia detection using spatio-temporal attention-based convolutional recurrent neural network.
32534253,pubmed,2020,excluded_i_no_spacetime_structure,rules,False,True,False,10.1016/j.brs.2020.06.008,Phase-specific manipulation of rhythmic brain activity by transcranial alternating current stimulation.
32491928,pubmed,2021,eligible,rules,True,True,True,10.1177/1550059420916634,Major Depressive Disorder Classification Based on Different Convolutional Neural Network Models: Deep Learning Approach.
32475486,pubmed,2020,excluded_review,item_type,,,,10.1016/j.nec.2020.03.003,Semiology and Epileptic Networks.
32471827,pubmed,2020,excluded_iii_no_quantitative_comparison,rules,True,True,False,10.1136/neurintsurg-2020-015824,Fully automated intracranial aneurysm detection and segmentation from digital subtraction angiography series using an end-to-end spatiotemporal deep neural network.
32471302,pubmed,2020,excluded_iii_no_quantitative_comparison,rules,True,True,False,10.3390/v12040372,Spatial-Temporal Variations in Atmospheric Factors Contribute to SARS-CoV-2 Outbreak.
32405246,pubmed,2020,excluded_ii_not_human_health,rules,False,False,True,10.1016/j.atmosenv.2020.117309,"Ensemble averaging based assessment of spatiotemporal variations in ambient PM2.5 concentrations over Delhi, India, during 2010-2016."
32399238,pubmed,2020,excluded_ii_not_human_health,rules,True,False,False,10.1016/j.envpol.2019.113173,The burden of cardiovascular and respiratory diseases attributed to ambient sulfur dioxide over 26 years.
32372947,pubmed,2020,excluded_review,item_type,,,,10.1016/j.compbiomed.2017.03.031,Current Evidence on Computer-Aided Diagnosis of Celiac Disease: Systematic Review.
32331463,pubmed,2020,eligible,rules,True,True,True,10.1016/j.compag.2019.104885,A Spatiotemporal Convolutional Network for Multi-Behavior Recognition of Pigs.
32329905,pubmed,2020,excluded_iii_no_quantitative_comparison,rules,True,True,False,10.1113/jp279705,Ketamine anaesthesia induces gain enhancement via recurrent excitation in granular input layers of the auditory cortex.
32326349,pubmed,2020,eligible,rules,True,True,True,10.1613/jair.953,Spatio-Temporal Abnormal Behavior Prediction in Elderly Persons Using Deep Learning Models.
32323324,pubmed,2020,eligible,rules,True,True,True,10.1002/mp.14198,Development of a real-time indoor location system using bluetooth low energy technology and deep learning to facilitate clinical applications.
32292324,pubmed,2020,eligible,rules,True,True,True,10.1089/brain.2018.0657,Deep Temporal Organization of fMRI Phase Synchrony Modes Promotes Large-Scale Disconnection in Schizophrenia.
32266428,pubmed,2020,excluded_ii_not_human_health,rules,True,False,False,10.1007/s00285-020-01490-1,Canard-induced complex oscillations in an excitatory network.
32250857,pubmed,2020,eligible,rules,True,True,True,10.1016/j.compbiomed.2020.103728,MV-RAN: Multiview recurrent aggregation network for echocardiographic sequences segmentation and full cardiac cycle analysis.
32248133,pubmed,2020,eligible,rules,True,True,True,10.1109/jbhi.2020.2984128,Epileptic Seizure Classification With Symmetric and Hybrid Bilinear Models.
32244895,pubmed,2020,excluded_review,item_type,,,,10.1093/nar/gkw533,Transcription Factors in Cancer: When Alternative Splicing Determines Opposite Cell Fates.
35211243,pubmed,2020,excluded_i_no_spacetime_structure,rules,False,True,False,10.1109/isbi45749.2020.9098453,FREE-BREATHING CARDIOVASCULAR MRI USING A PLUG-AND-PLAY METHOD WITH LEARNED DENOISER.
32206429,pubmed,2020,excluded_ii_not_human_health,rules,True,False,True,10.1142/s0218488598000094,FlyNet 2.0: drosophila heart 3D (2D + time) segmentation in optical coherence microscopy images using a convolutional long short-term memory neural network.
32158056,pubmed,2020,excluded_ii_not_human_health,rules,True,False,True,10.1016/j.rse.2019.111584,Spatiotemporal Imputation of MAIAC AOD Using Deep Learning with Downscaling.
32153945,pubmed,2019,eligible,rules,True,True,True,10.1097/mop.0b013e32830c6ede,"A space-time analysis of recurrent malnutrition-related hospitalisations in Kilifi, Kenya for children under-5 years."
32110906,pubmed,2020,excluded_ii_not_human_health,rules,True,False,False,10.1109/bigdata.2018.8621918,A Dual-Attention Recurrent Neural Network Method for Deep Cone Thickener Underflow Concentration Prediction.
32108524,pubmed,2020,excluded_ii_not_human_health,rules,True,False,True,10.1016/j.hfc.2011.08.007,Spinal cord neural network interactions: implications for sympathetic control of the porcine heart.
32074979,pubmed,2020,excluded_iii_no_quantitative_comparison,rules,True,True,False,10.1016/j.knosys.2016.01.040,Hybrid Network with Attention Mechanism for Detection and Location of Myocardial Infarction Based on 12-Lead Electrocardiogram Signals.
32057288,pubmed,2020,excluded_review,item_type,,,,10.1089/ten.teb.2019.0302,Modeling the Tumor Microenvironment and Pathogenic Signaling in Bone Sarcoma.
32014051,pubmed,2020,excluded_iii_no_quantitative_comparison,rules,True,True,False,10.1080/15384101.2016.1158375,"Genetic and histologic spatiotemporal evolution of recurrent, multifocal, multicentric and metastatic glioblastoma."
32002923,pubmed,2020,excluded_review,item_type,,,,10.1007/978-981-32-9705-0_5,Anxiety Disorders and the Brain's Resting State Networks: From Altered Spatiotemporal Synchronization to Psychopathological Symptoms.
31993109,pubmed,2019,eligible,rules,True,True,True,10.1109/isbi.2019.8759149,Spatio-Temporal Partitioning and Description of Full-Length Routine Fetal Anomaly Ultrasound Scans.
31984436,pubmed,2020,eligible,rules,True,True,True,10.1007/s00247-020-04617-0,Prospective pediatric study comparing glomerular filtration rate estimates based on motion-robust dynamic contrast-enhanced magnetic resonance imaging and serum creatinine (eGFR) to 99mTc DTPA.
31970945,pubmed,2020,excluded_i_no_spacetime_structure,rules,False,True,False,10.1016/0026-2862(85)90033-0,In-vivo full-field measurement of microcirculatory blood flow velocity based on intelligent object identification.
31970879,pubmed,2020,excluded_iii_no_quantitative_comparison,rules,True,True,False,10.1002/jbio.201960135,Optical coherence tomography image denoising using a generative adversarial network with speckle modulation.
31946752,pubmed,2019,excluded_ii_not_human_health,rules,True,False,True,10.1109/embc.2019.8856833,A Multi-channel Deep Learning Approach for Segmentation of the Left Ventricular Endocardium from Cardiac Images.
31946133,pubmed,2019,eligible,rules,True,True,True,10.1109/embc.2019.8857054,Eye Gaze-based Early Intent Prediction Utilizing CNN-LSTM.
31940544,pubmed,2020,excluded_iii_no_quantitative_comparison,rules,True,True,False,10.1109/tnsre.2020.2966249,A Deep Learning Framework for Assessing Physical Rehabilitation Exercises.
31927473,pubmed,2020,eligible,rules,True,True,True,10.1016/j.media.2019.101631,Siam-U-Net: encoder-decoder siamese network for knee cartilage tracking in ultrasound images.
31887356,pubmed,2020,excluded_iii_no_quantitative_comparison,rules,True,True,False,10.1016/j.neuroscience.2019.12.015,Profiling the Expression of Endoplasmic Reticulum Stress Associated Heat Shock Proteins in Animal Epilepsy Models.
31870974,pubmed,2020,excluded_iii_no_quantitative_comparison,rules,True,True,False,10.1109/tbme.2019.2961448,Preterm Infants' Pose Estimation With Spatio-Temporal Features.
31851499,pubmed,2020,excluded_ii_not_human_health,rules,True,False,True,10.1021/acs.est.9b03358,Assessing NO2 Concentration and Model Uncertainty with High Spatiotemporal Resolution across the Contiguous United States Using Ensemble Model Averaging.
35415435,pubmed,2020,excluded_iii_no_quantitative_comparison,rules,True,True,False,10.1016/j.ijmedinf.2016.07.004,DeepFall: Non-Invasive Fall Detection with Deep Spatio-Temporal Convolutional Autoencoders.
31842189,pubmed,2020,excluded_i_no_spacetime_structure,rules,False,True,True,10.1097/iae.0000000000002717,TOPOGRAPHIC ANALYSIS OF PHOTORECEPTOR LOSS CORRELATED WITH DISEASE MORPHOLOGY IN NEOVASCULAR AGE-RELATED MACULAR DEGENERATION.
31831454,pubmed,2020,eligible,rules,True,True,True,10.1109/jbhi.2019.2958879,Deep Learning for Fall Risk Assessment With Inertial Sensors: Utilizing Domain Knowledge in Spatio-Temporal Gait Parameters.
31768504,pubmed,2019,excluded_review,item_type,,,,10.1007/978-3-642-36083-1_10,Determining the Optimal Number of MEG Trials: A Machine Learning and Speech Decoding Perspective.
31765307,pubmed,2020,excluded_iii_no_quantitative_comparison,rules,True,True,False,10.1109/tmi.2019.2955436,K-Net: Integrate Left Ventricle Segmentation and Direct Quantification of Paired Echo Sequence.
31748553,pubmed,2019,excluded_ii_not_human_health,rules,False,False,False,10.1038/nm.2333,Mapping optogenetically-driven single-vessel fMRI with concurrent neuronal calcium recordings in the rat hippocampus.
31739449,pubmed,2019,excluded_ii_not_human_health,rules,True,False,True,10.1371/journal.pone.0096111,PM2.5 Prediction with a Novel Multi-Step-Ahead Forecasting Model Based on Dynamic Wind Field Distance.
31724372,pubmed,2019,excluded_i_no_spacetime_structure,rules,False,True,False,10.4081/gh.2019.786,Evaluation and planning of Chagas control activities using geospatial tools.
31723946,pubmed,2019,excluded_iii_no_quantitative_comparison,rules,True,True,False,10.1007/978-3-030-32245-8_55,Deep learning within a priori temporal feature spaces for large-scale dynamic MR image reconstruction: Application to 5-D cardiac MR Multitasking.
31704405,pubmed,2020,excluded_review,item_type,,,,10.1016/j.scitotenv.2019.134463,Statistical spatial-temporal modeling of ambient ozone exposure for environmental epidemiology studies: A review.
31698347,pubmed,2020,excluded_iii_no_quantitative_comparison,rules,True,True,False,10.1088/1361-6528/ab554b,Emerging neuromorphic devices.
31689669,pubmed,2020,excluded_ii_not_human_health,rules,True,False,True,10.1016/j.scitotenv.2019.07.367,"Deep learning-based PM2.5 prediction considering the spatiotemporal correlations: A case study of Beijing, China."
31653059,pubmed,2019,excluded_ii_not_human_health,rules,False,False,False,10.1016/j.envint.2018.04.018,Integration of Remote Sensing and Social Sensing Data in a Deep Learning Framework for Hourly Urban PM2.5 Mapping.
31590664,pubmed,2019,excluded_review,item_type,,,,10.1016/j.media.2019.02.007,Machine learning in cardiovascular magnetic resonance: basic concepts and applications.
31562096,pubmed,2019,eligible,rules,True,True,True,10.1109/tnsre.2019.2943707,Seizure Prediction in Scalp EEG Using 3D Convolutional Neural Networks With an Image-Based Approach.
31562074,pubmed,2020,eligible,rules,True,True,True,10.1109/tmi.2019.2943841,Spatio-Temporal Convolutional LSTMs for Tumor Growth Prediction by Learning 4D Longitudinal Patient Data.
31501850,pubmed,2019,excluded_iii_no_quantitative_comparison,rules,True,True,False,10.1093/brain/awz269,Interictal epileptiform discharges shape large-scale intercortical communication.
31476750,pubmed,2019,eligible,rules,True,True,True,10.1088/1361-6560/ab408e,Single patient convolutional neural networks for real-time MR reconstruction: a proof of concept application in lung tumor segmentation for adaptive radiotherapy.
31461697,pubmed,2019,excluded_ii_not_human_health,rules,True,False,True,10.1016/j.scitotenv.2019.133983,Research on PM2.5 estimation and prediction method and changing characteristics analysis under long temporal and large spatial scale - A case study in China typical regions.
31446235,pubmed,2019,eligible,rules,True,True,True,10.1016/j.neunet.2019.07.021,Personalised modelling with spiking neural networks integrating temporal and static information.
31410855,pubmed,2019,excluded_iii_no_quantitative_comparison,rules,True,True,False,10.1002/mp.13765,Toward predicting the evolution of lung tumors during radiotherapy observed on a longitudinal MR imaging study via a deep learning algorithm.
31408651,pubmed,2019,eligible,rules,True,True,True,10.1016/j.jneumeth.2019.108395,Early prediction of epileptic seizures using a long-term recurrent convolutional network.
31403407,pubmed,2020,excluded_ii_not_human_health,rules,True,False,False,10.1109/tmi.2019.2930318,Spatio-Temporal Deep Learning-Based Undersampling Artefact Reduction for 2D Radial Cine MRI With Limited Training Data.
31389935,pubmed,2019,excluded_ii_not_human_health,rules,False,False,False,10.1039/c9nr03073e,Reversible uptake and release of sodium ions in layered SnS2-reduced graphene oxide composites for neuromorphic devices.
31387378,pubmed,2021,excluded_iii_no_quantitative_comparison,rules,True,True,False,10.1177/1363459319866894,"Pathways, practices and architectures: Containing antimicrobial resistance in the cystic fibrosis clinic."
33907544,pubmed,2019,excluded_ii_not_human_health,rules,True,False,False,10.1007/s10098-019-01709-w,Air pollution prediction by using an artificial neural network model.
31364556,pubmed,2019,excluded_iii_no_quantitative_comparison,rules,True,True,False,10.1017/s0950268819001250,"Spatial diffusion of the 2015-2016 Zika, dengue and chikungunya epidemics in Rio de Janeiro Municipality, Brazil."
31361011,pubmed,2020,excluded_review,item_type,,,,10.1093/neuros/nyz286,Sensor Modalities for Brain-Computer Interface Technology: A Comprehensive Literature Review.
31319085,pubmed,2019,excluded_review,item_type,,,,10.1016/j.mam.2019.07.004,The importance of long non-coding RNAs in neuropsychiatric disorders.
31297079,pubmed,2019,eligible,rules,True,True,True,10.1109/tip.2015.2499698,STIR-Net: Deep Spatial-Temporal Image Restoration Net for Radiation Reduction in CT Perfusion.
31287819,pubmed,2019,excluded_iii_no_quantitative_comparison,rules,True,True,False,10.1128/aem.01482-17,Environmental surveillance and spatio-temporal analysis of Legionella spp. in a region of northeastern Italy (2002-2017).
31284687,pubmed,2019,eligible,rules,True,True,True,10.1023/a:1010933404324,Artificial Intelligence-Based Classification of Multiple Gastrointestinal Diseases Using Endoscopy Videos for Clinical Diagnosis.
31272018,pubmed,2019,excluded_ii_not_human_health,rules,False,False,True,10.1016/j.envint.2019.104909,An ensemble-based model of PM2.5 concentration across the contiguous United States with high spatiotemporal resolution.
31251192,pubmed,2019,excluded_iii_no_quantitative_comparison,rules,True,True,False,10.1109/tbcas.2019.2925454,Discrimination of EMG Signals Using a Neuromorphic Implementation of a Spiking Neural Network.
31242192,pubmed,2019,excluded_ii_not_human_health,rules,True,False,True,10.4269/ajtmh.12-0329,The effectiveness of inspections on reported mosquito larval habitats in households: A case-control study.
31183380,pubmed,2019,excluded_iii_no_quantitative_comparison,rules,True,True,False,10.2463/mrms.mp.2017-0047,Noninvasive Evaluation of the Pathologic Grade of Hepatocellular Carcinoma Using MCF-3DCNN: A Pilot Study.
31157762,pubmed,2019,excluded_non_research,item_type,,,,10.3791/59268,Electrophoretic Delivery of γ-aminobutyric Acid (GABA) into Epileptic Focus Prevents Seizures in Mice.
31147818,pubmed,2019,eligible,rules,True,True,True,10.1109/tbme.2013.2283501,Spatio-temporal deep learning models for tip force estimation during needle insertion.
31145734,pubmed,2019,excluded_iii_no_quantitative_comparison,rules,True,True,False,10.1038/s41598-018-28136-z,Simulation of single-protein nanopore sensing shows feasibility for whole-proteome identification.
31134433,pubmed,2019,excluded_iii_no_quantitative_comparison,rules,True,True,False,10.1007/s10827-019-00717-5,Spatiotemporal discrimination in attractor networks with short-term synaptic plasticity.
31071048,pubmed,2019,eligible,rules,True,True,True,10.1109/tnsre.2019.2915621,A Channel-Projection Mixed-Scale Convolutional Neural Network for Motor Imagery EEG Decoding.
31059870,pubmed,2019,excluded_ii_not_human_health,rules,True,False,False,10.1016/j.scitotenv.2019.04.009,Modelling the influence of environmental parameters over marine planktonic microbial communities using artificial neural networks.
31055126,pubmed,2019,excluded_non_research,item_type,,,,10.1109/tkde.2006.17,Automatic CNN-based detection of cardiac MR motion artefacts using k-space data augmentation and curriculum learning.
31055125,pubmed,2019,excluded_ii_not_human_health,rules,True,False,False,10.1016/j.media.2019.04.007,Flow network tracking for spatiotemporal and periodic point matching: Applied to cardiac motion analysis.
31006860,pubmed,2019,excluded_iii_no_quantitative_comparison,rules,True,True,False,10.1111/epi.14720,Reproducibility of interictal spike propagation in children with refractory epilepsy.
31000744,pubmed,2019,excluded_iii_no_quantitative_comparison,rules,True,True,False,10.1007/s11263-015-0816-y,"Measuring social, environmental and health inequalities using deep learning and street imagery."
30952559,pubmed,2019,eligible,rules,True,True,True,10.1016/s1470-2045(19)30098-1,"Automated quantitative tumour response assessment of MRI in neuro-oncology with artificial neural networks: a multicentre, retrospective study."
30949419,pubmed,2019,eligible,rules,True,True,True,10.1109/jtehm.2019.2900628,Cardiac-DeepIED: Automatic Pixel-Level Deep Segmentation for Cardiac Bi-Ventricle Using Improved End-to-End Encoder-Decoder Network.
30937706,pubmed,2019,excluded_iii_no_quantitative_comparison,rules,True,True,False,10.1023/a:1013728012048,"The role of FAS, FAS-L, BAX, and BCL-2 gene polymorphisms in determining susceptibility to unexplained recurrent pregnancy loss."
30892690,pubmed,2019,excluded_iii_no_quantitative_comparison,rules,True,True,False,10.1002/ijc.32288,Multisite analysis of high-grade serous epithelial ovarian cancers identifies genomic regions of focal and recurrent copy number alteration in 3q26.2 and 8q24.3.
30857313,pubmed,2019,excluded_ii_not_human_health,rules,False,False,False,10.5194/acp-18-8353-2018,Estimating PM2.5 Concentrations Based on MODIS AOD and NAQPMS Data over Beijing⁻Tianjin⁻Hebei.
30841384,pubmed,2019,excluded_ii_not_human_health,rules,True,False,True,10.1016/j.scitotenv.2018.11.086,A novel spatiotemporal convolutional long short-term neural network for air pollution prediction.
30778842,pubmed,2019,eligible,rules,True,True,True,10.1007/s11517-019-01959-2,EEG-based mild depression recognition using convolutional neural network.
30760050,pubmed,2019,eligible,rules,True,True,True,10.1080/24699322.2018.1560097,Real-time tracking of surgical instruments based on spatio-temporal context and deep learning.
30714197,pubmed,2019,eligible,rules,True,True,True,10.1109/isbi.2018.8363618,Automated selection of myocardial inversion time with a convolutional neural network: Spatial temporal ensemble myocardium inversion network (STEMI-NET).
30690285,pubmed,2019,eligible,rules,True,True,True,10.1016/j.neunet.2018.12.012,"Classification of gait patterns between patients with Parkinson's disease and healthy controls using phase space reconstruction (PSR), empirical mode decomposition (EMD) and neural networks."
30677988,pubmed,2019,excluded_ii_not_human_health,rules,False,False,False,10.1016/j.scitotenv.2018.12.297,Estimation of spatiotemporal PM1.0 distributions in China by combining PM2.5 observations with satellite aerosol optical depth.
30673644,pubmed,2019,excluded_iii_no_quantitative_comparison,rules,True,True,False,10.1088/1741-2552/ab0169,Microstate functional connectivity in EEG cognitive tasks revealed by a multivariate Gaussian hidden Markov model with phase locking value.
30670953,pubmed,2018,excluded_iii_no_quantitative_comparison,rules,True,True,False,10.1371/journal.pone.0068910,Spectral Imprints of Working Memory for Everyday Associations in the Frontoparietal Network.
30616221,pubmed,2019,excluded_review,item_type,,,,10.1016/j.seizure.2018.12.017,Aberrant epileptic seizure identification: A computer vision perspective.
30594014,pubmed,2019,eligible,rules,True,True,True,10.1016/j.gaitpost.2018.12.021,A convolutional neural network Cascade for plantar pressure images registration.
30554222,pubmed,2019,excluded_review,item_type,,,,10.1159/000494411,Liquid Biopsy for the Management of Patients with Colorectal Cancer.
30520404,pubmed,2019,excluded_review,item_type,,,,10.1017/s1041610218001783,Gait parameters and characteristics associated with increased risk of falls in people with dementia: a systematic review.
30510500,pubmed,2018,excluded_ii_not_human_health,rules,False,False,False,10.1109/tnnls.2015.2388544,A Spiking Neural Network Framework for Robust Sound Classification.
30486517,pubmed,2018,eligible,rules,True,True,True,10.1093/brain/124.12.2513,Audiovisual Lexical Retrieval Deficits Following Left Hemisphere Stroke.
30473744,pubmed,2018,excluded_iii_no_quantitative_comparison,rules,True,True,False,10.1109/isbi.2018.8363865,AUTOMATIC RENAL SEGMENTATION IN DCE-MRI USING CONVOLUTIONAL NEURAL NETWORKS.
30452544,pubmed,2019,excluded_iii_no_quantitative_comparison,rules,True,True,False,10.1093/annonc/mdy506,Evolutionary dynamics of residual disease in human glioblastoma.
30450487,pubmed,2018,excluded_iii_no_quantitative_comparison,rules,True,True,False,10.4172/2472-0895.1000128,Characterizing Concentration-Dependent Neural Dynamics of 4-Aminopyridine-Induced Epileptiform Activity.
30442428,pubmed,2019,excluded_review,item_type,,,,10.1111/j.1469-7793.1999.0153o.x,Rethinking multiscale cardiac electrophysiology with machine learning and predictive modelling.
30441151,pubmed,2018,eligible,rules,True,True,True,10.1109/embc.2018.8513031,Deep Motion Analysis for Epileptic Seizure Classification.
30440488,pubmed,2018,excluded_iii_no_quantitative_comparison,rules,True,True,False,10.1109/embc.2018.8512301,Analysis of DCE-MRI for Early Prediction of Breast Cancer Therapy Response.
30288852,pubmed,2019,excluded_iii_no_quantitative_comparison,rules,True,True,False,10.1002/ejp.1321,Altered tactile localization and spatiotemporal integration in complex regional pain syndrome patients.
30225743,pubmed,2018,excluded_iii_no_quantitative_comparison,rules,True,True,False,10.1007/s10388-018-0621-0,Lateral thermal spread and recurrent laryngeal nerve paralysis after minimally invasive esophagectomy in bipolar vessel sealing and ultrasonic energy devices: a comparative study.
30194880,pubmed,2019,eligible,rules,True,True,True,10.1002/mrm.27480,Real-time cardiovascular MR with spatio-temporal artifact suppression using deep learning-proof of concept in congenital heart disease.
30177670,pubmed,2018,excluded_ii_not_human_health,rules,True,False,False,10.1109/tmm.2017.2759504,A Time-Distributed Spatiotemporal Feature Learning Method for Machine Health Monitoring with Multi-Sensor Time Series.
30131668,pubmed,2018,excluded_iii_no_quantitative_comparison,rules,True,True,False,10.1098/rstb.2012.0466,A Population-Based Model of the Temporal Memory in the Hippocampus.
30113895,pubmed,2018,excluded_iii_no_quantitative_comparison,rules,True,True,False,10.1109/tuffc.2018.2865504,High Spatial-Temporal Resolution Reconstruction of Plane-Wave Ultrasound Images With a Multichannel Multiscale Convolutional Neural Network.
30100877,pubmed,2018,excluded_iii_no_quantitative_comparison,rules,True,True,False,10.1109/embc.2012.6347448,Stationary Atrial Fibrillation Properties in the Goat Do Not Entail Stable or Recurrent Conduction Patterns.
30098328,pubmed,2019,excluded_iii_no_quantitative_comparison,rules,True,True,False,10.1016/j.neuropsychologia.2018.08.001,What bilateral damage of the superior parietal lobes tells us about visual attention disorders in developmental dyslexia.
30080145,pubmed,2019,excluded_ii_not_human_health,rules,True,False,True,10.1109/tmi.2018.2863670,Convolutional Recurrent Neural Networks for Dynamic MR Image Reconstruction.
29947077,pubmed,2018,excluded_iii_no_quantitative_comparison,rules,True,True,False,10.1111/his.13695,Heterogeneity of tumour-infiltrating lymphocytes in breast cancer and its prognostic significance.
29937712,pubmed,2018,excluded_iii_no_quantitative_comparison,rules,True,True,False,10.1016/j.pneurobio.2011.04.007,Cortical Excitability and Interhemispheric Connectivity in Early Relapsing-Remitting Multiple Sclerosis Studied With TMS-EEG.
29929546,pubmed,2018,excluded_iii_no_quantitative_comparison,rules,True,True,False,10.1093/humrep/des134,Decreased MUC1 in endometrium is an independent receptivity marker in recurrent implantation failure during implantation window.
29751328,pubmed,2018,excluded_ii_not_human_health,rules,False,False,True,10.1016/j.envpol.2018.04.092,Space-time PM2.5 mapping in the severe haze region of Jing-Jin-Ji (China) using a synthetic approach.
29734961,pubmed,2018,excluded_iii_no_quantitative_comparison,rules,True,True,False,10.1017/s0950268818001103,The role of neonatal pulmonary morbidity in the longitudinal patterns of hospitalisation for respiratory infection during the first year of life.
29727159,pubmed,2018,excluded_review,item_type,,,,10.1021/acsnano.8b02758,Nongenetic Optical Methods for Measuring and Modulating Neuronal Response.
29722058,pubmed,2018,excluded_review,item_type,,,,10.1111/his.13642,Breast cancer intratumour heterogeneity: current status and clinical implications.
29628876,pubmed,2018,eligible,rules,True,True,True,10.1161/strokeaha.109.574418,Korean Red Ginseng Pretreatment Protects Against Long-Term Sensorimotor Deficits After Ischemic Stroke Likely Through Nrf2.
29574299,pubmed,2018,excluded_iii_no_quantitative_comparison,rules,True,True,False,10.1016/j.yebeh.2018.02.010,Deep facial analysis: A new phase I epilepsy evaluation using computer vision.
29560450,pubmed,2018,excluded_iii_no_quantitative_comparison,rules,True,True,False,10.1016/j.heliyon.2018.e00530,Integration of stationary wavelet transform on a dynamic partial reconfiguration for recognition of pre-ictal gamma oscillations.
29551704,pubmed,2018,excluded_iii_no_quantitative_comparison,rules,True,True,False,10.1016/j.jhep.2018.02.029,Spatial and temporal clonal evolution of intrahepatic cholangiocarcinoma.
29468660,pubmed,2018,excluded_iii_no_quantitative_comparison,rules,True,True,False,10.1002/ijc.31336,Spatiotemporal homogeneity and distinctness of the T-cell receptor β-chain repertoires in Epstein-Barr virus-associated primary and metastatic nasopharyngeal carcinomas.
29414535,pubmed,2018,eligible,rules,True,True,True,10.1016/j.neunet.2017.12.015,Unsupervised heart-rate estimation in wearables with Liquid states and a probabilistic readout.
29326578,pubmed,2017,excluded_iii_no_quantitative_comparison,rules,True,True,False,10.1016/j.visres.2010.02.002,Audiovisual Rehabilitation in Hemianopia: A Model-Based Theoretical Investigation.
29311836,pubmed,2017,excluded_ii_not_human_health,rules,True,False,False,10.1016/0006-8993(92)90567-s,Direct Current Coupled Recordings of Cortical Spreading Depression Using Silicone Probes.
29271352,pubmed,2018,excluded_iii_no_quantitative_comparison,rules,True,True,False,10.1088/1361-6579/aaa3bb,Noninvasive mapping reveals recurrent and suddenly changing patterns in atrial fibrillation-a magnetocardiographic study.
29194603,pubmed,2018,excluded_iii_no_quantitative_comparison,rules,True,True,False,10.1002/ijc.31184,How to analyse the spatiotemporal tumour samples needed to investigate cancer evolution: A case study using paired primary and recurrent glioblastoma.
29133764,pubmed,2017,excluded_review,item_type,,,,10.4103/0366-6999.218013,Advanced Role of Hippo Signaling in Endometrial Fibrosis: Implications for Intrauterine Adhesion.
29040672,pubmed,2018,eligible,rules,True,True,True,10.1093/neuros/nyx480,Unsupervised Learning of Spatiotemporal Interictal Discharges in Focal Epilepsy.
29035212,pubmed,2018,excluded_ii_not_human_health,rules,True,False,False,10.1109/tmi.2017.2760978,A Deep Cascade of Convolutional Neural Networks for Dynamic MR Image Reconstruction.
28969381,pubmed,2017,excluded_iii_no_quantitative_comparison,rules,True,True,False,10.1093/brain/awx217,Distinct spatiotemporal patterns of neuronal functional connectivity in primary progressive aphasia variants.
28965034,pubmed,2017,excluded_iii_no_quantitative_comparison,rules,True,True,False,10.1016/j.watres.2017.09.026,"Evaluating physico-chemical influences on cyanobacterial blooms using hyperspectral images in inland water, Korea."
28898956,pubmed,2017,excluded_ii_not_human_health,rules,True,False,True,10.1016/j.envpol.2017.08.114,Long short-term memory neural network for air pollutant concentration predictions: Method development and evaluation.
28831199,pubmed,2017,excluded_iii_no_quantitative_comparison,rules,True,True,False,10.1038/mp.2017.140,Targeted sequencing and functional analysis reveal brain-size-related genes and their networks in autism spectrum disorders.
28802145,pubmed,2017,excluded_iii_no_quantitative_comparison,rules,True,True,False,10.1016/j.media.2017.07.006,Ensemble of expert deep neural networks for spatio-temporal denoising of contrast-enhanced MRI sequences.
28728677,pubmed,2017,excluded_ii_not_human_health,rules,True,False,False,10.1016/j.biopsych.2017.06.008,Dynamically Timed Stimulation of Corticolimbic Circuitry Activates a Stress-Compensatory Pathway.
28725174,pubmed,2017,eligible,rules,True,True,True,10.1038/nn.3641,Altered Functional Connectivity Following an Inflammatory White Matter Injury in the Newborn Rat: A High Spatial and Temporal Resolution Intrinsic Optical Imaging Study.
28677272,pubmed,2017,excluded_iii_no_quantitative_comparison,rules,True,True,False,10.1002/pst.1819,Bayesian nonparametric statistics: A new toolkit for discovery in cancer research.
28657587,pubmed,2017,eligible,rules,True,True,True,10.1371/journal.pone.0147111,Towards Mobile Gait Analysis: Concurrent Validity and Test-Retest Reliability of an Inertial Measurement System for the Assessment of Spatio-Temporal Gait Parameters.
28653624,pubmed,2017,excluded_iii_no_quantitative_comparison,rules,True,True,False,10.1016/b978-0-12-405880-4.00006-8,Parallel evolution of influenza across multiple spatiotemporal scales.
28610804,pubmed,2017,excluded_review,item_type,,,,10.1016/j.tics.2017.05.010,Mechanisms of Connectome Development.
28573983,pubmed,2017,excluded_review,item_type,,,,10.1088/1741-2552/aa67a9,Neuromorphic neural interfaces: from neurophysiological inspiration to biohybrid coupling with nervous systems.
28515156,pubmed,2017,excluded_review,item_type,,,,10.1111/nep.13040,Anti-Glomerular Basement Membrane Disease.
28442298,pubmed,2017,excluded_review,item_type,,,,10.1016/j.semcancer.2017.04.007,How to study and overcome tumor heterogeneity with circulating biomarkers: The breast cancer case.
28428738,pubmed,2017,excluded_iii_no_quantitative_comparison,rules,True,True,False,10.1016/j.neuroimage.2009.06.083,Improved Localization of Seizure Onset Zones Using Spatiotemporal Constraints and Time-Varying Source Connectivity.
28268446,pubmed,2016,excluded_i_no_spacetime_structure,rules,False,True,True,10.1109/embc.2016.7590821,Application of cross-correlated delay shift rule in spiking neural networks for interictal spike detection.
28263318,pubmed,2017,excluded_iii_no_quantitative_comparison,rules,True,True,False,10.1038/ng.3806,Spatiotemporal genomic architecture informs precision oncology in glioblastoma.
28114049,pubmed,2017,excluded_iii_no_quantitative_comparison,rules,True,True,False,10.1109/jbhi.2016.2637004,Integrating Online and Offline Three-Dimensional Deep Learning for Automated Polyp Detection in Colonoscopy Videos.
28111643,pubmed,2016,excluded_iii_no_quantitative_comparison,rules,True,True,False,,Mathematical Modeling and Evaluation of Human Motions in Physical Therapy Using Mixture Density Neural Networks.
28103196,pubmed,2017,excluded_iii_no_quantitative_comparison,rules,True,True,False,10.1109/jbhi.2016.2636456,Sensor-Based Gait Parameter Extraction With Deep Convolutional Neural Networks.
29601065,pubmed,2017,excluded_iii_no_quantitative_comparison,rules,True,True,False,10.4324/9780203488430,DeepScope: Nonintrusive Whole Slide Saliency Annotation and Prediction from Pathologists at the Microscope.
27918346,pubmed,2016,excluded_review,item_type,,,,10.1097/wnp.0000000000000313,Electrical Stimulation for Seizure Induction and Functional Mapping in Stereoelectroencephalography.
27855171,pubmed,2016,excluded_ii_not_human_health,rules,True,False,False,10.1093/infdis/jit197,"Cholera in Cameroon, 2000-2012: Spatial and Temporal Analysis at the Operational (Health District) and Sub Climate Levels."
27807013,pubmed,2018,excluded_iii_no_quantitative_comparison,rules,True,True,False,10.1177/1550059416676144,Beta Responses in Healthy Elderly and in Patients With Amnestic Mild Cognitive Impairment During a Task of Temporal Orientation of Attention.
27739541,pubmed,2016,excluded_ii_not_human_health,rules,True,False,False,10.1016/j.plrev.2016.08.002,Spatiotemporal properties of microsaccades: Model predictions and experimental tests.
27734318,pubmed,2016,excluded_ii_not_human_health,rules,True,False,False,10.1007/s11356-016-7812-9,Deep learning architecture for air quality predictions.
27655131,pubmed,2016,excluded_iii_no_quantitative_comparison,rules,True,True,False,10.1158/1541-7786.mcr-16-0251,The Cytoskeletal Adapter Protein Spinophilin Regulates Invadopodia Dynamics and Tumor Cell Invasion in Glioblastoma.
27534393,pubmed,2016,eligible,rules,True,True,True,10.1186/s12868-016-0283-6,25th Annual Computational Neuroscience Meeting: CNS-2016.
27453696,pubmed,2015,eligible,rules,True,True,True,10.1109/icdm.2015.39,SimNest: Social Media Nested Epidemic Simulation via Online Semi-supervised Deep Learning.
27433458,pubmed,2016,excluded_i_no_spacetime_structure,rules,False,True,False,10.4174/astr.2016.91.1.1,Influence of body habitus on the surgical outcomes of bilateral axillo-breast approach robotic thyroidectomy in papillary thyroid carcinoma patients.
27394150,pubmed,2017,eligible,rules,True,True,True,10.1016/j.neuropsychologia.2016.07.004,"Brain connections of words, perceptions and actions: A neurobiological model of spatio-temporal semantic activation in the human cortex."
27340555,pubmed,2016,excluded_iii_no_quantitative_comparison,rules,True,True,False,10.1038/hgv.2016.12,Integrated small copy number variations and epigenome maps of disorders of sex development.
27332675,pubmed,2017,excluded_ii_not_human_health,rules,True,False,False,10.1029/2009jd011898,A hybrid model for spatially and temporally resolved ozone exposures in the continental United States.
27176307,pubmed,2016,excluded_ii_not_human_health,rules,False,False,False,10.1103/physreve.93.042302,Fast response and high sensitivity to microsaccades in a cascading-adaptation neural network with short-term synaptic depression.
26992179,pubmed,2017,eligible,rules,True,True,True,10.1109/tnnls.2016.2536742,"Mapping Temporal Variables Into the NeuCube for Improved Pattern Recognition, Predictive Modeling, and Understanding of Stream Data."
26880489,pubmed,2016,eligible,rules,True,True,True,10.1016/j.puhe.2016.01.006,ID-Viewer: a visual analytics architecture for infectious diseases surveillance and response management in Pakistan.
26672766,pubmed,2016,excluded_iii_no_quantitative_comparison,rules,True,True,False,10.18632/oncotarget.6558,Inferring the progression of multifocal liver cancer from spatial and temporal genomic heterogeneity.
26666421,pubmed,2016,excluded_iii_no_quantitative_comparison,rules,True,True,False,10.1007/s00428-015-1883-8,Spatio-temporal genetic heterogeneity of CTNNB1 mutations in sporadic desmoid type fibromatosis lesions.
26619122,pubmed,2016,excluded_iii_no_quantitative_comparison,rules,True,True,False,10.1158/1535-7163.mct-06-0678,Genetic landscape of metastatic and recurrent head and neck squamous cell carcinoma.
26514361,pubmed,2016,eligible,rules,True,True,True,10.1186/s40644-015-0045-1,Tryptophan PET predicts spatial and temporal patterns of post-treatment glioblastoma progression detected by contrast-enhanced MRI.
26373279,pubmed,2015,excluded_iii_no_quantitative_comparison,rules,True,True,False,10.1016/j.ccell.2015.07.013,Spatiotemporal Evolution of the Primary Glioblastoma Genome.
26231498,pubmed,2015,excluded_i_no_spacetime_structure,rules,False,True,False,10.1007/s00213-015-4026-7,Psilocybin-induced spiritual experiences and insightfulness are associated with synchronization of neuronal oscillations.
26129627,pubmed,2015,eligible,rules,True,True,True,10.1016/j.artmed.2015.05.008,Spatiotemporal data visualisation for homecare monitoring of elderly people.
25873867,pubmed,2015,excluded_iii_no_quantitative_comparison,rules,True,True,False,10.1007/bf00288786,Augmented brain function by coordinated reset stimulation with slowly varying sequences.
25852527,pubmed,2015,excluded_i_no_spacetime_structure,rules,False,True,False,10.1037/0033-2909.133.6.976,Synchrony between sensory and cognitive networks is associated with subclinical variation in autistic traits.
25849340,pubmed,2015,excluded_iii_no_quantitative_comparison,rules,True,True,False,10.1007/s00415-013-6974-3,Ictal depth EEG and MRI structural evidence for two different epileptogenic networks in mesial temporal lobe epilepsy.
25725811,pubmed,2015,eligible,rules,True,True,True,10.1016/j.jelekin.2015.01.004,Automated classification of neurological disorders of gait using spatio-temporal gait parameters.
25689136,pubmed,2015,excluded_iii_no_quantitative_comparison,rules,True,True,False,10.1038/ncomms2056,"A biologically constrained, mathematical model of cortical wave propagation preceding seizure termination."
25681533,pubmed,2016,excluded_review,item_type,,,,10.1016/j.ijpsycho.2015.02.014,Neuropharmacology of altered brain oscillations in schizophrenia.
29759334,pubmed,2015,excluded_iii_no_quantitative_comparison,rules,True,True,False,10.1016/j.jacep.2015.02.012,Temporal Stability of Rotors and Atrial Activation Patterns in Persistent Human Atrial Fibrillation: A High-Density Epicardial Mapping Study of Prolonged Recordings.
25531570,pubmed,2015,excluded_i_no_spacetime_structure,rules,False,True,False,10.1038/nn.3905,NeuroGrid: recording action potentials from the surface of the brain.
24819745,pubmed,2015,excluded_iii_no_quantitative_comparison,rules,True,True,False,10.1017/s0950268814001101,Heterogeneity in hotspots: spatio-temporal patterns in neglected parasitic diseases.
42761794,pubmed,2026,excluded_review,item_type,,,,10.1186/s40798-025-00855-4,Artificial intelligence and sports genomics: advancing precision sports science and athletic performance.
42754093,pubmed,2026,excluded_review,item_type,,,,10.1016/j.ipej.2026.09.005,Dynamic simulation and digital twins in atrial fibrillation: Complementary roles and current limitations.
42740176,pubmed,2026,excluded_ii_not_human_health,rules,False,False,True,10.2777/308407,Real-Time Physiological Fatigue Prediction for Human-Robot Collaborative Manufacturing Using Wearable Sensor Fusion and Hybrid Deep Learning: An In Silico Digital Twin Study.
42738832,pubmed,2026,excluded_review,item_type,,,,10.1038/s41746-025-02329-z,Putting the I in AML: Artificial Intelligence and Machine Learning in Acute Myeloid Leukemia.
42729108,pubmed,2026,eligible,rules,True,True,True,10.1016/j.jclinepi.2006.01.015,Digital twin technology for HIV patient virtual modeling: a novel approach to treatment optimization.
42728548,pubmed,2026,excluded_review,item_type,,,,10.1016/j.neunet.2020.07.010,Artificial Intelligence Across the Cancer Theranostics Workflow: Critical Appraisal of Current Evidence and Future Clinical Translation.
42721686,pubmed,2026,excluded_review,item_type,,,,10.1016/j.identj.2026.111133,The Prospect of Embodied Intelligence in Dentistry.
42707642,pubmed,2026,excluded_review,item_type,,,,10.1016/j.esmorw.2026.100737,Multimodal artificial intelligence and machine learning in oncology: from data integration to precision cancer care.
42706977,pubmed,2026,excluded_i_no_spacetime_structure,rules,False,True,False,10.2174/0113816128478269260818075055,"AI-Driven Precision Medicine in Alzheimer's Disease: Drug Repurposing, Digital Therapeutics and Clinical Decision Support."
42704107,pubmed,2026,excluded_review,item_type,,,,10.1080/22221751.2026.2731499,"Machine learning-enabled wastewater-based surveillance for emerging pathogen detection and monitoring: current applications, challenges, and future prospects."
42694739,pubmed,2026,excluded_review,item_type,,,,10.1016/b978-0-12-415815-3.00027-3,"Visualization-driven digital technologies in oncology: current applications, technological advances, and future directions."
42694701,pubmed,2026,excluded_non_research,item_type,,,,10.3389/fruro.2026.1962187,"Correction: Artificial intelligence and machine learning in neurogenic lower urinary tract dysfunction and spinal cord injury: current status, emerging technologies, and ethical perspectives."
42694668,pubmed,2026,excluded_i_no_spacetime_structure,rules,False,True,False,10.1007/s11934-023-01185-2,"Artificial intelligence and machine learning in neurogenic lower urinary tract dysfunction and spinal cord injury: current status, emerging technologies, and ethical perspectives."
42685611,pubmed,2026,excluded_review,item_type,,,,10.1016/j.tranon.2026.103006,"Decoding cancer with artificial intelligence: Transforming research, diagnosis, and therapy with future insights."
42682297,pubmed,2026,excluded_no_abstract,item_type,,,,10.1097/js9.0000000000005064,Expanding horizons: integrating multichannel deep learning predictors into patient-specific digital twins for precision lung cancer management.
42675496,pubmed,2026,excluded_iii_no_quantitative_comparison,rules,True,True,False,10.1016/j.ejor.2011.12.029,A Lean-based Digital Twin model for planning and governance in secondary and tertiary hospital networks.
42671378,pubmed,2026,excluded_i_no_spacetime_structure,rules,False,True,False,10.1016/j.cmpb.2021.106584,"An Interpretable, Data-Driven, Hierarchical Multi-Domain Fusion Framework for Classification and Motor Function Scoring in Chronic Ankle Instability."
42657672,pubmed,2026,excluded_review,item_type,,,,10.1002/adma.74721,Artificial Intelligence Meets Micro/Nanorobotics.
42654143,pubmed,2026,excluded_review,item_type,,,,10.1016/j.xcrp.2026.103318,Artificial Intelligence-Based Optimization of Pulmonary Drug Delivery Performance in Smart Inhaler Drug-Device Combination Systems.
42649912,pubmed,2026,excluded_review,item_type,,,,10.1016/s0140-6736(19)30037-6,From Prediction to Intervention: Artificial Intelligence for Adaptive Response and Toxicity Modeling in Cellular Therapies for Hematologic Malignancies.
42649371,pubmed,2026,excluded_review,item_type,,,,10.1002/mco2.70243,Comprehensive overview of AI methodologies in nano-drug delivery Optimization and Design.
42643759,pubmed,2026,excluded_review,item_type,,,,10.1109/access.2020.3045763,"Digital twins in sports science: applications for performance enhancement, injury prevention, and rehabilitation through advanced big data analytics and deep learning methodologies - a comprehensive narrative review."
42618847,pubmed,2026,excluded_i_no_spacetime_structure,rules,False,True,True,10.1007/s10151-024-02955-x,AI-powered semantic segmentation model for enhanced ureteral mapping and real-time instrument feedback in robotic colorectal surgery.
42591847,pubmed,2026,excluded_review,item_type,,,,10.1016/j.ejrad.2025.111921,From pixels to precision: a narrative review of AI-driven 3D morphological analysis and digital twinning in alveolar cleft management.
42590751,pubmed,2026,excluded_ii_not_human_health,rules,False,False,True,10.1016/j.engstruct.2022.114226,"Integrated Physics-Informed Machine Learning Framework for Structural Damage Detection, Localization, and Severity Classification."
42575570,pubmed,2026,excluded_non_research,item_type,,,,10.1080/17410541.2026.2715375,"The historical evolution, technological transformation, and future vision of personalized medicine: a narrative review."
42568637,pubmed,2026,excluded_review,item_type,,,,10.13702/j.1000-0607.20221145,Bridging physics and biology in acupuncture: flexible multimodal bioelectronics for decoding the deqi microenvironment.
42567948,pubmed,2026,excluded_review,item_type,,,,10.1056/nejmoa2025845,Causal graph neural networks for healthcare.
42558123,pubmed,2026,excluded_iii_no_quantitative_comparison,rules,True,True,False,10.1186/s12891-020-3110-2,Novel Intraoperative Augmented Reality-Guided Specimen Localization in Chest Wall Oncologic Surgery: A Case Report.
42536128,pubmed,2026,excluded_review,item_type,,,,10.12968/hmed.2020.0309,Artificial intelligence in knee osteotomy: evolution of alignment assessment and surgical decision-making.
42528795,pubmed,2026,excluded_i_no_spacetime_structure,rules,False,True,True,10.1016/j.hcc.2025.100340,An intelligent digital twin framework with AI-driven optimization for patient flow and clinical scheduling in smart healthcare systems.
42527576,pubmed,2026,eligible,rules,True,True,True,10.1111/dom.70000,Human-in-the-loop AI predictive digital twin to extend virtual precision diabetes care between visits.
42523466,pubmed,2026,excluded_i_no_spacetime_structure,rules,False,True,False,10.1016/j.jmbbm.2021.104431,Constitutive discovery in the living human heart.
42507084,pubmed,2026,excluded_review,item_type,,,,10.1038/s41746-024-01413-0,Current Treatment Options and Emerging Technologies for Pelvic Bone Tumors: From Limb Salvage to Precision Oncology.
42505089,pubmed,2026,excluded_review,item_type,,,,10.1021/acsnano.6c05350,Shear Stress Modeling and Machine Learning for Nanomedicine Development: A Mechanistic Pathway to Pharmacokinetic Prediction.
42499589,pubmed,2026,excluded_review,item_type,,,,10.1002/joa3.70434,"Artificial Intelligence Techniques in Cardiac Neuromodulation: Mechanisms, Applications, and Pathways to Clinical Translation."
42499387,pubmed,2026,excluded_review,item_type,,,,10.1109/tnsm.2024.3517621,"A dataset-centric review of IoT and IIoT intrusion detection: realism, evaluation biases, and future research directions."
42489674,pubmed,2026,excluded_i_no_spacetime_structure,rules,False,True,False,10.1016/j.vascn.2005.04.008,Large-scale synthetic data enable digital twins of human excitable cells.
42471473,pubmed,2026,excluded_i_no_spacetime_structure,rules,False,True,True,10.21227/06bc-bv25,Federated TinyML and digital twin framework for secure and resilient IoMT-based ICU monitoring.
42461735,pubmed,2026,excluded_ii_not_human_health,rules,False,False,False,10.1109/jbhi.2026.3713977,MAGIC: Multi-Grained Conditional Diffusion for High-Fidelity PPG-to-ECG Translation.
42458794,pubmed,2026,excluded_review,item_type,,,,10.1007/s10238-025-01965-9,Leveraging Advanced AI Frameworks for Dual PPAR α/γ Agonist Discovery in Alzheimer's Disease.
42438785,pubmed,2026,excluded_i_no_spacetime_structure,rules,False,True,False,10.1177/20480040261455944,MeshGrow: Integrated framework for simulation-ready cardiac and vascular mesh construction from medical imaging.
42427869,pubmed,2026,eligible,rules,True,True,True,10.1016/j.cma.2023.116347,Geometry-Aware Abdominal Aortic Aneurysm Digital Twin for Patient-Specific Wall Stress Mapping.
42417454,pubmed,2026,excluded_i_no_spacetime_structure,rules,False,True,True,10.1016/j.future.2024.03.052,AI-Driven Digital Twin Architecture for Multimodal Prediction and Adaptive Intervention in Cognitive Aging.
42403543,pubmed,2026,excluded_review,item_type,,,,10.1126/science.aad0768,MRI-Guided Magnetic Micro/Nanorobots for Precision Neurotherapeutics: From Intelligent Navigation and BBB Penetration to Clinical Translation.
42396189,pubmed,2026,excluded_review,item_type,,,,10.1038/s41598-025-86840-z,Artificial intelligence in respiratory medicine: From diagnosis to treatment and future directions.
42391886,pubmed,2026,excluded_i_no_spacetime_structure,rules,False,True,False,10.1016/j.cmpb.2026.109528,Accounting for approximation errors using surrogate-based parameter estimation of cardiac mechanics digital twins.
42386397,pubmed,2026,excluded_review,item_type,,,,10.1136/archdischild-2026-330388,Artificial intelligence for child health: current capabilities and the next frontier.
42376625,pubmed,2026,excluded_review,item_type,,,,10.1038/s41698-024-00678-8,Artificial intelligence-driven multimodal fusion for precision diagnosis and personalized management of breast cancer.
42361838,pubmed,2026,excluded_i_no_spacetime_structure,rules,False,True,True,10.1088/1361-6560/ae835a,A digital twin framework for adaptive treatment planning in radiotherapy.
42360577,pubmed,2026,excluded_review,item_type,,,,10.7150/thno.8698,Machine learning-enhanced nano-QSAR and multiscale modeling for predictive nanomedicine: applications in herbal therapeutics and neglected tropical diseases.
42357379,pubmed,2026,excluded_review,item_type,,,,10.1039/c7sc02664a,Artificial Intelligence in Nanopharmaceutical Development: From Predictive Design to Clinical Translation.
42356858,pubmed,2026,excluded_ii_not_human_health,rules,False,False,True,10.1177/1558925020903026,PHM Services Based on Cyber-Physical Machine Tool System.
42355120,pubmed,2026,excluded_review,item_type,,,,10.3390/diagnostics15070920,Artificial Intelligence in the Design and Optimization of Orthodontic Materials: A Clinical Perspective on Current State and Future Directions.
42336290,pubmed,2026,excluded_review,item_type,,,,10.1016/j.plantsci.2026.113297,Digital dimension of plant science research: A bird's eye view of AI integration.
42330729,pubmed,2026,excluded_review,item_type,,,,10.1016/j.artmed.2026.103474,"Mapping the landscape of AI-driven digital twins in medical diagnosis: A scoping review on core technologies, applications, and implementation barriers."
42323404,pubmed,2026,excluded_ii_not_human_health,rules,True,False,False,10.1016/j.neunet.2024.106411,Interface access control graph neural network method for flexible automation production of mine ventilation duct.
42322793,pubmed,2026,excluded_review,item_type,,,,10.1016/j.prp.2026.156594,Accelerating cancer research and personalized medicine by tie-up with AI empowered genomics and proteomics.
42276586,pubmed,2026,excluded_review,item_type,,,,10.1056/nejmc2029240,High-throughput analysis of multimodal monitoring data: the role of machine learning in early warning systems for high-risk neonates.
42270792,pubmed,2026,excluded_i_no_spacetime_structure,rules,False,True,True,10.1038/s41598-025-14913-0,An adversarial-resilient intrusion detection framework for internet of medical things (IoMT) using digital twin-enabled behavioral threat modeling and federated hybrid ensemble learning.
42264080,pubmed,2026,excluded_review,item_type,,,,10.1016/j.pharma.2026.06.002,"Pharmaco-microdynamics (PMD): Redefining dose, exposure, and control for living drug carriers."
42249367,pubmed,2026,excluded_i_no_spacetime_structure,rules,False,True,False,10.1080/00221325.2022.2094211,A MOOC-based and high-fidelity surgical simulation-integrated clinical internship mode in optometry teaching for ophthalmology graduate students.
42209845,pubmed,2026,excluded_review,item_type,,,,10.1038/s41586-023-05881-4,Artificial intelligence in cancer immunotherapy: current trends in predicting response and personalizing treatment.
42198370,pubmed,2026,excluded_review,item_type,,,,10.1016/j.pharmr.2025.100095,From Algorithms to Assets: A Comprehensive Review of AI's Role in Preclinical Drug Discovery and the Hurdles to Clinical Translation.
42198069,pubmed,2026,excluded_i_no_spacetime_structure,rules,False,True,True,10.1145/3272127.3275108,SparseTrack: A Physics-Informed Transformer Framework for Real-Time Human Motion Reconstruction from Sparse IMUs.
42198045,pubmed,2026,excluded_ii_not_human_health,rules,False,False,True,10.1109/jsen.2015.2445094,An Intelligent IoT-Based Predictive Control System for Water Quality and Energy Management in Koi Aquaculture.
42184194,pubmed,2026,excluded_i_no_spacetime_structure,rules,False,True,True,10.1109/jbhi.2026.3696685,TwinRL-Onco: A World Model-Empowered Digital Twin Framework with Hierarchical Reinforcement Learning for Venetoclax Resistance Trajectory Prediction and Adaptive Therapy Optimization in Chronic Lymphocytic Leukemia.
42174869,pubmed,2026,excluded_iii_no_quantitative_comparison,rules,True,True,False,10.3233/shti260193,Physics-Informed Digital Twin of Maternal-Fetal Hemodynamics for Predictive Risk Simulation in Preeclampsia.
42174001,pubmed,2026,excluded_ii_not_human_health,rules,False,False,True,10.1016/j.ymssp.2006.12.007,A digital twin and deep-learning ensemble for cyber attack detection in industrial control systems at the IoT edge.
42172162,pubmed,2026,excluded_i_no_spacetime_structure,rules,False,True,True,10.1109/jbhi.2026.3696086,A Digital Twin-Inspired Closed-Loop Latent Simulation Framework for Cross-Cohort Breast Cancer Subtype Classification under Modality-Disjoint Learning.
42169233,pubmed,2027,excluded_review,item_type,,,,10.4103/mgr.medgasres-d-25-00234,Hyperbaric oxygen in the artificial intelligence era: integration and innovation.
42142468,pubmed,2026,excluded_review,item_type,,,,10.1016/j.compbiolchem.2026.109120,Advances in artificial intelligence for predictive toxicology: From QSAR and omics integration to clinical safety translation.
42125631,pubmed,2026,excluded_i_no_spacetime_structure,rules,False,True,True,10.1016/j.jcp.2026.114895,HeartSimSage: Attention-Enhanced Graph Neural Networks for Accelerating Cardiac Mechanics Modeling.
42095951,pubmed,2026,excluded_review,item_type,,,,10.1016/j.mimet.2024.106998,An integrated AI-driven vaccine design process: a systematic review of workflows from generative design to translational prediction.
42087617,pubmed,2026,excluded_review,item_type,,,,10.1186/s13054-024-05005-y,"Artificial intelligence-guided tools in adult ECMO: Current advancements, emerging Trends and future directions."
42081548,pubmed,2026,eligible,rules,True,True,True,10.1016/j.cjca.2020.11.010,Rheumatic Digital Twin: Proposed Machine Learning-Based Multimodal Framework to Inform Clinical Decision-Making.
42060428,pubmed,2026,excluded_i_no_spacetime_structure,rules,False,True,True,10.1109/jbhi.2026.3689171,A Deep Hybrid Ensemble for Patient-Specific Glaucoma Detection in Digital Twin Ophthalmology.
42059090,pubmed,2026,excluded_review,item_type,,,,10.48550/arxiv.2409.1848,Large Language Model and Pediatric Neurosurgery - A Neurosurgeon's Perspective on the Artificial Nervous System.
42058011,pubmed,2026,excluded_review,item_type,,,,10.1002/jeo2.12025,Artificial intelligence and robotic technologies redefining precision and personalization in orthopedic surgery: a narrative review.
42041819,pubmed,2026,eligible,rules,True,True,True,10.1016/j.neuroimage.2020.117001,BrainTwin-AI: A Multimodal MRI-EEG-Based Cognitive Digital Twin for Real-Time Brain Health Intelligence.
42039930,pubmed,2026,excluded_i_no_spacetime_structure,rules,False,True,True,10.1038/s41598-020-62922-y,From EHR chaos to clinical clarity: enhancing foundational encoders with task-specific attention for domain-oriented representation learning in downstream clinical applications.
42019500,pubmed,2026,excluded_iii_no_quantitative_comparison,rules,True,True,False,10.1016/j.cmet.2026.03.014,"A generative AI framework unifies human multi-omics to model aging, metabolic health, and intervention response."
42015736,pubmed,2026,excluded_review,item_type,,,,10.3389/fninf.2025.1557879,Artificial intelligence and wearable sensors in sports injury risk prediction: current status and future perspectives.
41999547,pubmed,2026,excluded_review,item_type,,,,10.1038/s41746-025-02113-z,"Artificial Intelligence For 6P Medicine: Consolidating AI Needs of Predictive, Preventive, Personalized, Participatory, Precision, and Public Health Trajectories."
41998135,pubmed,2026,excluded_ii_not_human_health,rules,False,False,False,10.1016/j.asoc.2023.111142,Enhancing smart factory performance via hybrid scheduling and intelligent resource management.
41983337,pubmed,2026,excluded_review,item_type,,,,10.3389/fpubh.2025.1689911,Artificial Intelligence in Cardiovascular Disease Prevention: Current Applications and Future Perspectives.
41982527,pubmed,2026,excluded_review,item_type,,,,10.3389/fneur.2023.1183810,Artificial intelligence in neurocardiology: decoding brain-heart network interactions for clinical and translational insights.
41978676,pubmed,2026,excluded_review,item_type,,,,10.1161/cir.0000000000001201,Synthetic artificial intelligence in cardiology: from generative models to clinical applications.
41966352,pubmed,2026,eligible,rules,True,True,True,10.1016/j.jmig.2026.04.005,Static Digital Twins for Surgical Planning in Complex Gynecologic Cancer Recurrence: A Proof-of-Concept Feasibility Study.
41965786,pubmed,2026,excluded_ii_not_human_health,rules,False,False,True,10.1016/0021-9290(84)90034-4,Cardiovascular digital twins using a Windkessel physics informed neural network.
41944301,pubmed,2026,excluded_review,item_type,,,,10.1161/circoutcomes.122.009277,Causal AI in Cardiac Arrhythmia: From Pattern Recognition to Mechanistic Insight.
41936288,pubmed,2026,excluded_iii_no_quantitative_comparison,rules,True,True,False,10.1016/j.compbiomed.2026.111646,Mapping intratumoral heterogeneity through PET-derived washout and deep learning after proton therapy.
41936102,pubmed,2026,excluded_i_no_spacetime_structure,rules,False,True,True,10.2174/011570162x434867260224081329,Machine Learning Application in Enhancing HIV Management and Treatment Outcomes: Revolutionizing HIV Infection.
41933417,pubmed,2026,excluded_review,item_type,,,,10.7326/m18-1990,"Artificial intelligence in orthopedics: current applications, challenges, and future directions."
41930911,pubmed,2026,excluded_review,item_type,,,,10.1080/03639045.2026.2649846,"Generative artificial intelligence and large language models in pharmaceutical formulation and personalized pharmacy: a review of opportunities, technical constraints, and regulatory readiness."
41930693,pubmed,2026,excluded_i_no_spacetime_structure,rules,False,True,False,10.2174/0115680266431788260223072453,"AI-Powered Excipient Innovation: Transforming Drug Design, ADMET Profiling, and Formulation Developmen."
41922498,pubmed,2026,excluded_i_no_spacetime_structure,rules,False,True,True,10.1109/access.2024.3349700,Next-generation digital twin model with unobtrusive RF multi-sensing for AI-based human monitoring.
41917091,pubmed,2026,excluded_ii_not_human_health,rules,False,False,True,10.1109/access.2024.3447829,A zero-trust digital twin framework for privacy-preserving multi-dataset intrusion detection in industrial IoT with lightweight blockchain auditing.
41913548,pubmed,2026,excluded_review,item_type,,,,10.1111/dom.70720,Artificial Intelligence in Diabetes Care.
41904999,pubmed,2025,excluded_review,item_type,,,,10.5604/01.3001.0055.6647,Paradigm Shifts in Regenerative Medicine for Bone and Joint Surgery: From Mechanical Repair to Intelligent Biological Restoration.
41878089,pubmed,2026,excluded_review,item_type,,,,10.1007/s00520-022-07203-2,Reshaping Precision Cancer Pain Management with Multimodal Artificial Intelligence: A Review on Subtyping and Treatment Response Prediction.
41876651,pubmed,2026,excluded_ii_not_human_health,rules,False,False,False,10.1136/bjsports-2015-095788,Adaptive training load optimization for track and field athletes: A reinforcement learning approach.
41857437,pubmed,2026,excluded_review,item_type,,,,10.1136/bmj.m3164,Artificial intelligence for precision oncology from phenotyping and drug discovery to clinical translation.
41850148,pubmed,2026,excluded_review,item_type,,,,10.1016/j.clineuro.2026.109396,Improving consciousness assessment through neuroadaptive artificial intelligence and quantum-enhanced brain-computer interfaces.
41848794,pubmed,2026,excluded_review,item_type,,,,10.34067/kid.0000001196,"A Scoping Review of Machine Learning Applications for Diagnosis, Classification, and Prognosis in Lupus Nephritis."
41816560,pubmed,2026,eligible,rules,True,True,True,10.1007/s00784-025-06289-2,Causal digital twin modeling of periodontal healing: personalized prediction of low-level laser therapy benefit using a tooth-graph ODE transformer.
41812346,pubmed,2026,excluded_review,item_type,,,,10.1016/j.coi.2026.102753,"Use of synthetic data, a novel paradigm for immunopathology."
41803477,pubmed,2026,excluded_ii_not_human_health,rules,True,False,True,10.1007/s00521-021-06015-5,Logistics equipment condition monitoring and prediction based on digital twin and machine learning.
41790813,pubmed,2026,eligible,rules,True,True,True,10.1109/jbhi.2026.3671307,Patient-Centric Digital Twin Framework with Hybrid Knowledge Distillation for Federated Class-Incremental Learning in Precision Medicine.
41781638,pubmed,2026,excluded_review,item_type,,,,10.4103/tjem.tjem_45_25,Embracing the Digital Revolution: How Artificial Intelligence is Transforming Clinical Trials in Older Participants.
41778010,pubmed,2026,excluded_review,item_type,,,,10.1016/j.euo.2024.10.005,Multi-scale digital twins for personalized medicine.
41772133,pubmed,2026,excluded_ii_not_human_health,rules,True,False,True,10.3390/act12100389,Hierarchical multi-attention neural networks for sensor fault diagnosis and mitigation in digital twins.
41766716,pubmed,2026,excluded_i_no_spacetime_structure,rules,False,True,False,10.1016/j.smhl.2026.100633,Patient-specific deep offline artificial pancreas for blood glucose regulation in type 1 diabetes.
41758854,pubmed,2026,excluded_iii_no_quantitative_comparison,rules,True,True,False,10.1109/jbhi.2026.3668775,Liquid-Sequencer: A Lightweight Liquid Neural Network for Real-Time Fetal Congenital Heart Disease Diagnosis.
41756599,pubmed,2026,excluded_review,item_type,,,,10.1016/j.crfs.2021.03.009,"Artificial intelligence in bread making: Applications in quality control, formulation and sensory prediction."
41756387,pubmed,2026,excluded_review,item_type,,,,10.1001/jama.2024.25982,Progress in sepsis prediction models: from traditional scoring systems to multimodal intelligence and clinical translation.
41755349,pubmed,2026,excluded_review,item_type,,,,10.1002/ijgo.70911,Artificial intelligence for personalized multiple micronutrient supplementation in maternal health.
41749685,pubmed,2026,excluded_review,item_type,,,,10.1021/acs.jpclett.0c03276,"Transformer Models, Graph Networks, and Generative AI in Gut Microbiome Research: A Narrative Review."
41745362,pubmed,2026,excluded_review,item_type,,,,10.1136/bmjsit-2024-000334,Artificial Intelligence in Adult Cardiovascular Medicine and Surgery: Real-World Deployments and Outcomes.
41743674,pubmed,2026,excluded_review,item_type,,,,10.1016/j.jemermed.2022.01.001,Digital therapeutics into geriatric cardiovascular emergency care.
41737906,pubmed,2025,excluded_i_no_spacetime_structure,rules,False,True,False,10.3934/acse.2025006,DIRECT MEDICAL IMAGE TO SIMULATION USING AUTO-SEGMENTATION AND POINT CLOUD-BASED CFD.
41717418,pubmed,2026,excluded_review,item_type,,,,10.3390/cancers14163954,AI-driven radiogenomics in gynecologic oncology: from radiological digital biopsy to a new paradigm in precision therapy.
41712754,pubmed,2026,excluded_i_no_spacetime_structure,rules,False,True,False,10.1093/icvts/ivag047,Building an Extracorporeal Membrane Oxygenation Digital Twin Using High-Resolution Patient Data: An artificial intelligence model for virtual reality simulation.
41704427,pubmed,2026,excluded_review,item_type,,,,10.1177/20552076231224225,Transforming nephrology through artificial intelligence: a state-of-the-art roadmap for clinical integration.
41695222,pubmed,2026,excluded_i_no_spacetime_structure,rules,False,True,True,10.48550/arxiv.1706.03825,Digital Twin Brain: Generating Multitask Behavior from Connectomes for Personalized Therapy.
41681816,pubmed,2026,eligible,rules,True,True,True,10.3390/electronics10050586,Research on Prediction of Preterm Birth Risk Based on Digital Twin Technology.
41680513,pubmed,2026,excluded_i_no_spacetime_structure,rules,False,True,False,10.1097/01.hjh.0000179511.93889.e9,"Synthetic, Population-Based Virtual Patient Database Using a Digital Twin of the Cardiovascular System."
41668337,pubmed,2026,excluded_review,item_type,,,,10.1016/j.csbj.2021.08.051,Data-driven discovery of digital twins in biomedical research.
41665938,pubmed,2026,excluded_review,item_type,,,,10.1093/intbio/zyaf024,Novel discovery framework: harnessing adaptive learning for breakthroughs in drug development and clinical applications.
41653969,pubmed,2026,excluded_review,item_type,,,,10.1016/j.pharma.2026.01.007,A review exploring the translational perspective of artificial intelligence in drug discovery and formulation development.
41646377,pubmed,2026,excluded_i_no_spacetime_structure,rules,False,True,False,10.1002/mp.16476,A Physics-Informed Neural Network for In Vivo Dosimetry Using Quantitative Radiacoustic Imaging.
41631329,pubmed,2026,excluded_review,item_type,,,,10.1714/4636.46466,[Artificial intelligence in the diagnosis and management of aortic disease: current applications and future directions].
41623885,pubmed,2025,excluded_review,item_type,,,,10.3389/frai.2024.1247712,Federated multimodal AI for precision-equitable diabetes care.
41596449,pubmed,2026,excluded_review,item_type,,,,10.2337/dc21-0629,"Artificial Intelligence-Driven Transformation of Pediatric Diabetes Care: A Systematic Review and Epistemic Meta-Analysis of Diagnostic, Therapeutic, and Self-Management Applications."
41595166,pubmed,2026,excluded_review,item_type,,,,10.1177/00031348251403592,Artificial Intelligence in Oncologic Thoracic Surgery: Clinical Decision Support and Emerging Applications.
41586716,pubmed,2026,excluded_i_no_spacetime_structure,rules,False,True,False,10.1021/acsami.5c19985,AI-Enabled Sensing Wristband for Student Behavior Detection.
41537304,pubmed,2026,excluded_no_abstract,item_type,,,,10.1097/js9.0000000000003040,Towards digital twin-enabled perioperative care: extending the potential of multimodal deep learning for cardiovascular risk stratification.
41529594,pubmed,2026,excluded_i_no_spacetime_structure,rules,False,True,True,10.1016/j.cmpb.2026.109240,Physiological-model-based neural network for modeling the metabolic-heart rate relationship during physical activities.
41527165,pubmed,2026,excluded_review,item_type,,,,10.1007/s00330-024-11132-5,"Artificial Intelligence in Coronary Computed Tomography: Current Applications, Future Potentials, and Real-world Challenges."
41516581,pubmed,2025,excluded_review,item_type,,,,10.30574/ijsra.2025.14.3.0731,"AI-Driven Smart Cockpit: Monitoring of Sudden Illnesses, Health Risk Intervention, and Future Prospects."
41512248,pubmed,2026,excluded_i_no_spacetime_structure,rules,False,True,True,10.1177/10556656251316084,Out of the Laboratory and Into the Clinic: Out-of-Domain Validation of Machine Learning Models for Velopharyngeal Dysfunction Detection.
41505790,pubmed,2026,excluded_review,item_type,,,,10.1016/j.procs.2024.09.603,"Technologies, Clinical Applications, and Implementation Barriers of Digital Twins in Precision Cardiology: Systematic Review."
41483546,pubmed,2026,eligible,rules,True,True,True,10.1016/j.cmpb.2025.109230,Data-driven bifurcation handling in physics-based reduced-order vascular hemodynamic models.
41463646,pubmed,2025,excluded_review,item_type,,,,10.1038/s41746-023-00823-w,Artificial Intelligence in Tetralogy of Fallot: From Prenatal Diagnosis to Lifelong Management: A Narrative Review.
41457477,pubmed,2026,excluded_review,item_type,,,,10.1111/1541-4337.70375,Toward an Intelligent Oenological System (IOS): From Automated Sensing to Active Control in Winemaking.
41456642,pubmed,2026,excluded_review,item_type,,,,10.1016/j.joca.2025.12.021,Why is there no treatment for osteoarthritis - Opportunity for AI based big data analytics to advance the field.
41448299,pubmed,2026,excluded_review,item_type,,,,10.1016/j.critrevonc.2025.105102,From diagnosis and treatment to prognosis: Clinical prospects of artificial intelligence in multimodal research of hepatocellular carcinoma.
41433178,pubmed,2025,eligible,rules,True,True,True,10.1109/jbhi.2025.3647298,Neurosymbolic Digital Twin for Cardiovascular Disease Prediction and Personalized Modeling.
41375721,pubmed,2025,excluded_review,item_type,,,,10.1136/bmj-2023-078378,Applications of Artificial Intelligence as a Prognostic Tool in the Management of Acute Aortic Syndrome and Aneurysm: A Comprehensive Review.
41371937,pubmed,2026,excluded_review,item_type,,,,10.1002/oby.70095,Artificial Intelligence Across the Obesity Continuum: From Mechanistic Insights to Global Precision Prevention and Therapy.
41355285,pubmed,2026,excluded_review,item_type,,,,10.1093/ehjci/jeaf348,Current and future use of artificial intelligence in valvular heart disease imaging.
41341463,pubmed,2025,excluded_review,item_type,,,,10.1016/j.jtbi.2012.02.002,Digital twins in healthcare: a comprehensive review and future directions.
41330373,pubmed,2026,excluded_i_no_spacetime_structure,rules,False,True,False,10.1016/j.tibs.2019.12.002,Digital twins for in vivo metabolic flux estimations in patients with brain cancer.
41315788,pubmed,2025,excluded_i_no_spacetime_structure,rules,False,True,False,10.1038/s41598-022-23361-z,Normal twin PET: personalized generative modeling for confounder correction and anomaly detection in whole-body PET/CT.
41303442,pubmed,2025,excluded_review,item_type,,,,10.1016/j.numecd.2023.05.009,"The Endocannabinoid-Microbiota-Neuroimmune Super-System: A Unifying Feedback Architecture for Systems Resilience, Collapse Trajectories, and Precision Feedback Medicine."
41298853,pubmed,2025,excluded_i_no_spacetime_structure,rules,False,True,True,10.7717/peerj-cs.2459,Detection of brain network abnormalities by graph invariants in Alzheimer's disease using MRI images.
41295206,pubmed,2025,excluded_review,item_type,,,,10.1177/2053951720948087,From Architecture to Outcomes: Mapping the Landscape of Digital Twins for Personalized Diabetes Care-A Scoping Review.
41290079,pubmed,2026,excluded_review,item_type,,,,10.1016/j.critrevonc.2025.105040,Explainable artificial intelligence for multi-modal cancer analysis: From genomics to immunology.
41283980,pubmed,2025,excluded_review,item_type,,,,10.23736/s0021-9509.25.13491-5,Artificial intelligence-based decision support systems and their role in vascular surgery and clinical practice.
41282842,pubmed,2025,excluded_i_no_spacetime_structure,rules,False,True,True,10.1101/2025.10.10.25337766,A Generative Patient Digital Twin for Sequential Treatment of Oropharyngeal Squamous Carcinomas.
41280326,pubmed,2025,excluded_review,item_type,,,,10.1161/cir.0000000000001193,Clinical phenotypes of atrial fibrillation: A review of machine learning applications in personalized treatment.
41272032,pubmed,2025,excluded_review,item_type,,,,10.1038/s41586-023-06415-8,Leveraging artificial intelligence in antibody-drug conjugate development: from target identification to clinical translation in oncology.
41269887,pubmed,2025,excluded_review,item_type,,,,10.1177/03331024251395541,The promise of artificial intelligence and machine learning for migraine treatment outcome prediction: A narrative review.
41269845,pubmed,2026,excluded_i_no_spacetime_structure,rules,False,True,False,10.1109/tbme.2025.3635264,Data Augmentation via Digital Twins to Develop Personalized Deep Learning Glucose Prediction Algorithms for Type 1 Diabetes in Poor Data Context.
41255540,pubmed,2025,excluded_review,item_type,,,,10.1056/ai-s2400951,Harnessing gut-derived bioactives and AI diagnostics for the next generation of type 2 diabetes solutions.
41253896,pubmed,2025,excluded_i_no_spacetime_structure,rules,False,True,True,10.1038/s41598-025-97258-y,Machine learning glucose forecasting models for septic patients.
41249625,pubmed,2026,excluded_i_no_spacetime_structure,rules,False,True,True,10.1088/2516-1091/acdc71,Weaving the Digital Tapestry: Methods for Emulating Cohorts of Cardiac Digital Twins Using Gaussian Processes.
41241791,pubmed,2026,excluded_review,item_type,,,,10.1080/03639045.2025.2590707,The Future trends of Artificial Intelligence and innovative technologies in the new era of pharmaceutical sciences and Industry 4.0.
41238324,pubmed,2025,excluded_review,item_type,,,,10.1016/j.neurol.2025.07.011,Artificial intelligence in presymptomatic neurological diseases: Bridging normal variation and prodromal signatures.
41226952,pubmed,2025,excluded_review,item_type,,,,10.48550/arxiv.2410.04560,"Toward Artificial Intelligence in Oncology and Cardiology: A Narrative Review of Systems, Challenges, and Opportunities."
41192800,pubmed,2026,excluded_review,item_type,,,,10.1016/j.arr.2025.102931,AI-driven aging digital twins: A roadmap for clinical translation in precision geriatrics.
41174586,pubmed,2025,excluded_i_no_spacetime_structure,rules,False,True,False,10.1016/s2468-2667(23)00269-4,Digital intelligence for cardiometabolic health management in older adults: protocol for a community-based prospective cohort study.
41163310,pubmed,2025,excluded_review,item_type,,,,10.1016/j.nut.2023.112002,"AI-Driven Personalized Nutrition: Integrating Omics, Ethics, and Digital Health."
41161917,pubmed,2025,excluded_review,item_type,,,,10.1016/j.jcin.2025.08.031,Artificial Intelligence in Valvular Heart Disease: Innovations and Future Directions.
41155101,pubmed,2025,excluded_review,item_type,,,,10.11124/jbies-24-00042,Artificial Intelligence in Cardiac Electrophysiology: A Clinically Oriented Review with Engineering Primers.
41149170,pubmed,2025,excluded_review,item_type,,,,10.3389/fneur.2024.1413071,Digital Twin Cognition: AI-Biomarker Integration in Biomimetic Neuropsychology.
41143308,pubmed,2025,excluded_review,item_type,,,,10.1714/4585.45926,[Heart and innovation: application of synthetic artificial intelligence in cardiology].
41126432,pubmed,2025,excluded_i_no_spacetime_structure,rules,False,True,False,10.1002/cnm.70109,Real-Time Prediction of Coupled Electric and Temperature Fields in Radiofrequency Ablation: A Physics-Integrated Neural Network Approach.
41109825,pubmed,2025,excluded_review,item_type,,,,10.1016/j.blre.2025.101340,Artificial intelligence in myeloid malignancies: Clinical applications of machine learning in myelodysplastic syndromes and acute myeloid Leukemia.
41095064,pubmed,2025,excluded_ii_not_human_health,rules,False,False,True,10.1007/s10462-025-11303-w,PINN-DT: Optimizing Energy Consumption in Smart Building Using Hybrid Physics-Informed Neural Networks and Digital Twin Framework with Blockchain Security.
41094973,pubmed,2025,excluded_ii_not_human_health,rules,False,False,True,10.48550/arxiv.1706.05587,PoseNeRF: In Situ 3D Reconstruction Method Based on Joint Optimization of Pose and Neural Radiation Field for Smooth and Weakly Textured Aeroengine Blade.
41094803,pubmed,2025,excluded_ii_not_human_health,rules,True,False,False,10.1016/b978-0-12-817630-6.00003-5,Digital Twin-Based Intelligent Monitoring System for Robotic Wiring Process.
41080840,pubmed,2025,excluded_ii_not_human_health,rules,False,False,False,10.1007/s40747-024-01683-x,Can digital twin technology revolutionize public health emergency management? Insights from the PPRR framework.
41068008,pubmed,2026,excluded_ii_not_human_health,rules,False,False,False,10.1016/j.isatra.2025.09.030,A methodology to develop and manage data-driven models for marine engine long-term health prognosis.
41034564,pubmed,2025,excluded_i_no_spacetime_structure,rules,False,True,True,10.1371/journal.pdig.0000651,Large language models forecast patient health trajectories enabling digital twins.
41000410,pubmed,2025,excluded_i_no_spacetime_structure,rules,False,True,False,10.1021/acssensors.8b01549,AI: the Apollo guidance computer of the Exposome moonshot.
40989444,pubmed,2025,excluded_review,item_type,,,,10.1162/106365600568202,"Multi-objective optimization for smart cities: a systematic review of algorithms, challenges, and future directions."
40989316,pubmed,2025,excluded_ii_not_human_health,rules,False,False,True,10.1016/j.dcan.2023.03.008,DDoS attack detection in Edge-IIoT digital twin environment using deep learning approach.
40985002,pubmed,2025,excluded_review,item_type,,,,10.1093/ehjdh/ztaf086,Artificial intelligence applications in hypertrophic cardiomyopathy: turns and loopholes.
40981526,pubmed,2025,excluded_i_no_spacetime_structure,rules,False,True,True,10.1093/jamia/ocaf127,Toward digital twins in the intensive care unit: a medication management case study.
40973176,pubmed,2025,excluded_i_no_spacetime_structure,rules,False,True,True,10.1113/jp288001,Ensemble learning of the atrial fibre orientation with physics-informed neural networks.
40950065,pubmed,2025,excluded_i_no_spacetime_structure,rules,False,True,False,10.1093/toxsci/kft113,Large-scale synthetic data enable digital twins of human excitable cells.
40942695,pubmed,2025,excluded_review,item_type,,,,10.3390/buildings15010021,"AI-Powered Building Ecosystems: A Narrative Mapping Review on the Integration of Digital Twins and LLMs for Proactive Comfort, IEQ, and Energy Management."
40921531,pubmed,2025,excluded_review,item_type,,,,10.1016/bs.pmbts.2025.06.012,Artificial intelligence in wearable biosensing: Enhancing data analysis and decision-making.
40895288,pubmed,2025,excluded_review,item_type,,,,10.1016/j.csbj.2025.08.005,"Computational modeling of drug-eluting balloons in peripheral artery disease: Mechanisms, optimization, and translational insights."
40871015,pubmed,2025,excluded_review,item_type,,,,10.1101/2024.11.03.621713,Artificial Intelligence-Driven Strategies for Targeted Delivery and Enhanced Stability of RNA-Based Lipid Nanoparticle Cancer Vaccines.
40869542,pubmed,2025,eligible,rules,True,True,True,10.1016/j.semarthrit.2025.152741,A Digital Twin Strategy to Predict Thrombotic Recurrence in Antiphospholipid Syndrome Patients Treated with Direct Oral Anticoagulants vs. Vitamin K Antagonists Using Data from Real-World Populations.
40780155,pubmed,2025,excluded_review,item_type,,,,10.1016/j.jenvman.2025.126886,Application of AI-based techniques for anomaly management in wastewater treatment plants: A review.
40762974,pubmed,2025,excluded_i_no_spacetime_structure,rules,False,True,False,10.3390/s23125663,Digital Twins for Personalized Medicine Require Epidemiological Data and Mathematical Modeling: Viewpoint.
40730645,pubmed,2025,excluded_iii_no_quantitative_comparison,rules,True,True,False,10.1038/s41746-025-01890-x,Physics-informed machine learning digital twin for reconstructing prostate cancer tumor growth via PSA tests.
40722756,pubmed,2025,excluded_review,item_type,,,,10.1093/jamia/ocy052,Artificial Intelligence and ECG: A New Frontier in Cardiac Diagnostics and Prevention.
40703444,pubmed,2025,excluded_review,item_type,,,,10.2337/diacare.26.11.3093,Generative artificial intelligence in diabetes healthcare.
40687630,pubmed,2025,excluded_review,item_type,,,,10.1177/15598276251359185,Artificial Intelligence Enabled Lifestyle Medicine in Diabetes Care: A Narrative Review.
40681639,pubmed,2025,excluded_ii_not_human_health,rules,False,False,True,10.1038/s41598-025-09760-y,A synergistic approach using digital twins and statistical machine learning for intelligent residential energy modelling.
40676342,pubmed,2025,excluded_i_no_spacetime_structure,rules,False,True,False,10.1016/j.imavis.2022.104531,Landmark-free automatic digital twin registration in robot-assisted partial nephrectomy using a generic end-to-end model.
40671956,pubmed,2025,excluded_i_no_spacetime_structure,rules,False,True,True,,A Digital Twin Framework for Adaptive Treatment Planning in Radiotherapy.
40650464,pubmed,2026,excluded_i_no_spacetime_structure,rules,False,True,False,10.1177/00220345251347508,Deep Learning Photo Processing for Periodontitis Screening.
40634515,pubmed,2025,excluded_ii_not_human_health,rules,False,False,True,10.1108/sasbe-09-2022-0192/full/html,Digital twin based deep learning framework for personalized thermal comfort prediction and energy efficient operation in smart buildings.
40628887,pubmed,2025,excluded_i_no_spacetime_structure,rules,False,True,False,10.1007/s00405-024-08662-5,Design and analysis of TwinCardio framework to detect and monitor cardiovascular diseases using digital twin and deep neural network.
40599184,pubmed,2025,excluded_review,item_type,,,,10.3748/wjg.v31.i24.108021,Revolutionizing gastroenterology and hepatology with artificial intelligence: From precision diagnosis to equitable healthcare through interdisciplinary practice.
40568069,pubmed,2025,excluded_i_no_spacetime_structure,rules,False,True,False,10.1101/2025.02.21.639518,Donor-Specific Digital Twin for Living Donor Liver Transplant Recovery.
40554056,pubmed,2025,excluded_i_no_spacetime_structure,rules,False,True,True,10.1016/j.compbiomed.2025.110492,Reconstructing cerebral hemodynamics from sparse data using Neural Operator Transformers.
40542657,pubmed,2025,excluded_ii_not_human_health,rules,False,False,True,10.1002/btpr.70051,Innovating cell culture process development with deep learning-powered robotic experimentation using the first Industrial Smart Lab Framework.
40516197,pubmed,2025,excluded_i_no_spacetime_structure,rules,False,True,False,10.1016/j.jclinane.2025.111898,Application of deep learning-based facial pain recognition model for postoperative pain assessment.
40486178,pubmed,2025,excluded_iii_no_quantitative_comparison,rules,True,True,False,10.1093/biomethods/bpaf037,Donor-specific digital twin for living donor liver transplant recovery.
40473100,pubmed,2025,excluded_iii_no_quantitative_comparison,rules,True,True,False,10.1016/j.mbs.2025.109468,Patient-specific prediction of glioblastoma growth via reduced order modeling and neural networks.
40461583,pubmed,2025,excluded_ii_not_human_health,rules,False,False,True,10.1038/s41598-025-03952-2,Remaining useful life prediction method of centrifugal pump rolling bearings based on digital twins.
40430173,pubmed,2025,excluded_review,item_type,,,,10.1093/jac/dkab324,Role of Artificial Intelligence and Personalized Medicine in Enhancing HIV Management and Treatment Outcomes.
40415515,pubmed,2025,excluded_review,item_type,,,,10.1002/jor.26109,AI in Orthopedic Research: A Comprehensive Review.
40402414,pubmed,2025,excluded_review,item_type,,,,10.3389/fncom.2019.00058,"Artificial intelligence in neuro-oncology: methodological bases, practical applications and ethical and regulatory issues."
40360731,pubmed,2025,eligible,rules,True,True,True,10.1016/j.csda.2003.11.027,"Integrating personalized shape prediction, biomechanical modeling, and wearables for bone stress prediction in runners."
40347915,pubmed,2025,excluded_i_no_spacetime_structure,rules,False,True,False,10.1016/j.media.2025.103636,XCAT 3.0: A comprehensive library of personalized digital twins derived from CT scans.
40347618,pubmed,2025,excluded_review,item_type,,,,10.1016/j.cmpb.2025.108804,A systematic review of AI as a digital twin for prostate cancer care.
40283559,pubmed,2025,excluded_review,item_type,,,,10.1016/s0140-6736(20)30226-9,Artificial Intelligence in Thoracic Surgery: A Review Bridging Innovation and Clinical Practice for the Next Generation of Surgical Care.
40259027,pubmed,2025,excluded_i_no_spacetime_structure,rules,False,True,True,10.1016/j.apergo.2023.103969,Cognitive load classification of mixed reality human computer interaction tasks based on multimodal sensor signals.
40235596,pubmed,2025,excluded_ii_not_human_health,rules,False,False,True,10.48550/arxiv.1705.02894,Adaptive Multiobjective Evolutionary Generative Adversarial Network for Metaverse Network Intrusion Detection.
40225559,pubmed,2025,excluded_review,item_type,,,,10.7150/thno.108552,Artificial intelligence in chronic kidney disease management: a scoping review.
40218596,pubmed,2025,excluded_i_no_spacetime_structure,rules,False,True,True,10.1016/j.bspc.2020.102393,Optimizing Depression Classification Using Combined Datasets and Hyperparameter Tuning with Optuna.
40209556,pubmed,2025,excluded_i_no_spacetime_structure,rules,False,True,True,10.1038/s43856-024-00674-w,Virtual lung screening trial (VLST): An in silico study inspired by the national lung screening trial for lung cancer detection.
40190045,pubmed,2025,excluded_i_no_spacetime_structure,rules,False,True,False,10.1002/smll.202500643,Hybrid Electromagnetic-Triboelectric Hip Energy Harvester for Wearables and AI-Assisted Motion Monitoring.
40172551,pubmed,2025,excluded_i_no_spacetime_structure,rules,False,True,False,10.1137/0714068,InVAErt networks for amortized inference and identifiability analysis of lumped-parameter haemodynamic models.
40101583,pubmed,2025,excluded_ii_not_human_health,rules,False,False,True,10.1016/j.compbiomed.2025.109970,"Revolutionizing biological digital twins: Integrating internet of bio-nano things, convolutional neural networks, and federated learning."
40087789,pubmed,2025,excluded_review,item_type,,,,10.3390/ijms232113217,Integrating artificial intelligence in drug discovery and early drug development: a transformative approach.
40078154,pubmed,2025,excluded_i_no_spacetime_structure,rules,False,True,True,10.1016/j.arbres.2023.07.018,Control of medical digital twins with artificial neural networks.
40078150,pubmed,2025,excluded_i_no_spacetime_structure,rules,False,True,False,10.5281/zenodo.14201444,Quantification of total uncertainty in the physics-informed reconstruction of CVSim-6 physiology.
40043194,pubmed,2025,excluded_ii_not_human_health,rules,False,False,False,10.1021/acs.est.4c12835,Predicting Membrane Fouling of Submerged Membrane Bioreactor Wastewater Treatment Plants Using Machine Learning.
39984835,pubmed,2025,excluded_review,item_type,,,,10.1038/s41551-022-00898-y,Externally validated and clinically useful machine learning algorithms to support patient-related decision-making in oncology: a scoping review.
39984725,pubmed,2025,excluded_i_no_spacetime_structure,rules,False,True,False,10.1111/j.1467-9868.2010.00740.x,Foundations of a knee joint digital twin from qMRI biomarkers for osteoarthritis and knee replacement.
39926086,pubmed,2025,excluded_review,item_type,,,,10.31662/jmaj.2024-0213,"The Era of Preemptive Medicine: Developing Medical Digital Twins through Omics, IoT, and AI Integration."
39892686,pubmed,2025,excluded_iii_no_quantitative_comparison,rules,True,True,False,10.1016/j.abb.2025.110323,Neural-symbolic hybrid model for myosin complex in cardiac ventriculum decodes structural bases for inheritable heart disease from its genetic encoding.
39797003,pubmed,2025,excluded_ii_not_human_health,rules,False,False,False,10.3390/s24196335,"Cybersecurity Solutions for Industrial Internet of Things-Edge Computing Integration: Challenges, Threats, and Future Directions."
39779771,pubmed,2025,excluded_ii_not_human_health,rules,False,False,True,10.1080/03772063.2022.20487145,Predecting power transformer health index and life expectation based on digital twins and multitask LSTM-GRU model.
39759358,pubmed,2024,excluded_review,item_type,,,,10.36001/phmconf.2018.v10i1.245,How does Prognostics and Health Management (PHM) develop in the engineering domain: A bibliometric analysis with critical review.
39740474,pubmed,2025,excluded_iii_no_quantitative_comparison,rules,True,True,False,10.1016/j.media.2024.103434,2D echocardiography video to 3D heart shape reconstruction for clinical application.
39669390,pubmed,2024,excluded_i_no_spacetime_structure,rules,False,True,True,10.1007/s11517-024-03111-1,A multimodal model in the prediction of the delivery mode using data from a digital twin-empowered labor monitoring system.
39629824,pubmed,2025,excluded_review,item_type,,,,10.1097/bsd.0000000000001748,A Comprehensive Exploration of Digital Twinning in Spine Surgery.
39622083,pubmed,2024,excluded_i_no_spacetime_structure,rules,False,True,True,10.1088/2057-1976/ad992c,Digital Twin for EEG seizure prediction using time reassigned Multisynchrosqueezing transform-based CNN-BiLSTM-Attention mechanism model.
39530111,pubmed,2024,excluded_i_no_spacetime_structure,rules,False,True,False,10.1016/j.jse.2023.09.021,Leveraging digital twins for improved orthopaedic evaluation and treatment.
39504133,pubmed,2024,excluded_i_no_spacetime_structure,rules,False,True,True,10.1088/2057-1976/ad8c47,Multi-level digital-twin models of pulmonary mechanics: correlation analysis of 3D CT lung volume and 2D Chest motion.
39456855,pubmed,2024,excluded_review,item_type,,,,10.1371/journal.pcbi.0030199,Proliferative Vitreoretinopathy in Retinal Detachment: Perspectives on Building a Digital Twin Model Using Nintedanib.
39453795,pubmed,2025,excluded_review,item_type,,,,10.1109/rbme.2024.3486439,Solving the Inverse Problem of Electrocardiography for Cardiac Digital Twins: A Survey.
39426139,pubmed,2024,excluded_i_no_spacetime_structure,rules,False,True,False,10.1016/j.cmpb.2024.108459,Smart monitoring solution for dengue infection control: A digital twin-inspired approach.
39322420,pubmed,2024,excluded_review,item_type,,,,10.2196/49003,Cardiovascular care with digital twin technology in the era of generative artificial intelligence.
39300918,pubmed,2024,excluded_review,item_type,,,,10.1080/08820538.2024.2403436,"Diagnosing Cataracts in the Digital Age: A Survey on AI, Metaverse, and Digital Twin Applications."
39291457,pubmed,2025,excluded_iii_no_quantitative_comparison,rules,True,True,False,10.1002/btpr.3503,Hybrid modeling for in silico optimization of a dynamic perfusion cell culture process.
39271273,pubmed,2024,excluded_review,item_type,,,,10.1016/j.ijrobp.2023.11.059,Data Science Opportunities To Improve Radiotherapy Planning and Clinical Decision Making.
39233690,pubmed,2024,excluded_review,item_type,,,,10.48550/arxiv.2203.02155,Concepts and applications of digital twins in healthcare and medicine.
39195570,pubmed,2024,excluded_i_no_spacetime_structure,rules,False,True,False,10.48550/arxiv.2306.05685,Viability of Open Large Language Models for Clinical Documentation in German Health Care: Real-World Model Evaluation Study.
39192505,pubmed,2024,excluded_i_no_spacetime_structure,rules,False,True,False,10.1097/rlu.0000000000005400,Organomics: A Concept Reflecting the Importance of PET/CT Healthy Organ Radiomics in Non-Small Cell Lung Cancer Prognosis Prediction Using Machine Learning.
39184536,pubmed,2024,excluded_i_no_spacetime_structure,rules,False,True,False,,Quantification of total uncertainty in the physics-informed reconstruction of CVSim-6 physiology.
39063931,pubmed,2024,excluded_review,item_type,,,,10.21037/atm.2017.07.20,"Electrical Impedance Tomography, Artificial Intelligence, and Variable Ventilation: Transforming Respiratory Monitoring and Treatment in Critical Care."
39001036,pubmed,2024,excluded_ii_not_human_health,rules,False,False,False,10.1016/j.engfailanal.2017.10.012,Anomaly Detection and Remaining Useful Life Estimation for the Health and Usage Monitoring Systems 2023 Data Challenge.
38835246,pubmed,2024,excluded_i_no_spacetime_structure,rules,False,True,False,10.5281/zenodo.10809882,Digital twinning of cardiac electrophysiology for congenital heart disease.
38701648,pubmed,2024,excluded_ii_not_human_health,rules,False,False,False,10.1016/j.ultras.2024.107325,A physics-embedded deep-learning framework for efficient multi-fidelity modeling applied to guided wave based structural health monitoring.
38699170,pubmed,2025,excluded_i_no_spacetime_structure,rules,False,True,True,10.1016/j.media.2017.06.015,Virtual Lung Screening Trial (VLST): An In Silico Study Inspired by the National Lung Screening Trial for Lung Cancer Detection.
38610304,pubmed,2024,excluded_ii_not_human_health,rules,False,False,True,10.3390/s18010298,Application of Response Surface-Corrected Finite Element Model and Bayesian Neural Networks to Predict the Dynamic Response of Forth Road Bridges under Strong Winds.
38605089,pubmed,2024,excluded_iii_no_quantitative_comparison,rules,True,True,False,10.21105/joss.00097,Whole-heart electromechanical simulations using Latent Neural Ordinary Differential Equations.
38575951,pubmed,2024,excluded_ii_not_human_health,rules,False,False,True,10.1016/j.neunet.2023.03.026,Hybrid disease prediction approach leveraging digital twin and metaverse technologies for health consumer.
38562787,pubmed,2024,excluded_i_no_spacetime_structure,rules,False,True,False,10.1101/2024.03.18.585589,Control of Medical Digital Twins with Artificial Neural Networks.
38562447,pubmed,2024,excluded_i_no_spacetime_structure,rules,False,True,False,,Control of Medical Digital Twins with Artificial Neural Networks.
38544354,pubmed,2024,excluded_i_no_spacetime_structure,rules,False,True,False,10.1002/cnm.3820,A probabilistic neural twin for treatment planning in peripheral pulmonary artery stenosis.
38481751,pubmed,2024,excluded_ii_not_human_health,rules,False,False,True,10.1016/j.watres.2017.10.053,Feature Engineering and Supervised Machine Learning to Forecast Biogas Production during Municipal Anaerobic Co-Digestion.
38438436,pubmed,2024,excluded_i_no_spacetime_structure,rules,False,True,True,10.1037/h0026256,Critical evaluation of artificial intelligence as a digital twin of pathologists for prostate cancer pathology.
38400500,pubmed,2024,excluded_ii_not_human_health,rules,False,False,False,10.3390/s20174794,Extending the Framework for Developing Intelligent Virtual Environments (FIVE) with Artifacts for Modeling Internet of Things Devices and a New Decentralized Federated Learning Based on Consensus for Dynamic Networks.
38339678,pubmed,2024,excluded_i_no_spacetime_structure,rules,False,True,False,10.3390/app13137623,Lung-DT: An AI-Powered Digital Twin Framework for Thoracic Health Monitoring and Diagnosis.
38298866,pubmed,2024,excluded_i_no_spacetime_structure,rules,False,True,False,10.1007/s11263-015-0816-y,Resolution-enhanced multi-core fiber imaging learned on a digital twin for cancer diagnosis.
42261487,pubmed,2024,excluded_i_no_spacetime_structure,rules,False,True,False,10.34133/icomputing.0055,Towards tDCS Digital Twins using Deep Learning-based Direct Estimation of Personalized Electrical Field Maps from T1-Weighted MRI.
38139747,pubmed,2023,excluded_ii_not_human_health,rules,True,False,True,10.1186/s40638-016-0053-z,Cyber-WISE: A Cyber-Physical Deep Wireless Indoor Positioning System and Digital Twin Approach.
38135987,pubmed,2023,excluded_i_no_spacetime_structure,rules,False,True,False,10.17632/k57fr854j2.2,Discovery Viewer (DV): Web-Based Medical AI Model Development Platform and Deployment Hub.
38110422,pubmed,2023,excluded_ii_not_human_health,rules,False,False,True,10.1007/s00521-022-07229-x,Elderly and visually impaired indoor activity monitoring based on Wi-Fi and Deep Hybrid convolutional neural network.
38106918,pubmed,2023,excluded_iii_no_quantitative_comparison,rules,True,True,False,10.6084/m9.figshare.c.6960068,Simultaneous data assimilation and cardiac electrophysiology model correction using differentiable physics and deep learning.
38076810,pubmed,2023,excluded_i_no_spacetime_structure,rules,False,True,False,10.1101/2023.11.27.568942,Digital twinning of cardiac electrophysiology for congenital heart disease.
38061156,pubmed,2024,excluded_i_no_spacetime_structure,rules,False,True,False,10.1016/j.compbiomed.2023.107825,Novel statistical time series data augmentation and machine learning based classification of unobtrusive respiration data for respiration Digital Twin model.
37960524,pubmed,2023,excluded_review,item_type,,,,10.1016/j.cirp.2018.04.055,"Deep Learning for Structural Health Monitoring: Data, Algorithms, Applications, Challenges, and Trends."
37938947,pubmed,2024,excluded_i_no_spacetime_structure,rules,False,True,False,10.1109/tmi.2023.3331198,Moving Beyond Simulation: Data-Driven Quantitative Photoacoustic Imaging Using Tissue-Mimicking Phantoms.
37887602,pubmed,2023,excluded_i_no_spacetime_structure,rules,False,True,True,10.1016/j.inffus.2021.11.006,Human Posture Transition-Time Detection Based upon Inertial Measurement Unit and Long Short-Term Memory Neural Networks.
37887266,pubmed,2024,excluded_review,item_type,,,,10.1080/17460441.2023.2273839,Generative artificial intelligence empowers digital twins in drug discovery and clinical trials.
37872974,pubmed,2024,excluded_iii_no_quantitative_comparison,rules,True,True,False,10.1016/j.cma.2023.116499,Branched Latent Neural Maps.
37857173,pubmed,2024,excluded_review,item_type,,,,10.1016/j.neunet.2023.10.005,Elucidating multifinal and equifinal pathways to developmental disorders by constructing real-world neurorobotic models.
37790857,pubmed,2023,excluded_ii_not_human_health,rules,False,False,False,10.1002/bit.27120,Steps toward a digital twin for functional food production with increased health benefits.
37734067,pubmed,2023,excluded_i_no_spacetime_structure,rules,False,True,False,10.24875/ric.23000162,Is generative artificial intelligence the next step toward a personalized hemodialysis?
37664424,pubmed,2023,excluded_non_research,item_type,,,,10.21037/atm-20-5660,"Editorial: Diagnosis, monitoring, and treatment of heart rhythm: new insights and novel computational methods."
37633032,pubmed,2023,excluded_i_no_spacetime_structure,rules,False,True,False,10.1007/978-3-319-33383-0_5,CardioVision: A fully automated deep learning package for medical image segmentation and reconstruction generating digital twins for patients with aortic stenosis.
37623505,pubmed,2023,excluded_review,item_type,,,,10.2196/33081,Intelligent Digital Twins for Personalized Migraine Care.
37552590,pubmed,2026,excluded_i_no_spacetime_structure,rules,False,True,False,10.1109/jbhi.2023.3303401,DTQFL: A Digital Twin-Assisted Quantum Federated Learning Algorithm for Intelligent Diagnosis in 5G Mobile Network.
37547101,pubmed,2023,excluded_i_no_spacetime_structure,rules,False,True,False,10.3390/brainsci9020034,STRIDE: Systematic Radar Intelligence Analysis for ADRD Risk Evaluation with Gait Signature Simulation and Deep Learning.
37523784,pubmed,2023,excluded_ii_not_human_health,rules,False,False,False,10.1021/acsnano.3c05253,Deep-Learning Enabled Active Biomimetic Multifunctional Hydrogel Electronic Skin.
37382900,pubmed,2023,excluded_i_no_spacetime_structure,rules,False,True,False,10.1007/s11340-020-00656-8,A Computational Pipeline for Patient-Specific Prediction of the Postoperative Mitral Valve Functional State.
37299800,pubmed,2023,excluded_ii_not_human_health,rules,False,False,False,10.1109/access.2022.3179968,Trends and Challenges in AIoT/IIoT/IoT Implementation.
37189587,pubmed,2023,excluded_i_no_spacetime_structure,rules,False,True,False,10.1002/(sici)1097-4571(199401)45:1<12::aid-asi2>3.0.co;2-l,Metaverse and Medical Diagnosis: A Blockchain-Based Digital Twinning Approach Based on MobileNetV2 Algorithm for Cervical Vertebral Maturation.
37134028,pubmed,2023,excluded_i_no_spacetime_structure,rules,False,True,False,10.1109/jbhi.2023.3271615,GluGAN: Generating Personalized Glucose Time Series Using Generative Adversarial Networks.
37099463,pubmed,2023,excluded_i_no_spacetime_structure,rules,False,True,True,10.1109/tbme.2023.3270532,Toward Real-World Voice Disorder Classification.
37030076,pubmed,2023,excluded_i_no_spacetime_structure,rules,False,True,False,10.1016/j.nucmedbio.2023.108337,The emerging role of artificial intelligence and digital twins in pre-clinical molecular imaging.
37028038,pubmed,2024,excluded_i_no_spacetime_structure,rules,False,True,True,10.1109/tcbb.2023.3252668,Deep Learning-Empowered Clinical Big Data Analytics in Healthcare Digital Twins.
36983097,pubmed,2023,excluded_i_no_spacetime_structure,rules,False,True,False,10.1109/tcst.2017.2728004,Human Digital Twin for Personalized Elderly Type 2 Diabetes Management.
36959193,pubmed,2023,excluded_i_no_spacetime_structure,rules,False,True,False,10.1023/a:1007327622663,A myoelectric digital twin for fast and realistic modelling in deep learning.
36904199,pubmed,2023,excluded_ii_not_human_health,rules,False,False,True,10.1038/s41567-018-0131-y,Putting the Personalized Metabolic Avatar into Production: A Comparison between Deep-Learning and Statistical Models for Weight Prediction.
36773593,pubmed,2023,excluded_i_no_spacetime_structure,rules,False,True,False,10.1016/j.cmpb.2023.107402,Fast and robust parameter estimation with uncertainty quantification for the cardiac function.
36359668,pubmed,2022,excluded_ii_not_human_health,rules,False,False,True,10.1109/tie.2019.2959492,Research on Remaining Useful Life Prediction Method of Rolling Bearing Based on Digital Twin.
36357557,pubmed,2022,excluded_i_no_spacetime_structure,rules,False,True,True,10.1145/3148149,SimTune: bridging the simulator reality gap for resource management in edge-cloud computing.
36236216,pubmed,2022,excluded_ii_not_human_health,rules,False,False,False,10.1515/itms-2017-0003,AI Based Digital Twin Model for Cattle Caring.
36207616,pubmed,2023,excluded_i_no_spacetime_structure,rules,False,True,False,10.1186/gb-2005-6-5-r46,Patterns in the Public Square: Reference Models for Regulatory Science.
36121054,pubmed,2022,excluded_i_no_spacetime_structure,rules,False,True,True,10.1177/09544119221123431,An AI based digital-twin for prioritising pneumonia patient treatment.
36120180,pubmed,2023,excluded_review,item_type,,,,10.1093/nar/gky399,Popular deep learning algorithms for disease prediction: a review.
36093491,pubmed,2022,excluded_ii_not_human_health,rules,False,False,False,10.1049/hve.2019.0157,Health State Assessment of Industrial Equipment Driven by the Fusion of Digital Twin Model and Intelligent Algorithm.
36015892,pubmed,2022,excluded_ii_not_human_health,rules,False,False,False,10.1109/access.2020.3036728,A Blockchain-Enabled Secure Digital Twin Framework for Early Botnet Detection in IIoT Environment.
35972808,pubmed,2022,excluded_iii_no_quantitative_comparison,rules,True,True,False,10.1186/s40537-016-0043-6,A Feature-Encoded Physics-Informed Parameter Identification Neural Network for Musculoskeletal Systems.
35794172,pubmed,2022,excluded_i_no_spacetime_structure,rules,False,True,True,10.1371/journal.pone.0162702,"Vision transformer and explainable transfer learning models for auto detection of kidney cyst, stone and tumor from CT-radiography."
35403831,pubmed,2022,excluded_i_no_spacetime_structure,rules,False,True,False,10.1029/2008wr007621,Toward an artificial intelligence-assisted framework for reconstructing the digital twin of vertebra and predicting its fracture response.
35347880,pubmed,2022,excluded_iii_no_quantitative_comparison,rules,True,True,False,10.1002/cnm.3600,A digital twin for simulating the vertebroplasty procedure and its impact on mechanical stability of vertebra in cancer patients.
35310959,pubmed,2022,excluded_i_no_spacetime_structure,rules,False,True,True,10.1145/2838931.2838936,Developing a Cancer Digital Twin: Supervised Metastases Detection From Consecutive Structured Radiology Reports.
35290192,pubmed,2023,excluded_iii_no_quantitative_comparison,rules,True,True,False,10.1109/jbhi.2022.3158897,HDL: Hybrid Deep Learning for the Synthesis of Myocardial Velocity Maps in Digital Twins for Cardiac Analysis.
35225723,pubmed,2022,excluded_ii_not_human_health,rules,False,False,False,10.1080/07357907.2022.2044842,Rapid Progress in Intelligent Radiotherapy and Future Implementation.
35017794,pubmed,2023,excluded_ii_not_human_health,rules,False,False,False,10.3390/s19153287,DeepClassRooms: a deep learning based digital twin framework for on-campus class rooms.
37522135,pubmed,2022,excluded_ii_not_human_health,rules,False,False,False,10.1109/tits.2019.2955794,Prospective for urban informatics.
34926630,pubmed,2021,excluded_i_no_spacetime_structure,rules,False,True,False,10.1016/j.ijcard.2020.05.059,Medicine-Based Evidence in Congenital Heart Disease: How Artificial Intelligence Can Guide Treatment Decisions for Individual Patients.
34716306,pubmed,2021,excluded_non_research,item_type,,,,10.5281/zenodo.5353394,3D printed biomimetic cochleae and machine learning co-modelling provides clinical informatics for cochlear implant patients.
34689630,pubmed,2021,excluded_i_no_spacetime_structure,rules,False,True,False,10.1002/mrm.28267,A completely automated pipeline for 3D reconstruction of human heart from 2D cine magnetic resonance slices.
34603366,pubmed,2021,excluded_iii_no_quantitative_comparison,rules,True,True,False,10.1093/bioinformatics/bty294,Graph Representation Forecasting of Patient's Medical Conditions: Toward a Digital Twin.
34577203,pubmed,2021,excluded_ii_not_human_health,rules,False,False,False,10.1016/j.compeleceng.2013.11.024,Smart Prognostics and Health Management (SPHM) in Smart Manufacturing: An Interoperable Framework.
34393718,pubmed,2021,excluded_i_no_spacetime_structure,rules,False,True,True,10.1364/oe.410428,Fuzzy System Based Medical Image Processing for Brain Disease Prediction.
34139331,pubmed,2021,excluded_i_no_spacetime_structure,rules,False,True,True,10.1016/j.jbi.2021.103840,Treatment initiation prediction by EHR mapped PPD tensor based convolutional neural networks boosting algorithm.
34103684,pubmed,2021,excluded_review,item_type,,,,10.1038/s41388-021-01861-y,How artificial intelligence might disrupt diagnostics in hematology in the near future.
33064221,pubmed,2021,excluded_i_no_spacetime_structure,rules,False,True,False,10.1136/jms.9.3.125,Towards enabling a cardiovascular digital twin for human systemic circulation using inverse analysis.
31854524,pubmed,2019,excluded_i_no_spacetime_structure,rules,False,True,False,10.3969/j.issn.1671-7104.2019.06.005,[Application and Research of Digital Twin Technology in Safety and Health Monitoring of the Elderly in Community].
31645301,pubmed,2019,excluded_i_no_spacetime_structure,rules,False,True,False,10.1016/j.canrad.2019.08.005,[Basis and perspectives of artificial intelligence in radiation therapy].
